path,size_bytes,sha256_if_available,artifact_type,required_for_reported_numbers,required_for_full_training_reproduction,license_note,release_action
models/banglabert_seed137/config.json,887,9be40e4eb31eccfffc09d307f098be1a75c63ce61b3a54aebf140e10232142c4,banglabert_checkpoint_or_tokenizer_artifact,False,True,REQUIRES AUTHOR VERIFICATION,DOCUMENT_ONLY_OR_EXTERNALLY_PIN
models/banglabert_seed137/model.safetensors,442499648,bba965aaf2b4e6459e18f66a8faee009d71877aa2da2e6320695a315dd5a7140,banglabert_checkpoint_or_tokenizer_artifact,False,True,REQUIRES AUTHOR VERIFICATION,DOCUMENT_ONLY_OR_EXTERNALLY_PIN
models/banglabert_seed137/tokenizer.json,1031938,04137253024e722415332f9b3fddd9f2578ae19b94d303424644ffc994f47b8a,banglabert_checkpoint_or_tokenizer_artifact,False,True,REQUIRES AUTHOR VERIFICATION,DOCUMENT_ONLY_OR_EXTERNALLY_PIN
models/banglabert_seed137/tokenizer_config.json,383,88dbffe3c8f3fb5c2d92fbf75474632d2d21c3b14b09faf857cce20b1edc6117,banglabert_checkpoint_or_tokenizer_artifact,False,True,REQUIRES AUTHOR VERIFICATION,DOCUMENT_ONLY_OR_EXTERNALLY_PIN
models/banglabert_seed2718/config.json,887,9be40e4eb31eccfffc09d307f098be1a75c63ce61b3a54aebf140e10232142c4,banglabert_checkpoint_or_tokenizer_artifact,False,True,REQUIRES AUTHOR VERIFICATION,DOCUMENT_ONLY_OR_EXTERNALLY_PIN
models/banglabert_seed2718/model.safetensors,442499648,9b6256f29e1ab534a2ed17b0362cb7d1d94e4b016ce0228eee3d7323152905b3,banglabert_checkpoint_or_tokenizer_artifact,False,True,REQUIRES AUTHOR VERIFICATION,DOCUMENT_ONLY_OR_EXTERNALLY_PIN
models/banglabert_seed2718/tokenizer.json,1031938,04137253024e722415332f9b3fddd9f2578ae19b94d303424644ffc994f47b8a,banglabert_checkpoint_or_tokenizer_artifact,False,True,REQUIRES AUTHOR VERIFICATION,DOCUMENT_ONLY_OR_EXTERNALLY_PIN
models/banglabert_seed2718/tokenizer_config.json,383,88dbffe3c8f3fb5c2d92fbf75474632d2d21c3b14b09faf857cce20b1edc6117,banglabert_checkpoint_or_tokenizer_artifact,False,True,REQUIRES AUTHOR VERIFICATION,DOCUMENT_ONLY_OR_EXTERNALLY_PIN
models/banglabert_seed31415/config.json,887,9be40e4eb31eccfffc09d307f098be1a75c63ce61b3a54aebf140e10232142c4,banglabert_checkpoint_or_tokenizer_artifact,False,True,REQUIRES AUTHOR VERIFICATION,DOCUMENT_ONLY_OR_EXTERNALLY_PIN
models/banglabert_seed31415/model.safetensors,442499648,a95c9f9f9a705623e7ae67884df760f1b3af1a60efabbf2f3a7b77af2cbc91a8,banglabert_checkpoint_or_tokenizer_artifact,False,True,REQUIRES AUTHOR VERIFICATION,DOCUMENT_ONLY_OR_EXTERNALLY_PIN
models/banglabert_seed31415/tokenizer.json,1031938,04137253024e722415332f9b3fddd9f2578ae19b94d303424644ffc994f47b8a,banglabert_checkpoint_or_tokenizer_artifact,False,True,REQUIRES AUTHOR VERIFICATION,DOCUMENT_ONLY_OR_EXTERNALLY_PIN
models/banglabert_seed31415/tokenizer_config.json,383,88dbffe3c8f3fb5c2d92fbf75474632d2d21c3b14b09faf857cce20b1edc6117,banglabert_checkpoint_or_tokenizer_artifact,False,True,REQUIRES AUTHOR VERIFICATION,DOCUMENT_ONLY_OR_EXTERNALLY_PIN
models/banglabert_seed42/config.json,887,9be40e4eb31eccfffc09d307f098be1a75c63ce61b3a54aebf140e10232142c4,banglabert_checkpoint_or_tokenizer_artifact,False,True,REQUIRES AUTHOR VERIFICATION,DOCUMENT_ONLY_OR_EXTERNALLY_PIN
models/banglabert_seed42/model.safetensors,442499648,2abc4bd97f37490b9c61aa32de7b7b8bbcf990d948447f35501c9790b32e8da7,banglabert_checkpoint_or_tokenizer_artifact,False,True,REQUIRES AUTHOR VERIFICATION,DOCUMENT_ONLY_OR_EXTERNALLY_PIN
models/banglabert_seed42/tokenizer.json,1031938,04137253024e722415332f9b3fddd9f2578ae19b94d303424644ffc994f47b8a,banglabert_checkpoint_or_tokenizer_artifact,False,True,REQUIRES AUTHOR VERIFICATION,DOCUMENT_ONLY_OR_EXTERNALLY_PIN
models/banglabert_seed42/tokenizer_config.json,383,88dbffe3c8f3fb5c2d92fbf75474632d2d21c3b14b09faf857cce20b1edc6117,banglabert_checkpoint_or_tokenizer_artifact,False,True,REQUIRES AUTHOR VERIFICATION,DOCUMENT_ONLY_OR_EXTERNALLY_PIN
models/banglabert_seed65537/config.json,887,9be40e4eb31eccfffc09d307f098be1a75c63ce61b3a54aebf140e10232142c4,banglabert_checkpoint_or_tokenizer_artifact,False,True,REQUIRES AUTHOR VERIFICATION,DOCUMENT_ONLY_OR_EXTERNALLY_PIN
models/banglabert_seed65537/model.safetensors,442499648,c05957f1ad686268bab5ae5a94c3c90ec2502222e9ca9dd0dbd99bda8214b63b,banglabert_checkpoint_or_tokenizer_artifact,False,True,REQUIRES AUTHOR VERIFICATION,DOCUMENT_ONLY_OR_EXTERNALLY_PIN
models/banglabert_seed65537/tokenizer.json,1031938,04137253024e722415332f9b3fddd9f2578ae19b94d303424644ffc994f47b8a,banglabert_checkpoint_or_tokenizer_artifact,False,True,REQUIRES AUTHOR VERIFICATION,DOCUMENT_ONLY_OR_EXTERNALLY_PIN
models/banglabert_seed65537/tokenizer_config.json,383,88dbffe3c8f3fb5c2d92fbf75474632d2d21c3b14b09faf857cce20b1edc6117,banglabert_checkpoint_or_tokenizer_artifact,False,True,REQUIRES AUTHOR VERIFICATION,DOCUMENT_ONLY_OR_EXTERNALLY_PIN
models/xlmr_seed137/config.json,810,134139344a7b77f69c547f0c09eb05e72c9388facb0265616682d5e7c6c7f1ab,xlmr_checkpoint_or_tokenizer_artifact,False,True,REQUIRES AUTHOR VERIFICATION,DOCUMENT_ONLY_OR_EXTERNALLY_PIN
models/xlmr_seed137/model.safetensors,1112204984,a5a3bed1358825514a2c3f0bd07986484b223a10f846ea14e13f3cb7a330662d,xlmr_checkpoint_or_tokenizer_artifact,False,True,REQUIRES AUTHOR VERIFICATION,DOCUMENT_ONLY_OR_EXTERNALLY_PIN
models/xlmr_seed137/tokenizer.json,16781584,9ce77ba8b4c297b974086f177384cc0ce96d6d08158072cc9cdc0e9f16c48dea,xlmr_checkpoint_or_tokenizer_artifact,False,True,REQUIRES AUTHOR VERIFICATION,DOCUMENT_ONLY_OR_EXTERNALLY_PIN
models/xlmr_seed137/tokenizer_config.json,314,c019e3e4f7f901adf680dde303c7d964de86675a13e089bcc0f614d3fce75333,xlmr_checkpoint_or_tokenizer_artifact,False,True,REQUIRES AUTHOR VERIFICATION,DOCUMENT_ONLY_OR_EXTERNALLY_PIN
models/xlmr_seed2718/config.json,810,134139344a7b77f69c547f0c09eb05e72c9388facb0265616682d5e7c6c7f1ab,xlmr_checkpoint_or_tokenizer_artifact,False,True,REQUIRES AUTHOR VERIFICATION,DOCUMENT_ONLY_OR_EXTERNALLY_PIN
models/xlmr_seed2718/model.safetensors,1112204984,6805664180ba3ca707618966cb87e72531c519aabf4f89e36cd1b43fb8d27d06,xlmr_checkpoint_or_tokenizer_artifact,False,True,REQUIRES AUTHOR VERIFICATION,DOCUMENT_ONLY_OR_EXTERNALLY_PIN
models/xlmr_seed2718/tokenizer.json,16781584,9ce77ba8b4c297b974086f177384cc0ce96d6d08158072cc9cdc0e9f16c48dea,xlmr_checkpoint_or_tokenizer_artifact,False,True,REQUIRES AUTHOR VERIFICATION,DOCUMENT_ONLY_OR_EXTERNALLY_PIN
models/xlmr_seed2718/tokenizer_config.json,314,c019e3e4f7f901adf680dde303c7d964de86675a13e089bcc0f614d3fce75333,xlmr_checkpoint_or_tokenizer_artifact,False,True,REQUIRES AUTHOR VERIFICATION,DOCUMENT_ONLY_OR_EXTERNALLY_PIN
models/xlmr_seed31415/config.json,810,134139344a7b77f69c547f0c09eb05e72c9388facb0265616682d5e7c6c7f1ab,xlmr_checkpoint_or_tokenizer_artifact,False,True,REQUIRES AUTHOR VERIFICATION,DOCUMENT_ONLY_OR_EXTERNALLY_PIN
models/xlmr_seed31415/model.safetensors,1112204984,e4e92096658c460a4797bb2af93b4f71ef71404310d463fedbc6d4385c323650,xlmr_checkpoint_or_tokenizer_artifact,False,True,REQUIRES AUTHOR VERIFICATION,DOCUMENT_ONLY_OR_EXTERNALLY_PIN
models/xlmr_seed31415/tokenizer.json,16781584,9ce77ba8b4c297b974086f177384cc0ce96d6d08158072cc9cdc0e9f16c48dea,xlmr_checkpoint_or_tokenizer_artifact,False,True,REQUIRES AUTHOR VERIFICATION,DOCUMENT_ONLY_OR_EXTERNALLY_PIN
models/xlmr_seed31415/tokenizer_config.json,314,c019e3e4f7f901adf680dde303c7d964de86675a13e089bcc0f614d3fce75333,xlmr_checkpoint_or_tokenizer_artifact,False,True,REQUIRES AUTHOR VERIFICATION,DOCUMENT_ONLY_OR_EXTERNALLY_PIN
models/xlmr_seed42/config.json,810,134139344a7b77f69c547f0c09eb05e72c9388facb0265616682d5e7c6c7f1ab,xlmr_checkpoint_or_tokenizer_artifact,False,True,REQUIRES AUTHOR VERIFICATION,DOCUMENT_ONLY_OR_EXTERNALLY_PIN
models/xlmr_seed42/model.safetensors,1112204984,0e185b58b210eb06189d2a3fe8eaa11ddb80edfb2f81e3133c0e24c96f656217,xlmr_checkpoint_or_tokenizer_artifact,False,True,REQUIRES AUTHOR VERIFICATION,DOCUMENT_ONLY_OR_EXTERNALLY_PIN
models/xlmr_seed42/tokenizer.json,16781584,9ce77ba8b4c297b974086f177384cc0ce96d6d08158072cc9cdc0e9f16c48dea,xlmr_checkpoint_or_tokenizer_artifact,False,True,REQUIRES AUTHOR VERIFICATION,DOCUMENT_ONLY_OR_EXTERNALLY_PIN
models/xlmr_seed42/tokenizer_config.json,314,c019e3e4f7f901adf680dde303c7d964de86675a13e089bcc0f614d3fce75333,xlmr_checkpoint_or_tokenizer_artifact,False,True,REQUIRES AUTHOR VERIFICATION,DOCUMENT_ONLY_OR_EXTERNALLY_PIN
models/xlmr_seed65537/config.json,810,134139344a7b77f69c547f0c09eb05e72c9388facb0265616682d5e7c6c7f1ab,xlmr_checkpoint_or_tokenizer_artifact,False,True,REQUIRES AUTHOR VERIFICATION,DOCUMENT_ONLY_OR_EXTERNALLY_PIN
models/xlmr_seed65537/model.safetensors,1112204984,2952bfb3021b89b91b41ccbd254b5dcf4e256a01bf9a51dfade83581e8e640ea,xlmr_checkpoint_or_tokenizer_artifact,False,True,REQUIRES AUTHOR VERIFICATION,DOCUMENT_ONLY_OR_EXTERNALLY_PIN
models/xlmr_seed65537/tokenizer.json,16781584,9ce77ba8b4c297b974086f177384cc0ce96d6d08158072cc9cdc0e9f16c48dea,xlmr_checkpoint_or_tokenizer_artifact,False,True,REQUIRES AUTHOR VERIFICATION,DOCUMENT_ONLY_OR_EXTERNALLY_PIN
models/xlmr_seed65537/tokenizer_config.json,314,c019e3e4f7f901adf680dde303c7d964de86675a13e089bcc0f614d3fce75333,xlmr_checkpoint_or_tokenizer_artifact,False,True,REQUIRES AUTHOR VERIFICATION,DOCUMENT_ONLY_OR_EXTERNALLY_PIN
