split,original_rows,clean_rows,quarantined_rows,row_retention,original_positive_prevalence,clean_positive_prevalence,prevalence_change_abs_pp,class_label,original_class_rows,clean_class_rows,class_retention
train,10839.0,10544.0,295.0,0.9727834671095119,0.34680321062828673,0.3419954476479514,0.4807762980335306,,,,
train,,,,,,,,0.0,7080.0,6938.0,0.9799435028248588
train,,,,,,,,1.0,3759.0,3606.0,0.9592976855546688
dev,1205.0,1100.0,105.0,0.9128630705394191,0.34688796680497924,0.32727272727272727,1.9615239532251971,,,,
dev,,,,,,,,0.0,787.0,740.0,0.940279542566709
dev,,,,,,,,1.0,418.0,360.0,0.861244019138756
test,3012.0,2784.0,228.0,0.9243027888446215,0.351925630810093,0.34123563218390807,1.0689998626184916,,,,
test,,,,,,,,0.0,1952.0,1834.0,0.9395491803278688
test,,,,,,,,1.0,1060.0,950.0,0.8962264150943396
