cue,platform,abs_delta_rd,error_capture_deterioration_source_minus_target,canonical_platform_fe_slope,inferential_status
curiosity_information_withholding,news,0.141660761735041,0.0041667838067071,-0.015018009336900779,NON_ESTIMABLE_UNDER_LOCKED_JOINT_BOOTSTRAP
direct_address_imperative,news,0.2449726456101178,0.0072826856606217,-0.015018009336900779,NON_ESTIMABLE_UNDER_LOCKED_JOINT_BOOTSTRAP
exaggeration_superlative,news,0.0710336503115681,0.0043731752993152,-0.015018009336900779,NON_ESTIMABLE_UNDER_LOCKED_JOINT_BOOTSTRAP
interrogative_structure,news,0.2882873801187292,0.0128553575773086,-0.015018009336900779,NON_ESTIMABLE_UNDER_LOCKED_JOINT_BOOTSTRAP
punctuation_intensity,news,0.0269464208665248,0.0397028231909146,-0.015018009336900779,NON_ESTIMABLE_UNDER_LOCKED_JOINT_BOOTSTRAP
sensational_emotional_loading,news,0.2234290063057186,0.0019499357462434,-0.015018009336900779,NON_ESTIMABLE_UNDER_LOCKED_JOINT_BOOTSTRAP
specificity_numerals,news,0.0206767377124744,0.0121453891616025,-0.015018009336900779,NON_ESTIMABLE_UNDER_LOCKED_JOINT_BOOTSTRAP
vague_deictic_reference,news,0.275263289827786,0.0170556551384102,-0.015018009336900779,NON_ESTIMABLE_UNDER_LOCKED_JOINT_BOOTSTRAP
curiosity_information_withholding,facebook,0.2331630716283477,0.0061847842168515,-0.015018009336900779,NON_ESTIMABLE_UNDER_LOCKED_JOINT_BOOTSTRAP
direct_address_imperative,facebook,0.4282030608062196,-0.0040481797287109,-0.015018009336900779,NON_ESTIMABLE_UNDER_LOCKED_JOINT_BOOTSTRAP
exaggeration_superlative,facebook,0.309062701717913,-0.0007107859284604,-0.015018009336900779,NON_ESTIMABLE_UNDER_LOCKED_JOINT_BOOTSTRAP
interrogative_structure,facebook,0.3222881349081919,-0.0005556498231363,-0.015018009336900779,NON_ESTIMABLE_UNDER_LOCKED_JOINT_BOOTSTRAP
punctuation_intensity,facebook,0.1268549647719491,0.0462578372736039,-0.015018009336900779,NON_ESTIMABLE_UNDER_LOCKED_JOINT_BOOTSTRAP
sensational_emotional_loading,facebook,0.4181542019920676,0.002925943811832,-0.015018009336900779,NON_ESTIMABLE_UNDER_LOCKED_JOINT_BOOTSTRAP
specificity_numerals,facebook,0.250233021470908,0.0026730164897923,-0.015018009336900779,NON_ESTIMABLE_UNDER_LOCKED_JOINT_BOOTSTRAP
vague_deictic_reference,facebook,0.6042914824917149,0.0010634193326902,-0.015018009336900779,NON_ESTIMABLE_UNDER_LOCKED_JOINT_BOOTSTRAP
curiosity_information_withholding,youtube,0.2332889885610742,-0.0036593645996628,-0.015018009336900779,NON_ESTIMABLE_UNDER_LOCKED_JOINT_BOOTSTRAP
direct_address_imperative,youtube,0.2931930964538035,-0.0041138595889482,-0.015018009336900779,NON_ESTIMABLE_UNDER_LOCKED_JOINT_BOOTSTRAP
exaggeration_superlative,youtube,0.0105755513272003,-0.0002781690524149,-0.015018009336900779,NON_ESTIMABLE_UNDER_LOCKED_JOINT_BOOTSTRAP
interrogative_structure,youtube,0.3218124321427416,-0.0116058172183261,-0.015018009336900779,NON_ESTIMABLE_UNDER_LOCKED_JOINT_BOOTSTRAP
punctuation_intensity,youtube,0.130080785505561,-0.0007879415336298,-0.015018009336900779,NON_ESTIMABLE_UNDER_LOCKED_JOINT_BOOTSTRAP
sensational_emotional_loading,youtube,0.3755054302422724,-4.216494701870252e-05,-0.015018009336900779,NON_ESTIMABLE_UNDER_LOCKED_JOINT_BOOTSTRAP
specificity_numerals,youtube,0.0048865065213705,0.0067759576216236,-0.015018009336900779,NON_ESTIMABLE_UNDER_LOCKED_JOINT_BOOTSTRAP
vague_deictic_reference,youtube,0.3392480016951936,0.0082884028131513,-0.015018009336900779,NON_ESTIMABLE_UNDER_LOCKED_JOINT_BOOTSTRAP
curiosity_information_withholding,twitter,0.0077506019740236,0.0067171174125088,-0.015018009336900779,NON_ESTIMABLE_UNDER_LOCKED_JOINT_BOOTSTRAP
direct_address_imperative,twitter,0.2799416538745806,0.0041185982630925,-0.015018009336900779,NON_ESTIMABLE_UNDER_LOCKED_JOINT_BOOTSTRAP
exaggeration_superlative,twitter,0.2451260020461776,-0.0015751221432138,-0.015018009336900779,NON_ESTIMABLE_UNDER_LOCKED_JOINT_BOOTSTRAP
interrogative_structure,twitter,0.1651689870061307,-0.0116769508051969,-0.015018009336900779,NON_ESTIMABLE_UNDER_LOCKED_JOINT_BOOTSTRAP
punctuation_intensity,twitter,3.2618851389554226e-05,0.0380720595302274,-0.015018009336900779,NON_ESTIMABLE_UNDER_LOCKED_JOINT_BOOTSTRAP
sensational_emotional_loading,twitter,1.169478639819321,0.0024090645480517,-0.015018009336900779,NON_ESTIMABLE_UNDER_LOCKED_JOINT_BOOTSTRAP
specificity_numerals,twitter,0.1397112120101065,-0.0286670885988476,-0.015018009336900779,NON_ESTIMABLE_UNDER_LOCKED_JOINT_BOOTSTRAP
vague_deictic_reference,twitter,0.3225124395059319,0.0013542002365296,-0.015018009336900779,NON_ESTIMABLE_UNDER_LOCKED_JOINT_BOOTSTRAP
