cue,platform,abs_delta_nll_gap,lift_deterioration_source_minus_target,canonical_platform_fe_slope,inferential_status
curiosity_information_withholding,news,0.7000578989344722,0.0751743669399993,0.13602427305532566,NON_ESTIMABLE_UNDER_LOCKED_JOINT_BOOTSTRAP
direct_address_imperative,news,0.6749649511843827,0.1289238883069031,0.13602427305532566,NON_ESTIMABLE_UNDER_LOCKED_JOINT_BOOTSTRAP
exaggeration_superlative,news,0.1977256191742732,0.0029143758504015,0.13602427305532566,NON_ESTIMABLE_UNDER_LOCKED_JOINT_BOOTSTRAP
interrogative_structure,news,0.6172219226578974,0.220678250189647,0.13602427305532566,NON_ESTIMABLE_UNDER_LOCKED_JOINT_BOOTSTRAP
punctuation_intensity,news,0.5215854884561931,0.5616876301942227,0.13602427305532566,NON_ESTIMABLE_UNDER_LOCKED_JOINT_BOOTSTRAP
sensational_emotional_loading,news,0.8037841249992926,0.2464416428855254,0.13602427305532566,NON_ESTIMABLE_UNDER_LOCKED_JOINT_BOOTSTRAP
specificity_numerals,news,0.0583022944803163,0.2191887199123407,0.13602427305532566,NON_ESTIMABLE_UNDER_LOCKED_JOINT_BOOTSTRAP
vague_deictic_reference,news,0.7228322217380727,0.4737228383243627,0.13602427305532566,NON_ESTIMABLE_UNDER_LOCKED_JOINT_BOOTSTRAP
curiosity_information_withholding,facebook,0.4585244929988648,0.1400508801782997,0.13602427305532566,NON_ESTIMABLE_UNDER_LOCKED_JOINT_BOOTSTRAP
direct_address_imperative,facebook,0.3235187709718275,0.0797592128292699,0.13602427305532566,NON_ESTIMABLE_UNDER_LOCKED_JOINT_BOOTSTRAP
exaggeration_superlative,facebook,1.3043662337044926,0.0058838358189039,0.13602427305532566,NON_ESTIMABLE_UNDER_LOCKED_JOINT_BOOTSTRAP
interrogative_structure,facebook,0.1230847435471651,-0.0368519292427673,0.13602427305532566,NON_ESTIMABLE_UNDER_LOCKED_JOINT_BOOTSTRAP
punctuation_intensity,facebook,0.2097846614006434,0.4645521436328416,0.13602427305532566,NON_ESTIMABLE_UNDER_LOCKED_JOINT_BOOTSTRAP
sensational_emotional_loading,facebook,0.6387187434901305,0.5080288356748883,0.13602427305532566,NON_ESTIMABLE_UNDER_LOCKED_JOINT_BOOTSTRAP
specificity_numerals,facebook,0.4525727385809103,0.3784606924725046,0.13602427305532566,NON_ESTIMABLE_UNDER_LOCKED_JOINT_BOOTSTRAP
vague_deictic_reference,facebook,0.7973462881553077,0.4172638066813728,0.13602427305532566,NON_ESTIMABLE_UNDER_LOCKED_JOINT_BOOTSTRAP
curiosity_information_withholding,youtube,0.6691099101342484,-0.1195723891202958,0.13602427305532566,NON_ESTIMABLE_UNDER_LOCKED_JOINT_BOOTSTRAP
direct_address_imperative,youtube,0.7261445349748328,-0.243356789442749,0.13602427305532566,NON_ESTIMABLE_UNDER_LOCKED_JOINT_BOOTSTRAP
exaggeration_superlative,youtube,0.0851354608302913,0.0290884653808569,0.13602427305532566,NON_ESTIMABLE_UNDER_LOCKED_JOINT_BOOTSTRAP
interrogative_structure,youtube,0.7361283427550905,0.0637367893335662,0.13602427305532566,NON_ESTIMABLE_UNDER_LOCKED_JOINT_BOOTSTRAP
punctuation_intensity,youtube,0.7560936651136584,0.3371737080487758,0.13602427305532566,NON_ESTIMABLE_UNDER_LOCKED_JOINT_BOOTSTRAP
sensational_emotional_loading,youtube,0.6118059155552305,0.3495462471134791,0.13602427305532566,NON_ESTIMABLE_UNDER_LOCKED_JOINT_BOOTSTRAP
specificity_numerals,youtube,0.194840138322984,0.3035977413713725,0.13602427305532566,NON_ESTIMABLE_UNDER_LOCKED_JOINT_BOOTSTRAP
vague_deictic_reference,youtube,0.7870407037881627,0.22155891959959,0.13602427305532566,NON_ESTIMABLE_UNDER_LOCKED_JOINT_BOOTSTRAP
curiosity_information_withholding,twitter,0.6665748758811173,0.1330054508086855,0.13602427305532566,NON_ESTIMABLE_UNDER_LOCKED_JOINT_BOOTSTRAP
direct_address_imperative,twitter,0.4077476380445996,0.0629452238405861,0.13602427305532566,NON_ESTIMABLE_UNDER_LOCKED_JOINT_BOOTSTRAP
exaggeration_superlative,twitter,0.5863642714888085,-0.0324531021952163,0.13602427305532566,NON_ESTIMABLE_UNDER_LOCKED_JOINT_BOOTSTRAP
interrogative_structure,twitter,0.7627471730534949,-0.1201115181842552,0.13602427305532566,NON_ESTIMABLE_UNDER_LOCKED_JOINT_BOOTSTRAP
punctuation_intensity,twitter,0.5894237806609138,0.4486316980907276,0.13602427305532566,NON_ESTIMABLE_UNDER_LOCKED_JOINT_BOOTSTRAP
sensational_emotional_loading,twitter,1.4655197249809553,0.5183565365025466,0.13602427305532566,NON_ESTIMABLE_UNDER_LOCKED_JOINT_BOOTSTRAP
specificity_numerals,twitter,0.3963120131982806,-0.1920719625889854,0.13602427305532566,NON_ESTIMABLE_UNDER_LOCKED_JOINT_BOOTSTRAP
vague_deictic_reference,twitter,0.794922697282106,0.0433650850385726,0.13602427305532566,NON_ESTIMABLE_UNDER_LOCKED_JOINT_BOOTSTRAP
