domain,model,seed,calibrated_auroc
source_test,banglabert,42,0.8730184239224013
source_test,banglabert,137,0.8733828846926476
source_test,banglabert,2718,0.875574814899845
source_test,banglabert,31415,0.8737312747517649
source_test,banglabert,65537,0.872856568903174
source_test,ebm,42,0.7313459220570511
source_test,ebm,137,0.7315640245652297
source_test,ebm,2718,0.7314084830396602
source_test,ebm,31415,0.7312018596108593
source_test,ebm,65537,0.7314188142111002
source_test,tfidf_lr,42,0.802930608965161
source_test,tfidf_lr,137,0.802930608965161
source_test,tfidf_lr,2718,0.802930608965161
source_test,tfidf_lr,31415,0.802930608965161
source_test,tfidf_lr,65537,0.802930608965161
source_test,xlmr,42,0.8638242552947253
source_test,xlmr,137,0.8666549962692992
source_test,xlmr,2718,0.8666647534867704
source_test,xlmr,31415,0.8594891809676865
source_test,xlmr,65537,0.8701262698731562
banglaclick:news,banglabert,42,0.7252582651391161
banglaclick:news,banglabert,137,0.7305191489361702
banglaclick:news,banglabert,2718,0.7330212765957448
banglaclick:news,banglabert,31415,0.7353715220949264
banglaclick:news,banglabert,65537,0.7254991816693945
banglaclick:news,ebm,42,0.6782140752864158
banglaclick:news,ebm,137,0.6780621931260229
banglaclick:news,ebm,2718,0.6781774140752864
banglaclick:news,ebm,31415,0.6781014729950899
banglaclick:news,ebm,65537,0.6782716857610476
banglaclick:news,tfidf_lr,42,0.7132700490998363
banglaclick:news,tfidf_lr,137,0.7132700490998363
banglaclick:news,tfidf_lr,2718,0.7132700490998363
banglaclick:news,tfidf_lr,31415,0.7132700490998363
banglaclick:news,tfidf_lr,65537,0.7132700490998363
banglaclick:news,xlmr,42,0.7493355155482815
banglaclick:news,xlmr,137,0.7309603927986905
banglaclick:news,xlmr,2718,0.7226409165302783
banglaclick:news,xlmr,31415,0.7235548281505728
banglaclick:news,xlmr,65537,0.7519044189852699
banglaclick:facebook,banglabert,42,0.6269535036815597
banglaclick:facebook,banglabert,137,0.6364583756047633
banglaclick:facebook,banglabert,2718,0.618783281705827
banglaclick:facebook,banglabert,31415,0.6301458420694288
banglaclick:facebook,banglabert,65537,0.6297445452946826
banglaclick:facebook,ebm,42,0.46216256126539246
banglaclick:facebook,ebm,137,0.46232601079443236
banglaclick:facebook,ebm,2718,0.46236884584342214
banglaclick:facebook,ebm,31415,0.4623136111749879
banglaclick:facebook,ebm,65537,0.4624353528931694
banglaclick:facebook,tfidf_lr,42,0.5618718465513277
banglaclick:facebook,tfidf_lr,137,0.5618718465513277
banglaclick:facebook,tfidf_lr,2718,0.5618718465513277
banglaclick:facebook,tfidf_lr,31415,0.5618718465513277
banglaclick:facebook,tfidf_lr,65537,0.5618718465513277
banglaclick:facebook,xlmr,42,0.6594912323418147
banglaclick:facebook,xlmr,137,0.6794839278387238
banglaclick:facebook,xlmr,2718,0.6563360928122788
banglaclick:facebook,xlmr,31415,0.6620410449948372
banglaclick:facebook,xlmr,65537,0.655259580396878
banglaclick:youtube,banglabert,42,0.8158244149029772
banglaclick:youtube,banglabert,137,0.7987554190462478
banglaclick:youtube,banglabert,2718,0.814128713346451
banglaclick:youtube,banglabert,31415,0.8131688822767194
banglaclick:youtube,banglabert,65537,0.8087056678024668
banglaclick:youtube,ebm,42,0.8168402361184431
banglaclick:youtube,ebm,137,0.8171121882548671
banglaclick:youtube,ebm,2718,0.8167922445649566
banglaclick:youtube,ebm,31415,0.8169362192254163
banglaclick:youtube,ebm,65537,0.8169522164099118
banglaclick:youtube,tfidf_lr,42,0.7605861368399162
banglaclick:youtube,tfidf_lr,137,0.7605861368399162
banglaclick:youtube,tfidf_lr,2718,0.7605861368399162
banglaclick:youtube,tfidf_lr,31415,0.7605861368399162
banglaclick:youtube,tfidf_lr,65537,0.7605861368399162
banglaclick:youtube,xlmr,42,0.7960998864199901
banglaclick:youtube,xlmr,137,0.7957959399145751
banglaclick:youtube,xlmr,2718,0.7984674697253283
banglaclick:youtube,xlmr,31415,0.8085137015885204
banglaclick:youtube,xlmr,65537,0.8155044712130665
banglaclick:twitter,banglabert,42,0.6773152115426773
banglaclick:twitter,banglabert,137,0.6541182566412245
banglaclick:twitter,banglabert,2718,0.6813407999362283
banglaclick:twitter,banglabert,31415,0.6933777078060542
banglaclick:twitter,banglabert,65537,0.6847685286673708
banglaclick:twitter,ebm,42,0.6123677235496922
banglaclick:twitter,ebm,137,0.6122880089280376
banglaclick:twitter,ebm,2718,0.6123876522051057
banglaclick:twitter,ebm,31415,0.6124075808605194
banglaclick:twitter,ebm,65537,0.6122481516172104
banglaclick:twitter,tfidf_lr,42,0.6053129795332709
banglaclick:twitter,tfidf_lr,137,0.6053129795332709
banglaclick:twitter,tfidf_lr,2718,0.6053129795332709
banglaclick:twitter,tfidf_lr,31415,0.6053129795332709
banglaclick:twitter,tfidf_lr,65537,0.6053129795332709
banglaclick:twitter,xlmr,42,0.640168197851691
banglaclick:twitter,xlmr,137,0.6290878654417186
banglaclick:twitter,xlmr,2718,0.628649435022619
banglaclick:twitter,xlmr,31415,0.6503517407680504
banglaclick:twitter,xlmr,65537,0.647800872875107
baitbuster:youtube_human,banglabert,42,0.9455071948790137
baitbuster:youtube_human,banglabert,137,0.9330627484821803
baitbuster:youtube_human,banglabert,2718,0.9425746048527279
baitbuster:youtube_human,banglabert,31415,0.9546883450183817
baitbuster:youtube_human,banglabert,65537,0.9353087890372054
baitbuster:youtube_human,ebm,42,0.9325130289428659
baitbuster:youtube_human,ebm,137,0.9324142705972162
baitbuster:youtube_human,ebm,2718,0.9324113013388834
baitbuster:youtube_human,ebm,31415,0.9324402617763226
baitbuster:youtube_human,ebm,65537,0.9323389002452851
baitbuster:youtube_human,tfidf_lr,42,0.8410039444766588
baitbuster:youtube_human,tfidf_lr,137,0.8410039444766588
baitbuster:youtube_human,tfidf_lr,2718,0.8410039444766588
baitbuster:youtube_human,tfidf_lr,31415,0.8410039444766588
baitbuster:youtube_human,tfidf_lr,65537,0.8410039444766588
baitbuster:youtube_human,xlmr,42,0.8825368928314132
baitbuster:youtube_human,xlmr,137,0.890963281907406
baitbuster:youtube_human,xlmr,2718,0.9165080757318694
baitbuster:youtube_human,xlmr,31415,0.895690219149162
baitbuster:youtube_human,xlmr,65537,0.9352908514628925
