auroc_drop,auroc_estimable,balanced_brier_bootstrap_ci95,balanced_brier_relative_change,balanced_brier_relative_change_estimable,calibration_moved_further_from_ideal,descriptive_h1_condition,domain,inferential_status,model,nll_bootstrap_ci95,nll_relative_change,nll_relative_change_estimable,seed,setting_supported,target_auroc,auroc_drop_ci95,nll_relative_change_ci95,balanced_brier_relative_change_ci95,h2_inferential_status,h2_target_minus_source_gain_ci95
0.1477601587832852,True,"[0.6823547866619226, 0.9804478895350021]",0.8279653044437159,True,True,False,banglaclick:news,ESTIMABLE,banglabert,"[1.8001805652421319, 2.2698497016653323]",2.0323921346711713,True,42,False,0.7252582651391161,"[0.1198854056355906, 0.18694283182057558]","[1.8001805652421319, 2.2698497016653323]","[0.6823547866619226, 0.9804478895350021]",ESTIMABLE,"[0.307479988176827, 0.37199274951920236]"
0.14286373575647737,True,"[0.6601616002855049, 0.9445582346445969]",0.8003199896736356,True,True,False,banglaclick:news,ESTIMABLE,banglabert,"[1.8146012965590885, 2.3086389634092184]",2.0564634185384607,True,137,False,0.7305191489361702,"[0.11267787635552905, 0.1810554158559846]","[1.8146012965590885, 2.3086389634092184]","[0.6601616002855049, 0.9445582346445969]",ESTIMABLE,"[0.36805308853227614, 0.44840737290353494]"
0.14255353830410022,True,"[0.6380704254503711, 0.9235384262745155]",0.7745288233260018,True,True,False,banglaclick:news,ESTIMABLE,banglabert,"[1.8505154736815739, 2.3489627446325994]",2.092245449543341,True,2718,False,0.7330212765957448,"[0.11272106610637835, 0.18172624687476271]","[1.8505154736815739, 2.3489627446325994]","[0.6380704254503711, 0.9235384262745155]",ESTIMABLE,"[0.424113280771795, 0.5137826682665206]"
0.13835975265683853,True,"[0.6397091902452489, 0.9295494732877712]",0.7779692734498844,True,True,False,banglaclick:news,ESTIMABLE,banglabert,"[1.722827391188288, 2.179768829302602]",1.9510479724182774,True,31415,False,0.7353715220949264,"[0.10948429018562915, 0.17607143061527544]","[1.722827391188288, 2.179768829302602]","[0.6397091902452489, 0.9295494732877712]",ESTIMABLE,"[0.30802352539036343, 0.3726703413201539]"
0.14735738723377945,True,"[0.6705554740840254, 0.964354771271166]",0.8122960207026375,True,True,False,banglaclick:news,ESTIMABLE,banglabert,"[1.8675359221308299, 2.365336655747579]",2.110057984992352,True,65537,False,0.7254991816693945,"[0.11592219498296823, 0.18779747564022534]","[1.8675359221308299, 2.365336655747579]","[0.6705554740840254, 0.964354771271166]",ESTIMABLE,"[0.3580126956144774, 0.43439845688969925]"
0.053131846770635316,True,"[0.14613291774640175, 0.2664967892130871]",0.20149339679476538,True,True,False,banglaclick:news,ESTIMABLE,ebm,"[0.7856404533186523, 0.9922698572707203]",0.8850579774603036,True,42,False,0.6782140752864158,"[0.017395746230276888, 0.09459258754336669]","[0.7856404533186523, 0.9922698572707203]","[0.14613291774640175, 0.2664967892130871]",ESTIMABLE,"[-0.05892372354534042, -0.04885406938867794]"
0.05350183143920684,True,"[0.14245857659192457, 0.26710337331291795]",0.20168097816853564,True,True,False,banglaclick:news,ESTIMABLE,ebm,"[0.7836425286716502, 0.9932416281051377]",0.8853238320009355,True,137,False,0.6780621931260229,"[0.01812796657020887, 0.09348918172266281]","[0.7836425286716502, 0.9932416281051377]","[0.14245857659192457, 0.26710337331291795]",ESTIMABLE,"[-0.05921107002112008, -0.0486862641611618]"
0.053231068964373796,True,"[0.14488970399482662, 0.265278279878498]",0.20163825771504731,True,True,False,banglaclick:news,ESTIMABLE,ebm,"[0.7849540695933873, 0.99325051551137]",0.8855610509104616,True,2718,False,0.6781774140752864,"[0.018521899279328086, 0.09377550903175028]","[0.7849540695933873, 0.99325051551137]","[0.14488970399482662, 0.265278279878498]",ESTIMABLE,"[-0.05929645067049952, -0.04883580746188077]"
0.053100386615769324,True,"[0.14338865554405483, 0.2665416994525909]",0.2015765926228303,True,True,False,banglaclick:news,ESTIMABLE,ebm,"[0.7871511631030932, 0.9927025938051957]",0.8853155906085287,True,31415,False,0.6781014729950899,"[0.017533301057589778, 0.09332814530971127]","[0.7871511631030932, 0.9927025938051957]","[0.14338865554405483, 0.2665416994525909]",ESTIMABLE,"[-0.05921017240793855, -0.048826307842189186]"
0.05314712845005265,True,"[0.142362089423939, 0.26524146446413516]",0.201648222520625,True,True,False,banglaclick:news,ESTIMABLE,ebm,"[0.7846393698845605, 0.9933841656147332]",0.8850613322837823,True,65537,False,0.6782716857610476,"[0.01825829470040372, 0.094973417991179]","[0.7846393698845605, 0.9933841656147332]","[0.142362089423939, 0.26524146446413516]",ESTIMABLE,"[-0.058969313586238754, -0.0484011985188708]"
0.08966055986532473,True,"[0.3214378177212507, 0.5104696089914107]",0.4129728849774081,True,True,False,banglaclick:news,ESTIMABLE,tfidf_lr,"[1.3618219874622826, 1.7214915427795627]",1.541049385859983,True,42,False,0.7132700490998363,"[0.05802957459943079, 0.128162381462323]","[1.3618219874622826, 1.7214915427795627]","[0.3214378177212507, 0.5104696089914107]",ESTIMABLE,"[-0.19948508946204593, -0.16463267602548665]"
0.08966055986532473,True,"[0.318375456005248, 0.5090473528804912]",0.4129728849774081,True,True,False,banglaclick:news,ESTIMABLE,tfidf_lr,"[1.3597827861208704, 1.7234851886095521]",1.541049385859983,True,137,False,0.7132700490998363,"[0.05735307871560139, 0.12728900407571722]","[1.3597827861208704, 1.7234851886095521]","[0.318375456005248, 0.5090473528804912]",ESTIMABLE,"[-0.1999539833258958, -0.16388046134314518]"
0.08966055986532473,True,"[0.32394785290509875, 0.5135142185127604]",0.4129728849774081,True,True,False,banglaclick:news,ESTIMABLE,tfidf_lr,"[1.3690993564295935, 1.7281592139829385]",1.541049385859983,True,2718,False,0.7132700490998363,"[0.05801358369820633, 0.12879385805005655]","[1.3690993564295935, 1.7281592139829385]","[0.32394785290509875, 0.5135142185127604]",ESTIMABLE,"[-0.1995462367204603, -0.1652329213999182]"
0.08966055986532473,True,"[0.32004965918891737, 0.5097402973689095]",0.4129728849774081,True,True,False,banglaclick:news,ESTIMABLE,tfidf_lr,"[1.3570074133091636, 1.7217141641843983]",1.541049385859983,True,31415,False,0.7132700490998363,"[0.05737762502441643, 0.12759271359182067]","[1.3570074133091636, 1.7217141641843983]","[0.32004965918891737, 0.5097402973689095]",ESTIMABLE,"[-0.19979088201896197, -0.1639037962488329]"
0.08966055986532473,True,"[0.31843139426656764, 0.5106231498568493]",0.4129728849774081,True,True,False,banglaclick:news,ESTIMABLE,tfidf_lr,"[1.3610883116301407, 1.727689397778029]",1.541049385859983,True,65537,False,0.7132700490998363,"[0.056858710925397724, 0.1293181593476382]","[1.3610883116301407, 1.727689397778029]","[0.31843139426656764, 0.5106231498568493]",ESTIMABLE,"[-0.20022538865677797, -0.16406927353371004]"
0.1144887397464438,True,"[0.5245944438511493, 0.7970748396106373]",0.6581420490707952,True,True,False,banglaclick:news,ESTIMABLE,xlmr,"[1.560950995172888, 1.9946804265096365]",1.7771111466226346,True,42,False,0.7493355155482815,"[0.08286196805628185, 0.15134067805251517]","[1.560950995172888, 1.9946804265096365]","[0.5245944438511493, 0.7970748396106373]",ESTIMABLE,"[0.3215320491063382, 0.3913894641944956]"
0.1356946034706087,True,"[0.5864583249271268, 0.8707349405157029]",0.7191496927495841,True,True,False,banglaclick:news,ESTIMABLE,xlmr,"[1.6855594643303402, 2.165513607002131]",1.9228530134699713,True,137,False,0.7309603927986905,"[0.10622241223294006, 0.17588874378583058]","[1.6855594643303402, 2.165513607002131]","[0.5864583249271268, 0.8707349405157029]",ESTIMABLE,"[0.29583909268655983, 0.3677607838885765]"
0.14402383695649212,True,"[0.6030535303110178, 0.8846552926817259]",0.7366029116065306,True,True,False,banglaclick:news,ESTIMABLE,xlmr,"[1.6591797837787643, 2.1067518853934333]",1.8757722268066854,True,2718,False,0.7226409165302783,"[0.11358821199618928, 0.18140418005703027]","[1.6591797837787643, 2.1067518853934333]","[0.6030535303110178, 0.8846552926817259]",ESTIMABLE,"[0.22899098226654643, 0.2793129238269195]"
0.13593435281711364,True,"[0.5390067357393727, 0.8082843097374413]",0.6687160836872512,True,True,False,banglaclick:news,ESTIMABLE,xlmr,"[1.5230160638506656, 1.9463525663153944]",1.7304688445468945,True,31415,False,0.7235548281505728,"[0.1060461840772398, 0.17240561755697864]","[1.5230160638506656, 1.9463525663153944]","[0.5390067357393727, 0.8082843097374413]",ESTIMABLE,"[0.3304189374233648, 0.403968664538556]"
0.11822185088788628,True,"[0.6163493305156637, 0.9017426816765297]",0.7518496395239868,True,True,False,banglaclick:news,ESTIMABLE,xlmr,"[1.629716376767667, 2.0691346903278833]",1.8498175068157259,True,65537,False,0.7519044189852699,"[0.08964066281906938, 0.15577886658458337]","[1.629716376767667, 2.0691346903278833]","[0.6163493305156637, 0.9017426816765297]",ESTIMABLE,"[0.3534148046547037, 0.4311155686064504]"
0.2460649202408416,True,"[0.5220664645278164, 1.1529404190279495]",0.825813329369167,True,True,False,banglaclick:facebook,ESTIMABLE,banglabert,"[0.9841755348725469, 1.7880740579856105]",1.36570633996726,True,42,False,0.6269535036815597,"[0.15887584657186682, 0.3367591671342822]","[0.9841755348725469, 1.7880740579856105]","[0.5220664645278164, 1.1529404190279495]",ESTIMABLE,"[0.12705022767710714, 0.28099057904297814]"
0.23692450908788432,True,"[0.448711307141857, 1.0786728736895632]",0.7384733648824973,True,True,False,banglaclick:facebook,ESTIMABLE,banglabert,"[0.9098310456041876, 1.692861069675671]",1.2783811406581005,True,137,False,0.6364583756047633,"[0.15042562732401257, 0.3344172387419032]","[0.9098310456041876, 1.692861069675671]","[0.448711307141857, 1.0786728736895632]",ESTIMABLE,"[0.14228500164313546, 0.3163746723204042]"
0.25679153319401804,True,"[0.5054243063103779, 1.1361203528693984]",0.8040235620174793,True,True,False,banglaclick:facebook,ESTIMABLE,banglabert,"[1.0674063838487011, 1.9088990570389102]",1.4621991887948294,True,2718,False,0.618783281705827,"[0.16618832729915933, 0.3475991855706375]","[1.0674063838487011, 1.9088990570389102]","[0.5054243063103779, 1.1361203528693984]",ESTIMABLE,"[0.19747703359600344, 0.4133271140498979]"
0.24358543268233612,True,"[0.49332166263031096, 1.122366156670141]",0.7868363376313411,True,True,False,banglaclick:facebook,ESTIMABLE,banglabert,"[0.874570235746387, 1.6502944050554507]",1.2366278079885509,True,31415,False,0.6301458420694288,"[0.15497964079844026, 0.3383483485417746]","[0.874570235746387, 1.6502944050554507]","[0.49332166263031096, 1.122366156670141]",ESTIMABLE,"[0.12171901122765484, 0.2704929962527018]"
0.24311202360849138,True,"[0.44216709460746856, 1.06140956124624]",0.7284339556698999,True,True,False,banglaclick:facebook,ESTIMABLE,banglabert,"[0.8668279427276213, 1.6519385910044988]",1.2336365835530168,True,65537,False,0.6297445452946826,"[0.15542721492229533, 0.3381932885792515]","[0.8668279427276213, 1.6519385910044988]","[0.44216709460746856, 1.06140956124624]",ESTIMABLE,"[0.12127327288941923, 0.29042848661909326]"
0.2691833607916586,True,"[0.3579830263251282, 0.9620410283478724]",0.6551164749373289,True,True,False,banglaclick:facebook,ESTIMABLE,ebm,"[0.809798765058721, 1.6377421728769885]",1.1732386987683339,True,42,False,0.46216256126539246,"[0.15439871172703287, 0.37915514131633493]","[0.809798765058721, 1.6377421728769885]","[0.3579830263251282, 0.9620410283478724]",ESTIMABLE,"[-0.10759156064285061, -0.05289216126917925]"
0.26923801377079737,True,"[0.35476818273899974, 0.9545012170702004]",0.6550915793770352,True,True,False,banglaclick:facebook,ESTIMABLE,ebm,"[0.8097297695255662, 1.6335713823043105]",1.1767765725093842,True,137,False,0.46232601079443236,"[0.15181111678961204, 0.3766446826449325]","[0.8097297695255662, 1.6335713823043105]","[0.35476818273899974, 0.9545012170702004]",ESTIMABLE,"[-0.10783759322449427, -0.05271480407787404]"
0.2690396371962381,True,"[0.3623314837634607, 0.9626851983544876]",0.6547878301420991,True,True,False,banglaclick:facebook,ESTIMABLE,ebm,"[0.8178993148634087, 1.648738509404135]",1.1741614887448826,True,2718,False,0.46236884584342214,"[0.1556828521017575, 0.3799406917667756]","[0.8178993148634087, 1.648738509404135]","[0.3623314837634607, 0.9626851983544876]",ESTIMABLE,"[-0.10884678610615364, -0.05362584147556443]"
0.26888824843587134,True,"[0.3544264812764294, 0.9595303055741905]",0.654738282259406,True,True,False,banglaclick:facebook,ESTIMABLE,ebm,"[0.8069446773285124, 1.6268469557327878]",1.1720653550732913,True,31415,False,0.4623136111749879,"[0.15208506514430684, 0.3757690674292049]","[0.8069446773285124, 1.6268469557327878]","[0.3544264812764294, 0.9595303055741905]",ESTIMABLE,"[-0.10770721557479379, -0.052874779341659774]"
0.2689834613179308,True,"[0.3472725572325955, 0.9592200052050907]",0.654390642508471,True,True,False,banglaclick:facebook,ESTIMABLE,ebm,"[0.8078169659220155, 1.6274663641204445]",1.1674251510047917,True,65537,False,0.4624353528931694,"[0.14923958479706956, 0.3794285948871137]","[0.8078169659220155, 1.6274663641204445]","[0.3472725572325955, 0.9592200052050907]",ESTIMABLE,"[-0.10697659350613667, -0.05301728093522293]"
0.24105876241383328,True,"[0.4608671962868948, 0.838953117610362]",0.6459252540185182,True,True,False,banglaclick:facebook,ESTIMABLE,tfidf_lr,"[1.1429835277154632, 1.7138284161793316]",1.4233312293010296,True,42,False,0.5618718465513277,"[0.16505836488868375, 0.31698630422116564]","[1.1429835277154632, 1.7138284161793316]","[0.4608671962868948, 0.838953117610362]",ESTIMABLE,"[-0.20225141479867753, -0.13295044266535913]"
0.24105876241383328,True,"[0.45410576671324915, 0.8409957651151417]",0.6459252540185182,True,True,False,banglaclick:facebook,ESTIMABLE,tfidf_lr,"[1.1458108720091846, 1.7230593418161435]",1.4233312293010296,True,137,False,0.5618718465513277,"[0.1645821802569761, 0.3187611321035397]","[1.1458108720091846, 1.7230593418161435]","[0.45410576671324915, 0.8409957651151417]",ESTIMABLE,"[-0.20465618274930808, -0.13289556980082076]"
0.24105876241383328,True,"[0.4571523890344768, 0.8460718845481601]",0.6459252540185182,True,True,False,banglaclick:facebook,ESTIMABLE,tfidf_lr,"[1.151820610084427, 1.7256776378406824]",1.4233312293010296,True,2718,False,0.5618718465513277,"[0.1627060784932554, 0.3168720556606614]","[1.151820610084427, 1.7256776378406824]","[0.4571523890344768, 0.8460718845481601]",ESTIMABLE,"[-0.20407020693627387, -0.133749151682989]"
0.24105876241383328,True,"[0.4593924545374144, 0.8415490493458084]",0.6459252540185182,True,True,False,banglaclick:facebook,ESTIMABLE,tfidf_lr,"[1.15688284802188, 1.7193586196292365]",1.4233312293010296,True,31415,False,0.5618718465513277,"[0.16527094083394395, 0.31751513018316624]","[1.15688284802188, 1.7193586196292365]","[0.4593924545374144, 0.8415490493458084]",ESTIMABLE,"[-0.20357060737738233, -0.13353119873790875]"
0.24105876241383328,True,"[0.45996303158907886, 0.8387760686215872]",0.6459252540185182,True,True,False,banglaclick:facebook,ESTIMABLE,tfidf_lr,"[1.1463278423276761, 1.7302622159441472]",1.4233312293010296,True,65537,False,0.5618718465513277,"[0.1661445857214579, 0.31534963462707577]","[1.1463278423276761, 1.7302622159441472]","[0.45996303158907886, 0.8387760686215872]",ESTIMABLE,"[-0.2040882714812005, -0.13283675134569348]"
0.20433302295291056,True,"[0.4246570992841892, 1.0759961720975864]",0.7423469357125901,True,True,False,banglaclick:facebook,ESTIMABLE,xlmr,"[0.9746600013237048, 1.7282507269962368]",1.3469039732510801,True,42,False,0.6594912323418147,"[0.12227353721552701, 0.28548579138208585]","[0.9746600013237048, 1.7282507269962368]","[0.4246570992841892, 1.0759961720975864]",ESTIMABLE,"[0.17627874012950315, 0.34098066927619014]"
0.1871710684305754,True,"[0.4399156128911612, 1.151756096044781]",0.7890418370614846,True,True,False,banglaclick:facebook,ESTIMABLE,xlmr,"[1.0357965947355126, 1.9138179321853566]",1.4630524103952207,True,137,False,0.6794839278387238,"[0.10738211901463778, 0.2676386410894756]","[1.0357965947355126, 1.9138179321853566]","[0.4399156128911612, 1.151756096044781]",ESTIMABLE,"[0.1681033546839903, 0.33173223484640724]"
0.21032866067449163,True,"[0.4854256490406797, 1.1628843536451983]",0.8134385394528013,True,True,False,banglaclick:facebook,ESTIMABLE,xlmr,"[0.9799183648191865, 1.7835281291708192]",1.3691476582229625,True,2718,False,0.6563360928122788,"[0.1296170735364552, 0.2954100429643278]","[0.9799183648191865, 1.7835281291708192]","[0.4854256490406797, 1.1628843536451983]",ESTIMABLE,"[0.12113365581698719, 0.2368369655580576]"
0.19744813597284927,True,"[0.41219909359322854, 1.0431217172719294]",0.7188521825274656,True,True,False,banglaclick:facebook,ESTIMABLE,xlmr,"[0.9125688243877246, 1.6321211280390961]",1.2642313300427228,True,31415,False,0.6620410449948372,"[0.12134239067778989, 0.2782952388799718]","[0.9125688243877246, 1.6321211280390961]","[0.41219909359322854, 1.0431217172719294]",ESTIMABLE,"[0.17736954823388182, 0.3371663040673745]"
0.21486668947627818,True,"[0.5006316537396305, 1.1130993621329928]",0.792994545210848,True,True,False,banglaclick:facebook,ESTIMABLE,xlmr,"[0.9485815031290442, 1.655860854239909]",1.2913117725541976,True,65537,False,0.655259580396878,"[0.13884722655136217, 0.2965701603242179]","[0.9485815031290442, 1.655860854239909]","[0.5006316537396305, 1.1130993621329928]",ESTIMABLE,"[0.17209363054009535, 0.3380899443082348]"
0.057194009019424064,True,"[0.16015764347825168, 1.0325284554532095]",0.3280328167390222,True,True,False,banglaclick:youtube,ESTIMABLE,banglabert,"[0.7509708081692491, 2.664028120767361]",1.3505821224126007,True,42,False,0.8158244149029772,"[0.03682700629996171, 0.20327184732997072]","[0.7509708081692491, 2.664028120767361]","[0.16015764347825168, 1.0325284554532095]",ESTIMABLE,"[0.08186377057647523, 0.43925435075818897]"
0.07462746564639977,True,"[0.20763466365692634, 0.9866681493887491]",0.3620297467422636,True,True,False,banglaclick:youtube,ESTIMABLE,banglabert,"[0.8996801112969213, 2.6564078794798682]",1.5028258024609518,True,137,False,0.7987554190462478,"[0.051097935690972776, 0.23393444803444544]","[0.8996801112969213, 2.6564078794798682]","[0.20763466365692634, 0.9866681493887491]",ESTIMABLE,"[0.11761490967571712, 0.5280980972559579]"
0.06144610155339403,True,"[0.19585765055167612, 1.0091437479017065]",0.3251883753121483,True,True,False,banglaclick:youtube,ESTIMABLE,banglabert,"[0.955644442644185, 2.7284110727322437]",1.493714728044641,True,2718,False,0.814128713346451,"[0.04242499691892048, 0.21390715201526012]","[0.955644442644185, 2.7284110727322437]","[0.19585765055167612, 1.0091437479017065]",ESTIMABLE,"[0.1495628554778222, 0.6093545309702393]"
0.06056239247504558,True,"[0.19658120656255612, 1.0169066919569167]",0.3181596890447231,True,True,False,banglaclick:youtube,ESTIMABLE,banglabert,"[0.7406339809882116, 2.6504698529919604]",1.312754357826957,True,31415,False,0.8131688822767194,"[0.03794791806937618, 0.21477965501562102]","[0.7406339809882116, 2.6504698529919604]","[0.19658120656255612, 1.0169066919569167]",ESTIMABLE,"[0.08415644614616534, 0.4597734879671668]"
0.0641509011007072,True,"[0.10425454465624043, 0.9202504048742881]",0.24075443397756296,True,True,False,banglaclick:youtube,ESTIMABLE,banglabert,"[0.5952938091701719, 2.454232440006448]",1.1955293649589533,True,65537,False,0.8087056678024668,"[0.04296762054060382, 0.20795301545107958]","[0.5952938091701719, 2.454232440006448]","[0.10425454465624043, 0.9202504048742881]",ESTIMABLE,"[0.04827241491783562, 0.4449261216246488]"
-0.08549431406139207,True,"[-0.269380774194384, 0.322175505706938]",-0.17920759890947868,True,True,True,banglaclick:youtube,ESTIMABLE,ebm,"[-0.10579918598769524, 1.4828816342198472]",0.38601927730854946,True,42,False,0.8168402361184431,"[-0.11372586208942315, 0.07175985118434516]","[-0.10579918598769524, 1.4828816342198472]","[-0.269380774194384, 0.322175505706938]",ESTIMABLE,"[-0.10019415734790135, -0.005975079122409425]"
-0.08554816368963736,True,"[-0.2637217958856793, 0.31485513602508175]",-0.17958384398475907,True,True,True,banglaclick:youtube,ESTIMABLE,ebm,"[-0.08838179530989185, 1.4633000565225018]",0.38538864698148795,True,137,False,0.8171121882548671,"[-0.11098913961566001, 0.06871007135937635]","[-0.08838179530989185, 1.4633000565225018]","[-0.2637217958856793, 0.31485513602508175]",ESTIMABLE,"[-0.09900899883804307, -0.006902100657584772]"
-0.08538376152529636,True,"[-0.26765786702339744, 0.32041790923446817]",-0.1789710766128057,True,True,True,banglaclick:youtube,ESTIMABLE,ebm,"[-0.10489894881362581, 1.4892697344938104]",0.3869619560931682,True,2718,False,0.8167922445649566,"[-0.11201030977578388, 0.07517579586800821]","[-0.10489894881362581, 1.4892697344938104]","[-0.26765786702339744, 0.32041790923446817]",ESTIMABLE,"[-0.09954869109616563, -0.006328942863724361]"
-0.085734359614557,True,"[-0.2669999460705184, 0.32039593074818157]",-0.1793694983330852,True,True,True,banglaclick:youtube,ESTIMABLE,ebm,"[-0.10207570787360672, 1.4933097374963376]",0.38599585833646766,True,31415,False,0.8169362192254163,"[-0.11221758011753735, 0.07195607155273494]","[-0.10207570787360672, 1.4933097374963376]","[-0.2669999460705184, 0.32039593074818157]",ESTIMABLE,"[-0.09940974294289907, -0.006583432532271472]"
-0.08553340219881156,True,"[-0.26486726399210514, 0.2906856108976743]",-0.17926647383908823,True,True,True,banglaclick:youtube,ESTIMABLE,ebm,"[-0.09466353725255384, 1.4439852988659632]",0.3860289240856132,True,65537,False,0.8169522164099118,"[-0.11162216046064799, 0.06636181584110172]","[-0.09466353725255384, 1.4439852988659632]","[-0.26486726399210514, 0.2906856108976743]",ESTIMABLE,"[-0.09685488507356568, -0.006840169200282698]"
0.042344472125244836,True,"[0.04462835295371776, 0.5947064003083871]",0.160629415719637,True,True,True,banglaclick:youtube,ESTIMABLE,tfidf_lr,"[0.8258726320771161, 2.1080066379155897]",1.2905292221225768,True,42,True,0.7605861368399162,"[0.0036615111251700363, 0.20942793886912806]","[0.8258726320771161, 2.1080066379155897]","[0.04462835295371776, 0.5947064003083871]",ESTIMABLE,"[-0.25140697225264225, -0.08030205703500994]"
0.042344472125244836,True,"[0.044507204417715586, 0.5996700254390882]",0.160629415719637,True,True,True,banglaclick:youtube,ESTIMABLE,tfidf_lr,"[0.8250277909575515, 2.1127245579153673]",1.2905292221225768,True,137,True,0.7605861368399162,"[0.0031421476016155274, 0.20528781126373039]","[0.8250277909575515, 2.1127245579153673]","[0.044507204417715586, 0.5996700254390882]",ESTIMABLE,"[-0.25340582278973817, -0.08018521646903587]"
0.042344472125244836,True,"[0.04804566233572186, 0.6060436168473924]",0.160629415719637,True,True,True,banglaclick:youtube,ESTIMABLE,tfidf_lr,"[0.8561771706478895, 2.1222505364969626]",1.2905292221225768,True,2718,True,0.7605861368399162,"[0.0033752185491712334, 0.2122845898593341]","[0.8561771706478895, 2.1222505364969626]","[0.04804566233572186, 0.6060436168473924]",ESTIMABLE,"[-0.2513699457957135, -0.08296102561785418]"
0.042344472125244836,True,"[0.0474604565143345, 0.6038409382820087]",0.160629415719637,True,True,True,banglaclick:youtube,ESTIMABLE,tfidf_lr,"[0.8431837522229296, 2.117470948334663]",1.2905292221225768,True,31415,True,0.7605861368399162,"[0.003485565838082933, 0.20977484964547025]","[0.8431837522229296, 2.117470948334663]","[0.0474604565143345, 0.6038409382820087]",ESTIMABLE,"[-0.2532204926655106, -0.08342597286301907]"
0.042344472125244836,True,"[0.04479563650028826, 0.623647420573693]",0.160629415719637,True,True,True,banglaclick:youtube,ESTIMABLE,tfidf_lr,"[0.8459440184813286, 2.130710004839763]",1.2905292221225768,True,65537,True,0.7605861368399162,"[0.005817053460525129, 0.2177155459473385]","[0.8459440184813286, 2.130710004839763]","[0.04479563650028826, 0.623647420573693]",ESTIMABLE,"[-0.2538614721776754, -0.08381766282287872]"
0.06772436887473521,True,"[0.16660951038995397, 0.8383461240879542]",0.3438824365884426,True,True,False,banglaclick:youtube,ESTIMABLE,xlmr,"[0.8669923706289415, 2.32430237853404]",1.4924291068598636,True,42,False,0.7960998864199901,"[0.05040636952009048, 0.16626370858793063]","[0.8669923706289415, 2.32430237853404]","[0.16660951038995397, 0.8383461240879542]",ESTIMABLE,"[0.14133830580181686, 0.4708269997395984]"
0.07085905635472411,True,"[0.1706048475062322, 0.9390052803676509]",0.3585919525988566,True,True,False,banglaclick:youtube,ESTIMABLE,xlmr,"[0.8102309349245442, 2.571763362513573]",1.5037157083400885,True,137,False,0.7957959399145751,"[0.052296987198083636, 0.19249716735163505]","[0.8102309349245442, 2.571763362513573]","[0.1706048475062322, 0.9390052803676509]",ESTIMABLE,"[0.11290007242237637, 0.44788337128168026]"
0.06819728376144207,True,"[0.191901581148481, 0.9668046845215605]",0.3116340075889688,True,True,False,banglaclick:youtube,ESTIMABLE,xlmr,"[0.7719094952212722, 2.573688171607454]",1.4069949696453068,True,2718,False,0.7984674697253283,"[0.04579766879793613, 0.18931265126258848]","[0.7719094952212722, 2.573688171607454]","[0.191901581148481, 0.9668046845215605]",ESTIMABLE,"[0.07273670153815515, 0.34904721268002187]"
0.05097547937916602,True,"[0.12287316937877675, 0.816670866171225]",0.28298384250729647,True,True,False,banglaclick:youtube,ESTIMABLE,xlmr,"[0.7292891581423918, 2.206308529136242]",1.3423075165992984,True,31415,False,0.8085137015885204,"[0.03767253684551758, 0.1650271063495453]","[0.7292891581423918, 2.206308529136242]","[0.12287316937877675, 0.816670866171225]",ESTIMABLE,"[0.10784976190294203, 0.4655782080251558]"
0.05462179866008976,True,"[0.19302112920280165, 0.9075191848898616]",0.30334656602821297,True,True,False,banglaclick:youtube,ESTIMABLE,xlmr,"[0.5061516110811968, 2.385745786558189]",1.211562356775024,True,65537,False,0.8155044712130665,"[0.030748412250613533, 0.1771088056686932]","[0.5061516110811968, 2.385745786558189]","[0.19302112920280165, 0.9075191848898616]",ESTIMABLE,"[0.06280994624746492, 0.5041186643879786]"
0.195703212379724,True,"[0.5908264898590122, 0.9086250960905231]",0.7408395973903614,True,True,False,banglaclick:twitter,ESTIMABLE,banglabert,"[1.1948131121453878, 1.704989072806667]",1.4506592241873504,True,42,False,0.6773152115426773,"[0.14323400305590703, 0.2523037176980442]","[1.1948131121453878, 1.704989072806667]","[0.5908264898590122, 0.9086250960905231]",ESTIMABLE,"[0.15698059000458423, 0.23276193351618416]"
0.2192646280514231,True,"[0.593169443056527, 0.8927015353520802]",0.7350321001836839,True,True,False,banglaclick:twitter,ESTIMABLE,banglabert,"[1.2838006767476562, 1.8078508845178292]",1.5377367094337648,True,137,False,0.6541182566412245,"[0.1633608112088325, 0.27909939301156494]","[1.2838006767476562, 1.8078508845178292]","[0.593169443056527, 0.8927015353520802]",ESTIMABLE,"[0.21137512997486899, 0.3039722467628864]"
0.1942340149636167,True,"[0.5056022130116273, 0.7982736541936237]",0.6464592973054949,True,True,False,banglaclick:twitter,ESTIMABLE,banglabert,"[1.1469819906175545, 1.6228882488649854]",1.3808802374763434,True,2718,False,0.6813407999362283,"[0.14139243821663847, 0.25215851908215764]","[1.1469819906175545, 1.6228882488649854]","[0.5056022130116273, 0.7982736541936237]",ESTIMABLE,"[0.19395593448858853, 0.286308907241863]"
0.1803535669457107,True,"[0.45510593700168134, 0.7533930405375217]",0.5972467600483876,True,True,False,banglaclick:twitter,ESTIMABLE,banglabert,"[0.9893578695957529, 1.4396292461167424]",1.2107989869870872,True,31415,False,0.6933777078060542,"[0.1286937451208717, 0.2359643884087284]","[0.9893578695957529, 1.4396292461167424]","[0.45510593700168134, 0.7533930405375217]",ESTIMABLE,"[0.12220263721905625, 0.19386523569123268]"
0.18808804023580317,True,"[0.37350261477852936, 0.6734802997056748]",0.5180320110853911,True,True,False,banglaclick:twitter,ESTIMABLE,banglabert,"[0.8950517354527647, 1.3482890799536371]",1.1155364176663678,True,65537,False,0.6847685286673708,"[0.1352205024992006, 0.24522360528368214]","[0.8950517354527647, 1.3482890799536371]","[0.37350261477852936, 0.6734802997056748]",ESTIMABLE,"[0.1066578721720334, 0.18455622281416015]"
0.11897819850735891,True,"[0.09314790588115657, 0.32575299384793993]",0.20907799034737468,True,True,False,banglaclick:twitter,ESTIMABLE,ebm,"[0.6712541474378674, 1.0482315511514664]",0.8542393312627377,True,42,False,0.6123677235496922,"[0.05713999246219738, 0.17569771331015943]","[0.6712541474378674, 1.0482315511514664]","[0.09314790588115657, 0.32575299384793993]",ESTIMABLE,"[-0.07173786669563072, -0.048026911553900674]"
0.11927601563719215,True,"[0.08921170350101468, 0.31894144059962437]",0.2096032024361557,True,True,False,banglaclick:twitter,ESTIMABLE,ebm,"[0.666934888742398, 1.0378314493261023]",0.8559588009640642,True,137,False,0.6122880089280376,"[0.05543994783878416, 0.17446366025653834]","[0.666934888742398, 1.0378314493261023]","[0.08921170350101468, 0.31894144059962437]",ESTIMABLE,"[-0.07153704458392869, -0.047638507237179696]"
0.1190208308345545,True,"[0.09221353613989723, 0.32815887467849014]",0.2094047820787647,True,True,False,banglaclick:twitter,ESTIMABLE,ebm,"[0.6774598004233586, 1.052349798786946]",0.8565616003730915,True,2718,False,0.6123876522051057,"[0.056222513753627405, 0.1774753728229037]","[0.6774598004233586, 1.052349798786946]","[0.09221353613989723, 0.32815887467849014]",ESTIMABLE,"[-0.0725846845936628, -0.04828497689738845]"
0.11879427875033988,True,"[0.09412309822926057, 0.32702728896262095]",0.2095904530024901,True,True,False,banglaclick:twitter,ESTIMABLE,ebm,"[0.6749021557691809, 1.0525059401598755]",0.8562602279712995,True,31415,False,0.6124075808605194,"[0.059082394370008465, 0.17763940095348968]","[0.6749021557691809, 1.0525059401598755]","[0.09412309822926057, 0.32702728896262095]",ESTIMABLE,"[-0.07206878380280297, -0.047924889838363356]"
0.11917066259388986,True,"[0.09167835649627677, 0.3270723221566615]",0.20957752549053238,True,True,False,banglaclick:twitter,ESTIMABLE,ebm,"[0.6667024500155181, 1.0466287776343113]",0.8555826942841904,True,65537,False,0.6122481516172104,"[0.058143171584675954, 0.17844037510081487]","[0.6667024500155181, 1.0466287776343113]","[0.09167835649627677, 0.3270723221566615]",ESTIMABLE,"[-0.07175031374713926, -0.04753195798312327]"
0.1976176294318901,True,"[0.5536238849036125, 0.7631554666533696]",0.6550315304161868,True,True,False,banglaclick:twitter,ESTIMABLE,tfidf_lr,"[1.5132814057620225, 2.0699353504889912]",1.788695760345551,True,42,False,0.6053129795332709,"[0.14385379403755677, 0.25716318212764583]","[1.5132814057620225, 2.0699353504889912]","[0.5536238849036125, 0.7631554666533696]",ESTIMABLE,"[-0.24283532901730626, -0.18246975002972038]"
0.1976176294318901,True,"[0.5552289020085085, 0.7633869181436354]",0.6550315304161868,True,True,False,banglaclick:twitter,ESTIMABLE,tfidf_lr,"[1.504383805727797, 2.081156606403172]",1.788695760345551,True,137,False,0.6053129795332709,"[0.1438959594667077, 0.25671248415591036]","[1.504383805727797, 2.081156606403172]","[0.5552289020085085, 0.7633869181436354]",ESTIMABLE,"[-0.24437374542261922, -0.18205308363752776]"
0.1976176294318901,True,"[0.5492616865808114, 0.7678463801823]",0.6550315304161868,True,True,False,banglaclick:twitter,ESTIMABLE,tfidf_lr,"[1.5080551041138766, 2.0824665214899145]",1.788695760345551,True,2718,False,0.6053129795332709,"[0.14382763915076283, 0.2563609230274619]","[1.5080551041138766, 2.0824665214899145]","[0.5492616865808114, 0.7678463801823]",ESTIMABLE,"[-0.24446617610115828, -0.1823264370611049]"
0.1976176294318901,True,"[0.5518486187821988, 0.7632495524637984]",0.6550315304161868,True,True,False,banglaclick:twitter,ESTIMABLE,tfidf_lr,"[1.5045424962539826, 2.076906388977966]",1.788695760345551,True,31415,False,0.6053129795332709,"[0.14060452630113826, 0.2563258265541166]","[1.5045424962539826, 2.076906388977966]","[0.5518486187821988, 0.7632495524637984]",ESTIMABLE,"[-0.24436317595809176, -0.182135080872534]"
0.1976176294318901,True,"[0.551750096081108, 0.7625623174248035]",0.6550315304161868,True,True,False,banglaclick:twitter,ESTIMABLE,tfidf_lr,"[1.4921828517792628, 2.0907607220479525]",1.788695760345551,True,65537,False,0.6053129795332709,"[0.14332129627090304, 0.2580068241484666]","[1.4921828517792628, 2.0907607220479525]","[0.551750096081108, 0.7625623174248035]",ESTIMABLE,"[-0.24410091217208568, -0.18065982494017255]"
0.2236560574430343,True,"[0.6767547551350667, 0.9933960436876001]",0.8308807209029505,True,True,False,banglaclick:twitter,ESTIMABLE,xlmr,"[1.5188931416164375, 2.134694004514589]",1.815831397397738,True,42,False,0.640168197851691,"[0.17102991068243015, 0.27964274979572734]","[1.5188931416164375, 2.134694004514589]","[0.6767547551350667, 0.9933960436876001]",ESTIMABLE,"[0.29377508299666905, 0.405729658032098]"
0.23756713082758063,True,"[0.8126631051572014, 1.1430474203466443]",0.9722732619686214,True,True,False,banglaclick:twitter,ESTIMABLE,xlmr,"[1.7480712907926217, 2.411029436470403]",2.0709653360789853,True,137,False,0.6290878654417186,"[0.18620898324508323, 0.29277261845159575]","[1.7480712907926217, 2.411029436470403]","[0.8126631051572014, 1.1430474203466443]",ESTIMABLE,"[0.2997462082963365, 0.4038926589560587]"
0.23801531846415136,True,"[0.7352510250956731, 1.080242868844531]",0.9062583523209005,True,True,False,banglaclick:twitter,ESTIMABLE,xlmr,"[1.5290113739654245, 2.1477633050367677]",1.834187628388379,True,2718,False,0.628649435022619,"[0.18030700444416473, 0.296781752603906]","[1.5290113739654245, 2.1477633050367677]","[0.7352510250956731, 1.080242868844531]",ESTIMABLE,"[0.19933305376471747, 0.2768836277872809]"
0.2091374401996361,True,"[0.7158138294153156, 1.0337899220114815]",0.8691122859491919,True,True,False,banglaclick:twitter,ESTIMABLE,xlmr,"[1.4776099250826225, 2.0550298116948573]",1.7664943663981127,True,31415,False,0.6503517407680504,"[0.1575757193726842, 0.26779884067812004]","[1.4776099250826225, 2.0550298116948573]","[0.7158138294153156, 1.0337899220114815]",ESTIMABLE,"[0.30399172235725125, 0.4130027367646071]"
0.2223253969980492,True,"[0.7236331519394421, 1.0697429525179105]",0.8918756864781917,True,True,False,banglaclick:twitter,ESTIMABLE,xlmr,"[1.4308503546503182, 2.0213985307039195]",1.7223333243884626,True,65537,False,0.647800872875107,"[0.1672519749501805, 0.2820055062331561]","[1.4308503546503182, 2.0213985307039195]","[0.7236331519394421, 1.0697429525179105]",ESTIMABLE,"[0.2848063392649237, 0.40087496172753906]"
-0.07248877095661244,False,,0.020203221126451964,False,True,True,baitbuster:youtube_human,NON_ESTIMABLE_UNDER_LOCKED_BOOTSTRAP,banglabert,"[-0.5950175215822374, 1.3125597135414677]",0.2808990037269481,True,42,,0.9455071948790137,,"[-0.5950175215822374, 1.3125597135414677]",,ESTIMABLE,"[-0.05355658964204459, 0.17512924946062927]"
-0.05967986378953272,False,,0.1004876032591869,False,True,True,baitbuster:youtube_human,NON_ESTIMABLE_UNDER_LOCKED_BOOTSTRAP,banglabert,"[-0.5912749221917587, 1.4909489513639589]",0.40956822597599835,True,137,,0.9330627484821803,,"[-0.5912749221917587, 1.4909489513639589]",,ESTIMABLE,"[-0.05979906525261289, 0.24324366005909445]"
-0.06699978995288292,False,,0.0561538722985117,False,True,True,baitbuster:youtube_human,NON_ESTIMABLE_UNDER_LOCKED_BOOTSTRAP,banglabert,"[-0.5888837345190294, 1.4893077142948576]",0.36753009918676754,True,2718,,0.9425746048527279,,"[-0.5888837345190294, 1.4893077142948576]",,ESTIMABLE,"[-0.06755342565211954, 0.27332121523975034]"
-0.0809570702666168,False,,0.006794938845452389,False,True,True,baitbuster:youtube_human,NON_ESTIMABLE_UNDER_LOCKED_BOOTSTRAP,banglabert,"[-0.5975146279256274, 1.2675075393358237]",0.2650535804572767,True,31415,,0.9546883450183817,,"[-0.5975146279256274, 1.2675075393358237]",,ESTIMABLE,"[-0.05185089551536299, 0.17519303593805532]"
-0.0624522201340314,False,,-0.06742160480437644,False,True,True,baitbuster:youtube_human,NON_ESTIMABLE_UNDER_LOCKED_BOOTSTRAP,banglabert,"[-0.5654133046875519, 1.0045207834497647]",0.20851769128116981,True,65537,,0.9353087890372054,,"[-0.5654133046875519, 1.0045207834497647]",,ESTIMABLE,"[-0.06653811988601703, 0.1310014174726223]"
-0.20116710688581485,False,,-0.37948708837774564,False,True,False,baitbuster:youtube_human,NON_ESTIMABLE_UNDER_LOCKED_BOOTSTRAP,ebm,"[-0.6581191457895124, 0.5957632995528067]",-0.14616906751524283,True,42,,0.9325130289428659,,"[-0.6581191457895124, 0.5957632995528067]",,ESTIMABLE,"[-0.035732554856751315, 0.02148412131141319]"
-0.20085024603198642,False,,-0.37943165112933014,False,True,False,baitbuster:youtube_human,NON_ESTIMABLE_UNDER_LOCKED_BOOTSTRAP,ebm,"[-0.6565967060663044, 0.594781743097905]",-0.14606224566359738,True,137,,0.9324142705972162,,"[-0.6565967060663044, 0.594781743097905]",,ESTIMABLE,"[-0.03551166790837136, 0.021822133308330712]"
-0.20100281829922317,False,,-0.3787689091832942,False,True,False,baitbuster:youtube_human,NON_ESTIMABLE_UNDER_LOCKED_BOOTSTRAP,ebm,"[-0.6495498372415045, 0.602459431109527]",-0.14529872380515227,True,2718,,0.9324113013388834,,"[-0.6495498372415045, 0.602459431109527]",,ESTIMABLE,"[-0.03590264285510476, 0.021623330169575055]"
-0.2012384021654633,False,,-0.37934834964466163,False,True,False,baitbuster:youtube_human,NON_ESTIMABLE_UNDER_LOCKED_BOOTSTRAP,ebm,"[-0.6469344220492178, 0.5984385994407533]",-0.14597592759910208,True,31415,,0.9324402617763226,,"[-0.6469344220492178, 0.5984385994407533]",,ESTIMABLE,"[-0.035568097476092984, 0.021252876123105918]"
-0.20092008603418487,False,,-0.3787647615175663,False,True,False,baitbuster:youtube_human,NON_ESTIMABLE_UNDER_LOCKED_BOOTSTRAP,ebm,"[-0.6672989928244402, 0.6161869935396845]",-0.14536947867640332,True,65537,,0.9323389002452851,,"[-0.6672989928244402, 0.6161869935396845]",,ESTIMABLE,"[-0.03639567341343506, 0.022319141631470977]"
-0.03807333551149783,False,,0.037540777187236155,False,True,True,baitbuster:youtube_human,NON_ESTIMABLE_UNDER_LOCKED_BOOTSTRAP,tfidf_lr,"[-0.5392962113327123, 1.4738866253264922]",0.3922105052380073,True,42,,0.8410039444766588,,"[-0.5392962113327123, 1.4738866253264922]",,ESTIMABLE,"[-0.1580723280624482, 0.04476777075572362]"
-0.03807333551149783,False,,0.037540777187236155,False,True,True,baitbuster:youtube_human,NON_ESTIMABLE_UNDER_LOCKED_BOOTSTRAP,tfidf_lr,"[-0.5251436296612354, 1.4698756745709272]",0.3922105052380073,True,137,,0.8410039444766588,,"[-0.5251436296612354, 1.4698756745709272]",,ESTIMABLE,"[-0.15806368679110516, 0.040926519578717846]"
-0.03807333551149783,False,,0.037540777187236155,False,True,True,baitbuster:youtube_human,NON_ESTIMABLE_UNDER_LOCKED_BOOTSTRAP,tfidf_lr,"[-0.4830873007635559, 1.4670474630745358]",0.3922105052380073,True,2718,,0.8410039444766588,,"[-0.4830873007635559, 1.4670474630745358]",,ESTIMABLE,"[-0.15767575473187795, 0.036743085392761915]"
-0.03807333551149783,False,,0.037540777187236155,False,True,True,baitbuster:youtube_human,NON_ESTIMABLE_UNDER_LOCKED_BOOTSTRAP,tfidf_lr,"[-0.5431908125572822, 1.5012691025621339]",0.3922105052380073,True,31415,,0.8410039444766588,,"[-0.5431908125572822, 1.5012691025621339]",,ESTIMABLE,"[-0.16257677236517407, 0.04396413313705662]"
-0.03807333551149783,False,,0.037540777187236155,False,True,True,baitbuster:youtube_human,NON_ESTIMABLE_UNDER_LOCKED_BOOTSTRAP,tfidf_lr,"[-0.5524261895204087, 1.4851617081369226]",0.3922105052380073,True,65537,,0.8410039444766588,,"[-0.5524261895204087, 1.4851617081369226]",,ESTIMABLE,"[-0.15982870305936867, 0.04581357588325529]"
-0.01871263753668795,False,,0.17393298210689453,False,True,True,baitbuster:youtube_human,NON_ESTIMABLE_UNDER_LOCKED_BOOTSTRAP,xlmr,"[-0.5934617156602009, 1.6700966989829489]",0.5111554412474956,True,42,,0.8825368928314132,,"[-0.5934617156602009, 1.6700966989829489]",,ESTIMABLE,"[-0.0794671061398503, 0.304074828906068]"
-0.02430828563810683,False,,0.1395225133032021,False,True,True,baitbuster:youtube_human,NON_ESTIMABLE_UNDER_LOCKED_BOOTSTRAP,xlmr,"[-0.6293618943506711, 1.5144800324684682]",0.4489247974120791,True,137,,0.890963281907406,,"[-0.6293618943506711, 1.5144800324684682]",,ESTIMABLE,"[-0.06458654873936573, 0.22843360681715866]"
-0.04984332224509902,False,,0.10006894862662147,False,True,True,baitbuster:youtube_human,NON_ESTIMABLE_UNDER_LOCKED_BOOTSTRAP,xlmr,"[-0.5607398323724282, 1.366091939335966]",0.38677849714463786,True,2718,,0.9165080757318694,,"[-0.5607398323724282, 1.366091939335966]",,ESTIMABLE,"[-0.03707650259103697, 0.16039880968708067]"
-0.036201038181475576,False,,0.17734433367823849,False,True,True,baitbuster:youtube_human,NON_ESTIMABLE_UNDER_LOCKED_BOOTSTRAP,xlmr,"[-0.5525442807350371, 1.475320644514703]",0.46389334640110735,True,31415,,0.895690219149162,,"[-0.5525442807350371, 1.475320644514703]",,ESTIMABLE,"[-0.07854167000247368, 0.26843231535553796]"
-0.06516458158973626,False,,0.02333519205999947,False,True,True,baitbuster:youtube_human,NON_ESTIMABLE_UNDER_LOCKED_BOOTSTRAP,xlmr,"[-0.579887362303294, 1.1489595997259914]",0.2610783190570294,True,65537,,0.9352908514628925,,"[-0.579887362303294, 1.1489595997259914]",,ESTIMABLE,"[-0.07183231579414788, 0.1997350024472569]"
