aurc_bootstrap_attempts,aurc_ci95,aurc_estimability_status,aurc_invalid_rate,aurc_invalid_reason_counts,aurc_invalid_replicates,aurc_p,aurc_valid_replicates,bootstrap_attempts,budget,domain,error_capture_bootstrap_attempts,error_capture_ci95,error_capture_estimability_status,error_capture_invalid_rate,error_capture_invalid_reason_counts,error_capture_invalid_replicates,error_capture_p,error_capture_valid_replicates,lift_bootstrap_attempts,lift_ci95,lift_estimability_status,lift_invalid_rate,lift_invalid_reason_counts,lift_invalid_replicates,lift_p,lift_valid_replicates,model,primary_budget,seed,source_aurc,source_error_capture,source_lift,target_aurc,target_error_capture,target_lift,target_minus_source_aurc,target_minus_source_error_capture,target_minus_source_lift
5000,"[0.3372039309886954, 0.42576487281969916]",ESTIMABLE,0.0,{},0,0.0,5000,5000,0.05,banglaclick:news,5000,"[-0.053807086322742226, -0.017082845290354327]",ESTIMABLE,0.0,{},0,0.0,5000,5000,"[-1.5235556241829817, -1.0915594123983865]",ESTIMABLE,0.0,{},0,0.0,5000,ebm,False,42,0.178701055078645,0.07919463087248323,2.51187969924812,0.557148255532055,0.04179728317659352,1.225531914893617,0.37844720045341007,-0.037397347695889704,-1.2863477843545028
5000,"[0.33623826505790827, 0.42662526824635677]",ESTIMABLE,0.0,{},0,0.0,5000,5000,0.05,banglaclick:news,5000,"[-0.054466563903532786, -0.017229058671982815]",ESTIMABLE,0.0,{},0,0.0008,5000,5000,"[-1.520229616497738, -1.0867331381235963]",ESTIMABLE,0.0,{},0,0.0,5000,ebm,False,137,0.17857443333740564,0.07919463087248323,2.51187969924812,0.5571144130072924,0.04079497907949791,1.225531914893617,0.37853997966988673,-0.038399651792985316,-1.2863477843545028
5000,"[0.3364546316578812, 0.42567405526187463]",ESTIMABLE,0.0,{},0,0.0,5000,5000,0.05,banglaclick:news,5000,"[-0.0529014716235841, -0.01683758489920304]",ESTIMABLE,0.0,{},0,0.0,5000,5000,"[-1.529789042183041, -1.093639705197899]",ESTIMABLE,0.0,{},0,0.0,5000,ebm,False,2718,0.17863241072049146,0.07785234899328859,2.51187969924812,0.5571176628551188,0.04179728317659352,1.225531914893617,0.3784852521346273,-0.03605506581669507,-1.2863477843545028
5000,"[0.3353514698081316, 0.4236876680067102]",ESTIMABLE,0.0,{},0,0.0,5000,5000,0.05,banglaclick:news,5000,"[-0.05235901840330756, -0.015753437422594718]",ESTIMABLE,0.0,{},0,0.0,5000,5000,"[-1.5189279309859782, -1.089099879871262]",ESTIMABLE,0.0,{},0,0.0,5000,ebm,False,31415,0.17878738311633943,0.07785234899328859,2.51187969924812,0.557015492197831,0.04179728317659352,1.225531914893617,0.3782281090814915,-0.03605506581669507,-1.2863477843545028
5000,"[0.336030079667803, 0.4259187394636804]",ESTIMABLE,0.0,{},0,0.0,5000,5000,0.05,banglaclick:news,5000,"[-0.05365926659495581, -0.0176865476206103]",ESTIMABLE,0.0,{},0,0.0,5000,5000,"[-1.5221436908230084, -1.091774719748668]",ESTIMABLE,0.0,{},0,0.0,5000,ebm,False,65537,0.1786741855685254,0.07785234899328859,2.51187969924812,0.5569926209832216,0.04179728317659352,1.225531914893617,0.3783184354146961,-0.03605506581669507,-1.2863477843545028
5000,"[0.39941163081375736, 0.5139703100183166]",ESTIMABLE,0.0,{},0,0.0,5000,5000,0.05,banglaclick:news,5000,"[-0.06632255509822702, -0.027187735304839988]",ESTIMABLE,0.0,{},0,0.0,5000,5000,"[-1.6355898980888486, -1.211555079892783]",ESTIMABLE,0.0,{},0,0.0,5000,tfidf_lr,False,42,0.13151102208946153,0.09144542772861357,2.6165413533834587,0.5842128834254555,0.046223224351747465,1.225531914893617,0.452701861335994,-0.0452222033768661,-1.3910094384898417
5000,"[0.40047971636756613, 0.5136046264494832]",ESTIMABLE,0.0,{},0,0.0,5000,5000,0.05,banglaclick:news,5000,"[-0.066432219478078, -0.02777942832305733]",ESTIMABLE,0.0,{},0,0.0,5000,5000,"[-1.6263160685399756, -1.21156450550748]",ESTIMABLE,0.0,{},0,0.0,5000,tfidf_lr,False,137,0.13151102208946153,0.09144542772861357,2.6165413533834587,0.5842128834254555,0.046223224351747465,1.225531914893617,0.452701861335994,-0.0452222033768661,-1.3910094384898417
5000,"[0.3977242996615822, 0.5117914964538265]",ESTIMABLE,0.0,{},0,0.0,5000,5000,0.05,banglaclick:news,5000,"[-0.067221479920607, -0.02660118999447339]",ESTIMABLE,0.0,{},0,0.0,5000,5000,"[-1.6274528267725146, -1.208281860986451]",ESTIMABLE,0.0,{},0,0.0,5000,tfidf_lr,False,2718,0.13151102208946153,0.09144542772861357,2.6165413533834587,0.5842128834254555,0.046223224351747465,1.225531914893617,0.452701861335994,-0.0452222033768661,-1.3910094384898417
5000,"[0.40092495223681995, 0.5098151656611442]",ESTIMABLE,0.0,{},0,0.0,5000,5000,0.05,banglaclick:news,5000,"[-0.06662652634804364, -0.026626280437802814]",ESTIMABLE,0.0,{},0,0.0,5000,5000,"[-1.6219829467360398, -1.2131035744198115]",ESTIMABLE,0.0,{},0,0.0,5000,tfidf_lr,False,31415,0.13151102208946153,0.09144542772861357,2.6165413533834587,0.5842128834254555,0.046223224351747465,1.225531914893617,0.452701861335994,-0.0452222033768661,-1.3910094384898417
5000,"[0.39978367268277465, 0.5109729428011824]",ESTIMABLE,0.0,{},0,0.0,5000,5000,0.05,banglaclick:news,5000,"[-0.06641010338731998, -0.026919943874139474]",ESTIMABLE,0.0,{},0,0.0,5000,5000,"[-1.6336477862136378, -1.216052039300785]",ESTIMABLE,0.0,{},0,0.0,5000,tfidf_lr,False,65537,0.13151102208946153,0.09144542772861357,2.6165413533834587,0.5842128834254555,0.046223224351747465,1.225531914893617,0.452701861335994,-0.0452222033768661,-1.3910094384898417
5000,"[0.4603980519319754, 0.5740542639778112]",ESTIMABLE,0.0,{},0,0.0,5000,5000,0.05,banglaclick:news,5000,"[-0.08837410133454095, -0.040300458190491696]",ESTIMABLE,0.0,{},0,0.0,5000,5000,"[-1.6550697130576628, -1.2733350024604004]",ESTIMABLE,0.0,{},0,0.0,5000,banglabert,False,42,0.07886068061848996,0.11192660550458716,2.7421353383458644,0.5880951958701706,0.04744069912609238,1.2765957446808511,0.5092345152516806,-0.06448590637849477,-1.4655395936650133
5000,"[0.46181348421306423, 0.5700693926375018]",ESTIMABLE,0.0,{},0,0.0,5000,5000,0.05,banglaclick:news,5000,"[-0.09791962009990418, -0.050831925101749637]",ESTIMABLE,0.0,{},0,0.0,5000,5000,"[-1.6109616166266099, -1.2213458550741307]",ESTIMABLE,0.0,{},0,0.0,5000,banglabert,False,137,0.08046850389831667,0.12361623616236163,2.700270676691729,0.5889149627798193,0.05042016806722689,1.2595744680851064,0.5084464588815025,-0.07319606809513474,-1.4406962086066226
5000,"[0.46230815667008124, 0.5846762541214715]",ESTIMABLE,0.0,{},0,0.0,5000,5000,0.05,banglaclick:news,5000,"[-0.08445739123389567, -0.037105184284744686]",ESTIMABLE,0.0,{},0,0.0,5000,5000,"[-1.6206350849581446, -1.2198087490458687]",ESTIMABLE,0.0,{},0,0.0,5000,banglabert,False,2718,0.07991916192431985,0.10964083175803403,2.6793383458646614,0.597254983854539,0.049019607843137254,1.2595744680851064,0.5173358219302192,-0.06062122391489678,-1.419763877779555
5000,"[0.44981608319325345, 0.5633157024769215]",ESTIMABLE,0.0,{},0,0.0,5000,5000,0.05,banglaclick:news,5000,"[-0.09810037348492985, -0.051928082823052266]",ESTIMABLE,0.0,{},0,0.0,5000,5000,"[-1.6603341536226608, -1.28573571342927]",ESTIMABLE,0.0,{},0,0.0,5000,banglabert,False,31415,0.07978687425081132,0.12431444241316271,2.7421353383458644,0.5799975678495342,0.05093167701863354,1.2765957446808511,0.5002106935987228,-0.07338276539452918,-1.4655395936650133
5000,"[0.4626784948925285, 0.587009798950575]",ESTIMABLE,0.0,{},0,0.0,5000,5000,0.05,banglaclick:news,5000,"[-0.0798562931284426, -0.033522385762249175]",ESTIMABLE,0.0,{},0,0.0,5000,5000,"[-1.6508028430344635, -1.257221476241597]",ESTIMABLE,0.0,{},0,0.0,5000,banglabert,False,65537,0.08127314335903915,0.10845588235294118,2.7212030075187967,0.5997065619037399,0.05301204819277108,1.2765957446808511,0.5184334185447008,-0.0554438341601701,-1.4446072628379456
5000,"[0.3830973398406608, 0.48387707664204255]",ESTIMABLE,0.0,{},0,0.0,5000,5000,0.05,banglaclick:news,5000,"[-0.09808459323270045, -0.053028894143978066]",ESTIMABLE,0.0,{},0,0.0,5000,5000,"[-1.5826419430000218, -1.168758735013501]",ESTIMABLE,0.0,{},0,0.0,5000,xlmr,False,42,0.0898416103082177,0.12411347517730496,2.6374736842105264,0.5187343412357376,0.04589371980676329,1.2595744680851064,0.4288927309275199,-0.07821975537054168,-1.37789921612542
5000,"[0.4243208891231254, 0.5229606685327033]",ESTIMABLE,0.0,{},0,0.0,5000,5000,0.05,banglaclick:news,5000,"[-0.1217169951073105, -0.07701490128927749]",ESTIMABLE,0.0,{},0,0.0,5000,5000,"[-1.5914743788099361, -1.1741266615511845]",ESTIMABLE,0.0,{},0,0.0,5000,xlmr,False,137,0.08427088336247554,0.13513513513513514,2.6584060150375937,0.555139763798478,0.034610630407911,1.2765957446808511,0.4708688804360024,-0.10052450472722414,-1.3818102703567425
5000,"[0.44133151854870306, 0.5490911154762571]",ESTIMABLE,0.0,{},0,0.0,5000,5000,0.05,banglaclick:news,5000,"[-0.08765744865355, -0.04060644925524889]",ESTIMABLE,0.0,{},0,0.0,5000,5000,"[-1.5910260630577522, -1.1735477978735895]",ESTIMABLE,0.0,{},0,0.0,5000,xlmr,False,2718,0.08355534403446875,0.1111111111111111,2.6584060150375937,0.5771675858041101,0.04926108374384237,1.2765957446808511,0.49361224176964136,-0.06185002736726874,-1.3818102703567425
5000,"[0.4182689169010376, 0.5120955956433805]",ESTIMABLE,0.0,{},0,0.0,5000,5000,0.05,banglaclick:news,5000,"[-0.09366470868198647, -0.04795694518010969]",ESTIMABLE,0.0,{},0,0.0,5000,5000,"[-1.5348848024015274, -1.1345715786830346]",ESTIMABLE,0.0,{},0,0.0,5000,xlmr,False,31415,0.09114841793720531,0.12323943661971831,2.6165413533834587,0.5556530067935708,0.052948255114320095,1.2595744680851064,0.4645045888563655,-0.07029118150539822,-1.3569668852983523
5000,"[0.3746617912261055, 0.47600903838955566]",ESTIMABLE,0.0,{},0,0.0,5000,5000,0.05,banglaclick:news,5000,"[-0.11521202042707171, -0.06598763640262938]",ESTIMABLE,0.0,{},0,0.0,5000,5000,"[-1.659173104543207, -1.2398237345507008]",ESTIMABLE,0.0,{},0,0.0,5000,xlmr,False,65537,0.08191979921365786,0.14564831261101244,2.700270676691729,0.5055093317105188,0.05609756097560976,1.2595744680851064,0.42358953249686093,-0.08955075163540269,-1.4406962086066226
5000,"[0.3166612333173509, 0.5062714879233595]",ESTIMABLE,0.0,{},0,0.0,5000,5000,0.05,banglaclick:facebook,5000,"[-0.05269713964974595, -0.015567758528292936]",ESTIMABLE,0.0,{},0,0.0,5000,5000,"[-2.34388508815776, -1.419736841735588]",ESTIMABLE,0.0,{},0,0.0,5000,ebm,False,42,0.178701055078645,0.07919463087248323,2.51187969924812,0.5962100862541686,0.042440318302387266,0.521681298217611,0.4175090311755236,-0.03675431257009596,-1.9901984010305087
5000,"[0.31549532352660165, 0.5049642640930945]",ESTIMABLE,0.0,{},0,0.0,5000,5000,0.05,banglaclick:facebook,5000,"[-0.05207802295456439, -0.015558925549889741]",ESTIMABLE,0.0,{},0,0.0,5000,5000,"[-2.3528603989791987, -1.4364369112155877]",ESTIMABLE,0.0,{},0,0.0,5000,ebm,False,137,0.17857443333740564,0.07919463087248323,2.51187969924812,0.5963322694386068,0.042440318302387266,0.521681298217611,0.4177578361012012,-0.03675431257009596,-1.9901984010305087
5000,"[0.31582961414009886, 0.5055825717199326]",ESTIMABLE,0.0,{},0,0.0,5000,5000,0.05,banglaclick:facebook,5000,"[-0.052791392893608735, -0.017136436497325318]",ESTIMABLE,0.0,{},0,0.0,5000,5000,"[-2.346060067681478, -1.428884731069081]",ESTIMABLE,0.0,{},0,0.0,5000,ebm,False,2718,0.17863241072049146,0.07785234899328859,2.51187969924812,0.5961528468591294,0.0415929203539823,0.521681298217611,0.41752043613863793,-0.03625942863930629,-1.9901984010305087
5000,"[0.3134859428594778, 0.5063075630969094]",ESTIMABLE,0.0,{},0,0.0,5000,5000,0.05,banglaclick:facebook,5000,"[-0.05182506990748058, -0.014893395702479535]",ESTIMABLE,0.0,{},0,0.0008,5000,5000,"[-2.3561605794328506, -1.4216233153785967]",ESTIMABLE,0.0,{},0,0.0,5000,ebm,False,31415,0.17878738311633943,0.07785234899328859,2.51187969924812,0.5960989504841663,0.042440318302387266,0.521681298217611,0.4173115673678268,-0.035412030690901326,-1.9901984010305087
5000,"[0.3139383393684719, 0.5050986022802861]",ESTIMABLE,0.0,{},0,0.0,5000,5000,0.05,banglaclick:facebook,5000,"[-0.05252668030425928, -0.0160993952877129]",ESTIMABLE,0.0,{},0,0.0,5000,5000,"[-2.329195583441665, -1.4293765287636135]",ESTIMABLE,0.0,{},0,0.0,5000,ebm,False,65537,0.1786741855685254,0.07785234899328859,2.51187969924812,0.5958481312218096,0.042440318302387266,0.521681298217611,0.41717394565328414,-0.035412030690901326,-1.9901984010305087
5000,"[0.3648636331033408, 0.5050457085501394]",ESTIMABLE,0.0,{},0,0.0,5000,5000,0.05,banglaclick:facebook,5000,"[-0.07612244353509699, -0.037718754916924266]",ESTIMABLE,0.0,{},0,0.0,5000,5000,"[-1.8546498059366507, -1.164290768039443]",ESTIMABLE,0.0,{},0,0.0,5000,tfidf_lr,False,42,0.13151102208946153,0.09144542772861357,2.6165413533834587,0.567897049524521,0.03561887800534283,1.1540222657541093,0.4363860274350595,-0.05582654972327074,-1.4625190876293495
5000,"[0.3654550801128964, 0.5058878783340773]",ESTIMABLE,0.0,{},0,0.0,5000,5000,0.05,banglaclick:facebook,5000,"[-0.07503749455732679, -0.03739254329745483]",ESTIMABLE,0.0,{},0,0.0,5000,5000,"[-1.8542147527062562, -1.1654085214868575]",ESTIMABLE,0.0,{},0,0.0,5000,tfidf_lr,False,137,0.13151102208946153,0.09144542772861357,2.6165413533834587,0.567897049524521,0.03561887800534283,1.1540222657541093,0.4363860274350595,-0.05582654972327074,-1.4625190876293495
5000,"[0.3652511915984893, 0.5036085014898581]",ESTIMABLE,0.0,{},0,0.0,5000,5000,0.05,banglaclick:facebook,5000,"[-0.07533685738747951, -0.037244430157729574]",ESTIMABLE,0.0,{},0,0.0,5000,5000,"[-1.865720172745609, -1.165707700306843]",ESTIMABLE,0.0,{},0,0.0,5000,tfidf_lr,False,2718,0.13151102208946153,0.09144542772861357,2.6165413533834587,0.567897049524521,0.03561887800534283,1.1540222657541093,0.4363860274350595,-0.05582654972327074,-1.4625190876293495
5000,"[0.3676032066120479, 0.503052799633389]",ESTIMABLE,0.0,{},0,0.0,5000,5000,0.05,banglaclick:facebook,5000,"[-0.07469453616925792, -0.03742148973425762]",ESTIMABLE,0.0,{},0,0.0,5000,5000,"[-1.8644306308729583, -1.157365264809461]",ESTIMABLE,0.0,{},0,0.0,5000,tfidf_lr,False,31415,0.13151102208946153,0.09144542772861357,2.6165413533834587,0.567897049524521,0.03561887800534283,1.1540222657541093,0.4363860274350595,-0.05582654972327074,-1.4625190876293495
5000,"[0.3681783091616272, 0.5032228969115103]",ESTIMABLE,0.0,{},0,0.0,5000,5000,0.05,banglaclick:facebook,5000,"[-0.07505294185433059, -0.037269038642351905]",ESTIMABLE,0.0,{},0,0.0,5000,5000,"[-1.8524664560822957, -1.1574483295665252]",ESTIMABLE,0.0,{},0,0.0,5000,tfidf_lr,False,65537,0.13151102208946153,0.09144542772861357,2.6165413533834587,0.567897049524521,0.03561887800534283,1.1540222657541093,0.4363860274350595,-0.05582654972327074,-1.4625190876293495
5000,"[0.34942209587625506, 0.49069187066442366]",ESTIMABLE,0.0,{},0,0.0,5000,5000,0.05,banglaclick:facebook,5000,"[-0.08372907770301569, -0.03895133440402223]",ESTIMABLE,0.0,{},0,0.0,5000,5000,"[-1.524543565936017, -1.0357859247850028]",ESTIMABLE,0.0,{},0,0.0,5000,banglabert,False,42,0.07886068061848996,0.11192660550458716,2.7421353383458644,0.5068917385342114,0.04923413566739606,1.4701927495223586,0.4280310579157215,-0.0626924698371911,-1.2719425888235059
5000,"[0.3257573415207316, 0.47554607119548065]",ESTIMABLE,0.0,{},0,0.0,5000,5000,0.05,banglaclick:facebook,5000,"[-0.0975162891784716, -0.050941094941389195]",ESTIMABLE,0.0,{},0,0.0,5000,5000,"[-1.4543155260110385, -0.9572521182681196]",ESTIMABLE,0.0,{},0,0.0,5000,banglabert,False,137,0.08046850389831667,0.12361623616236163,2.700270676691729,0.48711680782829797,0.05228031145717464,1.486001273710771,0.4066483039299813,-0.07133592470518699,-1.214269402980958
5000,"[0.3627443515601802, 0.4996268387296281]",ESTIMABLE,0.0,{},0,0.0,5000,5000,0.05,banglaclick:facebook,5000,"[-0.08139062528684698, -0.031487806241752084]",ESTIMABLE,0.0,{},0,0.0,5000,5000,"[-1.4370882842852044, -0.9697514280555493]",ESTIMABLE,0.0,{},0,0.0,5000,banglabert,False,2718,0.07991916192431985,0.10964083175803403,2.6793383458646614,0.5200743776762341,0.0507399577167019,1.5176183220875958,0.44015521575191424,-0.05890087404133213,-1.1617200237770655
5000,"[0.31898137655394837, 0.473294583015293]",ESTIMABLE,0.0,{},0,0.0,5000,5000,0.05,banglaclick:facebook,5000,"[-0.09456508780688921, -0.04174813581273926]",ESTIMABLE,0.0,{},0,0.0,5000,5000,"[-1.5323414824233268, -1.050425189821836]",ESTIMABLE,0.0,{},0,0.0,5000,banglabert,False,31415,0.07978687425081132,0.12431444241316271,2.7421353383458644,0.48296350727995163,0.057777777777777775,1.454384225333946,0.4031766330291403,-0.06653666463538493,-1.2877511130119184
5000,"[0.31467247172228097, 0.467314221344322]",ESTIMABLE,0.0,{},0,0.0,5000,5000,0.05,banglaclick:facebook,5000,"[-0.08263684869744609, -0.03161077141164453]",ESTIMABLE,0.0,{},0,0.0,5000,5000,"[-1.4642492476865165, -0.9643314001682716]",ESTIMABLE,0.0,{},0,0.0,5000,banglabert,False,65537,0.08127314335903915,0.10845588235294118,2.7212030075187967,0.48258724932072306,0.05215419501133787,1.5334268462760083,0.40131410596168393,-0.05630168734160331,-1.1877761612427884
5000,"[0.3215193118345986, 0.4615972828702969]",ESTIMABLE,0.0,{},0,0.0,5000,5000,0.05,banglaclick:facebook,5000,"[-0.09004595496432075, -0.04170608667588264]",ESTIMABLE,0.0,{},0,0.0,5000,5000,"[-1.4436296285357322, -0.9097251919774384]",ESTIMABLE,0.0,{},0,0.0,5000,xlmr,False,42,0.0898416103082177,0.12411347517730496,2.6374736842105264,0.48731365097529566,0.05578947368421053,1.5018097978991833,0.397472040667078,-0.06832400149309444,-1.135663886311343
5000,"[0.30862170029190444, 0.4597829150003812]",ESTIMABLE,0.0,{},0,0.0,5000,5000,0.05,banglaclick:facebook,5000,"[-0.10853752939879596, -0.059016243644171]",ESTIMABLE,0.0,{},0,0.0,5000,5000,"[-1.4517916696705124, -0.9268549177469518]",ESTIMABLE,0.0,{},0,0.0,5000,xlmr,False,137,0.08427088336247554,0.13513513513513514,2.6584060150375937,0.4754216564469453,0.04859611231101512,1.5492353704644208,0.39115077308446977,-0.08653902282412002,-1.1091706445731728
5000,"[0.3155578953390756, 0.4589455634416133]",ESTIMABLE,0.0,{},0,0.0,5000,5000,0.05,banglaclick:facebook,5000,"[-0.06816315536796426, -0.01994344038988198]",ESTIMABLE,0.0,{},0,0.0008,5000,5000,"[-1.4995521395899059, -0.982632272219089]",ESTIMABLE,0.0,{},0,0.0,5000,xlmr,False,2718,0.08355534403446875,0.1111111111111111,2.6584060150375937,0.4786342297781219,0.06867845993756504,1.454384225333946,0.3950788857436532,-0.04243265117354607,-1.2040217897036476
5000,"[0.3197865569595079, 0.4589155137853452]",ESTIMABLE,0.0,{},0,0.0,5000,5000,0.05,banglaclick:facebook,5000,"[-0.09698183259897093, -0.04549012798125779]",ESTIMABLE,0.0,{},0,0.0,5000,5000,"[-1.442449899063583, -0.9308196549099277]",ESTIMABLE,0.0,{},0,0.0,5000,xlmr,False,31415,0.09114841793720531,0.12323943661971831,2.6165413533834587,0.4846778520731407,0.05152471083070452,1.454384225333946,0.3935294341359354,-0.07171472578901379,-1.1621571280495127
5000,"[0.3057184795707495, 0.4545247840763722]",ESTIMABLE,0.0,{},0,0.0,5000,5000,0.05,banglaclick:facebook,5000,"[-0.12498655471939635, -0.07135505227270081]",ESTIMABLE,0.0,{},0,0.0,5000,5000,"[-1.5852138160914198, -1.0459096241823445]",ESTIMABLE,0.0,{},0,0.0,5000,xlmr,False,65537,0.08191979921365786,0.14564831261101244,2.700270676691729,0.4689111576345669,0.04689203925845147,1.422767176957121,0.38699135842090904,-0.09875627335256096,-1.277503499734608
5000,"[-0.06631056285409224, 0.4680017760845875]",ESTIMABLE,0.0,{},0,0.4512,5000,5000,0.05,banglaclick:youtube,5000,"[-0.04743570804554017, 0.018376284739419588]",ESTIMABLE,0.0,{},0,0.3096,5000,5000,"[-1.6557116290687015, -1.2039066633459332]",ESTIMABLE,0.0,{},0,0.0,5000,ebm,False,42,0.178701055078645,0.07919463087248323,2.51187969924812,0.25396995057041016,0.06053268765133172,1.0718113612004287,0.07526889549176516,-0.018661943221151507,-1.440068338047691
5000,"[-0.06701391813765771, 0.4598083770211051]",ESTIMABLE,0.0,{},0,0.4564,5000,5000,0.05,banglaclick:youtube,5000,"[-0.05214994045028048, 0.018210312218579962]",ESTIMABLE,0.0,{},0,0.3024,5000,5000,"[-1.6508561581096284, -1.2094164408667893]",ESTIMABLE,0.0,{},0,0.0,5000,ebm,False,137,0.17857443333740564,0.07919463087248323,2.51187969924812,0.25380918428072036,0.05825242718446602,1.0718113612004287,0.07523475094331472,-0.020942203688017205,-1.440068338047691
5000,"[-0.0676984394845927, 0.4634659645445938]",ESTIMABLE,0.0,{},0,0.442,5000,5000,0.05,banglaclick:youtube,5000,"[-0.041299661387543735, 0.02238576484705991]",ESTIMABLE,0.0,{},0,0.4688,5000,5000,"[-1.6580327987979682, -1.211019458430621]",ESTIMABLE,0.0,{},0,0.0,5000,ebm,False,2718,0.17863241072049146,0.07785234899328859,2.51187969924812,0.25419173588855953,0.06506024096385542,1.0718113612004287,0.07555932516806807,-0.012792108029433175,-1.440068338047691
5000,"[-0.06929720342213208, 0.46586191831587653]",ESTIMABLE,0.0,{},0,0.4676,5000,5000,0.05,banglaclick:youtube,5000,"[-0.043672314042914634, 0.02215716798238387]",ESTIMABLE,0.0,{},0,0.4212,5000,5000,"[-1.6535749496216314, -1.209335660079353]",ESTIMABLE,0.0,{},0,0.0,5000,ebm,False,31415,0.17878738311633943,0.07785234899328859,2.51187969924812,0.25408917892724947,0.06280193236714976,1.0718113612004287,0.07530179581091004,-0.015050416626138832,-1.440068338047691
5000,"[-0.06972244597682134, 0.4680082346408245]",ESTIMABLE,0.0,{},0,0.466,5000,5000,0.05,banglaclick:youtube,5000,"[-0.038045594809420456, 0.02373026398118596]",ESTIMABLE,0.0,{},0,0.4804,5000,5000,"[-1.6554994028595609, -1.2021594208182134]",ESTIMABLE,0.0,{},0,0.0,5000,ebm,False,65537,0.1786741855685254,0.07785234899328859,2.51187969924812,0.25409425619488496,0.06506024096385542,1.0718113612004287,0.07542007062635955,-0.012792108029433175,-1.440068338047691
5000,"[0.3749135286010948, 0.6109796428780915]",ESTIMABLE,0.0,{},0,0.0,5000,5000,0.05,banglaclick:youtube,5000,"[-0.07264813054374225, -0.0265372245551892]",ESTIMABLE,0.0,{},0,0.0004,5000,5000,"[-1.7578975860427215, -1.3382273589952352]",ESTIMABLE,0.0,{},0,0.0,5000,tfidf_lr,False,42,0.13151102208946153,0.09144542772861357,2.6165413533834587,0.6206683326557739,0.046511627906976744,1.0718113612004287,0.4891573105663124,-0.044933799821636825,-1.54472999218303
5000,"[0.38332944068519637, 0.610668403360114]",ESTIMABLE,0.0,{},0,0.0,5000,5000,0.05,banglaclick:youtube,5000,"[-0.07189510023881725, -0.026517877934665948]",ESTIMABLE,0.0,{},0,0.0,5000,5000,"[-1.7577791120565556, -1.33690207853157]",ESTIMABLE,0.0,{},0,0.0,5000,tfidf_lr,False,137,0.13151102208946153,0.09144542772861357,2.6165413533834587,0.6206683326557739,0.046511627906976744,1.0718113612004287,0.4891573105663124,-0.044933799821636825,-1.54472999218303
5000,"[0.3808622802069967, 0.6119370422871035]",ESTIMABLE,0.0,{},0,0.0,5000,5000,0.05,banglaclick:youtube,5000,"[-0.07232380520975168, -0.025633489840682967]",ESTIMABLE,0.0,{},0,0.0,5000,5000,"[-1.7574775065880819, -1.3309417404264938]",ESTIMABLE,0.0,{},0,0.0,5000,tfidf_lr,False,2718,0.13151102208946153,0.09144542772861357,2.6165413533834587,0.6206683326557739,0.046511627906976744,1.0718113612004287,0.4891573105663124,-0.044933799821636825,-1.54472999218303
5000,"[0.38032308107313617, 0.6122944478322135]",ESTIMABLE,0.0,{},0,0.0,5000,5000,0.05,banglaclick:youtube,5000,"[-0.0728779149327124, -0.025770515079161945]",ESTIMABLE,0.0,{},0,0.0004,5000,5000,"[-1.7668660220251766, -1.3354387263331318]",ESTIMABLE,0.0,{},0,0.0,5000,tfidf_lr,False,31415,0.13151102208946153,0.09144542772861357,2.6165413533834587,0.6206683326557739,0.046511627906976744,1.0718113612004287,0.4891573105663124,-0.044933799821636825,-1.54472999218303
5000,"[0.38445014618101025, 0.6104938950927886]",ESTIMABLE,0.0,{},0,0.0,5000,5000,0.05,banglaclick:youtube,5000,"[-0.07213547477073572, -0.026371328384800986]",ESTIMABLE,0.0,{},0,0.0008,5000,5000,"[-1.7588320848954275, -1.3354815719715503]",ESTIMABLE,0.0,{},0,0.0,5000,tfidf_lr,False,65537,0.13151102208946153,0.09144542772861357,2.6165413533834587,0.6206683326557739,0.046511627906976744,1.0718113612004287,0.4891573105663124,-0.044933799821636825,-1.54472999218303
5000,"[0.3343669540511437, 0.6458232053189444]",ESTIMABLE,0.0,{},0,0.0,5000,5000,0.05,banglaclick:youtube,5000,"[-0.09667169313954586, -0.0352708918937134]",ESTIMABLE,0.0,{},0,0.0052,5000,5000,"[-1.897865892886365, -1.4690684917870114]",ESTIMABLE,0.0,{},0,0.0,5000,banglabert,False,42,0.07886068061848996,0.11192660550458716,2.7421353383458644,0.5673663620337217,0.045951859956236324,1.05037513397642,0.48850568141523176,-0.06597474554835084,-1.6917602043694444
5000,"[0.410044371842831, 0.6369343314554586]",ESTIMABLE,0.0,{},0,0.0,5000,5000,0.05,banglaclick:youtube,5000,"[-0.10035290910120129, -0.04338590936072002]",ESTIMABLE,0.0,{},0,0.0008,5000,5000,"[-1.8239977233645348, -1.4001053984823377]",ESTIMABLE,0.0,{},0,0.0,5000,banglabert,False,137,0.08046850389831667,0.12361623616236163,2.700270676691729,0.6125267292861641,0.055445544554455446,1.05037513397642,0.5320582253878474,-0.06817069160790618,-1.649895542715309
5000,"[0.4125083495880031, 0.6568726929589603]",ESTIMABLE,0.0,{},0,0.0,5000,5000,0.05,banglaclick:youtube,5000,"[-0.07898189366331959, -0.025778796939795137]",ESTIMABLE,0.0,{},0,0.0036,5000,5000,"[-1.8009845853200221, -1.3797146222959762]",ESTIMABLE,0.0,{},0,0.0,5000,banglabert,False,2718,0.07991916192431985,0.10964083175803403,2.6793383458646614,0.6158249632904655,0.05357142857142857,1.0718113612004287,0.5359058013661457,-0.056069403186605464,-1.6075269846642326
5000,"[0.34804794353974283, 0.6346995893671125]",ESTIMABLE,0.0,{},0,0.0,5000,5000,0.05,banglaclick:youtube,5000,"[-0.10806603133897641, -0.05910394729414326]",ESTIMABLE,0.0,{},0,0.0,5000,5000,"[-1.8991678287382476, -1.474154174926894]",ESTIMABLE,0.0,{},0,0.0,5000,banglabert,False,31415,0.07978687425081132,0.12431444241316271,2.7421353383458644,0.567915674257635,0.040948275862068964,1.05037513397642,0.4881288000068237,-0.08336616655109375,-1.6917602043694444
5000,"[0.24056696042734918, 0.6276121965397475]",ESTIMABLE,0.0,{},0,0.0,5000,5000,0.05,banglaclick:youtube,5000,"[-0.08534900943827917, -0.02791163678522601]",ESTIMABLE,0.0,{},0,0.002,5000,5000,"[-1.866333675502306, -1.4341424497452484]",ESTIMABLE,0.0,{},0,0.0,5000,banglabert,False,65537,0.08127314335903915,0.10845588235294118,2.7212030075187967,0.5516281097753759,0.05045871559633028,1.0718113612004287,0.4703549664163368,-0.0579971667566109,-1.649391646318368
5000,"[0.3328171248361807, 0.589249841588323]",ESTIMABLE,0.0,{},0,0.0024,5000,5000,0.05,banglaclick:youtube,5000,"[-0.09402026021776395, -0.04157442140156325]",ESTIMABLE,0.0,{},0,0.0136,5000,5000,"[-1.749946776665679, -1.3119509430429988]",ESTIMABLE,0.0,{},0,0.0,5000,xlmr,False,42,0.0898416103082177,0.12411347517730496,2.6374736842105264,0.5471146815623587,0.05138339920948617,1.0718113612004287,0.45727307125414096,-0.0727300759678188,-1.5656623230100977
5000,"[0.2737152890777997, 0.6074879606859677]",ESTIMABLE,0.0,{},0,0.0036,5000,5000,0.05,banglaclick:youtube,5000,"[-0.11403381507923045, -0.041061933128427056]",ESTIMABLE,0.0,{},0,0.006,5000,5000,"[-1.778480126049536, -1.3420563437516266]",ESTIMABLE,0.0,{},0,0.0,5000,xlmr,False,137,0.08427088336247554,0.13513513513513514,2.6584060150375937,0.532520592483456,0.058,1.0718113612004287,0.4482497091209804,-0.07713513513513515,-1.586594653837165
5000,"[0.346071033370803, 0.6122413591429172]",ESTIMABLE,0.0,{},0,0.0,5000,5000,0.05,banglaclick:youtube,5000,"[-0.09330482017902406, -0.023640978384396685]",ESTIMABLE,0.0,{},0,0.0056,5000,5000,"[-1.7882251116910575, -1.3319885583497422]",ESTIMABLE,0.0,{},0,0.0,5000,xlmr,False,2718,0.08355534403446875,0.1111111111111111,2.6584060150375937,0.5722966745367122,0.060215053763440864,1.0718113612004287,0.48874133050224344,-0.05089605734767024,-1.586594653837165
5000,"[0.333695483175318, 0.5900719177419056]",ESTIMABLE,0.0,{},0,0.0016,5000,5000,0.05,banglaclick:youtube,5000,"[-0.10445429286755616, -0.04423758757802414]",ESTIMABLE,0.0,{},0,0.0148,5000,5000,"[-1.7398590227235904, -1.3032584137776095]",ESTIMABLE,0.0,{},0,0.0,5000,xlmr,False,31415,0.09114841793720531,0.12323943661971831,2.6165413533834587,0.5773825551749711,0.04032258064516129,1.05037513397642,0.48623413723776576,-0.08291685597455703,-1.5661662194070387
5000,"[0.1874153583184255, 0.6009481397134793]",ESTIMABLE,0.0,{},0,0.0024,5000,5000,0.05,banglaclick:youtube,5000,"[-0.14498187732342008, -0.07631644401007898]",ESTIMABLE,0.0,{},0,0.0,5000,5000,"[-1.8283315064683294, -1.4101477893515177]",ESTIMABLE,0.0,{},0,0.0,5000,xlmr,False,65537,0.08191979921365786,0.14564831261101244,2.700270676691729,0.4541010676836673,0.03935185185185185,1.0718113612004287,0.37218126847000943,-0.10629646075916058,-1.6284593154913003
5000,"[0.2215656088779072, 0.3530756755802252]",ESTIMABLE,0.0,{},0,0.0,5000,5000,0.05,banglaclick:twitter,5000,"[-0.06019797335532308, 0.0007081647668143228]",ESTIMABLE,0.0,{},0,0.0568,5000,5000,"[-1.4523077296546927, -0.9309979199357354]",ESTIMABLE,0.0,{},0,0.0,5000,ebm,False,42,0.178701055078645,0.07919463087248323,2.51187969924812,0.4653567180063253,0.046413502109704644,1.3296398891966759,0.2866556629276803,-0.03278112876277858,-1.182239810051444
5000,"[0.2212005174677628, 0.3516125272391198]",ESTIMABLE,0.0,{},0,0.0,5000,5000,0.05,banglaclick:twitter,5000,"[-0.06208088670036402, 0.0004097150286952699]",ESTIMABLE,0.0,{},0,0.052,5000,5000,"[-1.454192672579684, -0.9329347600091956]",ESTIMABLE,0.0,{},0,0.0,5000,ebm,False,137,0.17857443333740564,0.07919463087248323,2.51187969924812,0.4659545974250753,0.046413502109704644,1.3296398891966759,0.28738016408766964,-0.03278112876277858,-1.182239810051444
5000,"[0.22148707602115386, 0.3520341264434289]",ESTIMABLE,0.0,{},0,0.0,5000,5000,0.05,banglaclick:twitter,5000,"[-0.06119636443398371, 7.194034701826131e-06]",ESTIMABLE,0.0,{},0,0.0504,5000,5000,"[-1.453466373455102, -0.936251454413111]",ESTIMABLE,0.0,{},0,0.0,5000,ebm,False,2718,0.17863241072049146,0.07785234899328859,2.51187969924812,0.46518367408421896,0.046413502109704644,1.3296398891966759,0.2865512633637275,-0.03143884688358395,-1.182239810051444
5000,"[0.22191966491723625, 0.35274799349228486]",ESTIMABLE,0.0,{},0,0.0,5000,5000,0.05,banglaclick:twitter,5000,"[-0.05645910201985822, 0.0035310311136630833]",ESTIMABLE,0.0,{},0,0.08,5000,5000,"[-1.4468957212438378, -0.9315485686946098]",ESTIMABLE,0.0,{},0,0.0,5000,ebm,False,31415,0.17878738311633943,0.07785234899328859,2.51187969924812,0.4660241541303332,0.05042016806722689,1.3296398891966759,0.2872367710139938,-0.0274321809260617,-1.182239810051444
5000,"[0.2219041116656597, 0.35297134628007076]",ESTIMABLE,0.0,{},0,0.0,5000,5000,0.05,banglaclick:twitter,5000,"[-0.05829611863554952, 0.0021072068302831577]",ESTIMABLE,0.0,{},0,0.0764,5000,5000,"[-1.4522817561234416, -0.9420000951764051]",ESTIMABLE,0.0,{},0,0.0,5000,ebm,False,65537,0.1786741855685254,0.07785234899328859,2.51187969924812,0.46543814628264507,0.05042016806722689,1.3296398891966759,0.2867639607141197,-0.0274321809260617,-1.182239810051444
5000,"[0.4160487242873339, 0.5939339932470699]",ESTIMABLE,0.0,{},0,0.0,5000,5000,0.05,banglaclick:twitter,5000,"[-0.08425489134416637, -0.03720085402543287]",ESTIMABLE,0.0,{},0,0.0,5000,5000,"[-1.7233901052321923, -1.1719038322788324]",ESTIMABLE,0.0,{},0,0.0,5000,tfidf_lr,False,42,0.13151102208946153,0.09144542772861357,2.6165413533834587,0.6383570934289488,0.033950617283950615,1.1634349030470914,0.5068460713394872,-0.05749481044466295,-1.4531064503363673
5000,"[0.41296959698980085, 0.5939731178092972]",ESTIMABLE,0.0,{},0,0.0,5000,5000,0.05,banglaclick:twitter,5000,"[-0.0829547718354278, -0.03787127771516004]",ESTIMABLE,0.0,{},0,0.0,5000,5000,"[-1.7263794711530773, -1.1705461760219684]",ESTIMABLE,0.0,{},0,0.0,5000,tfidf_lr,False,137,0.13151102208946153,0.09144542772861357,2.6165413533834587,0.6383570934289488,0.033950617283950615,1.1634349030470914,0.5068460713394872,-0.05749481044466295,-1.4531064503363673
5000,"[0.4149839872470925, 0.5938839412025355]",ESTIMABLE,0.0,{},0,0.0,5000,5000,0.05,banglaclick:twitter,5000,"[-0.08368453043587733, -0.03703755570469758]",ESTIMABLE,0.0,{},0,0.0,5000,5000,"[-1.727062300412298, -1.1790115084082327]",ESTIMABLE,0.0,{},0,0.0,5000,tfidf_lr,False,2718,0.13151102208946153,0.09144542772861357,2.6165413533834587,0.6383570934289488,0.033950617283950615,1.1634349030470914,0.5068460713394872,-0.05749481044466295,-1.4531064503363673
5000,"[0.41159256484977647, 0.5947985526741583]",ESTIMABLE,0.0,{},0,0.0,5000,5000,0.05,banglaclick:twitter,5000,"[-0.08318721964039658, -0.037275099340411906]",ESTIMABLE,0.0,{},0,0.0,5000,5000,"[-1.7282047391479467, -1.1768922677572242]",ESTIMABLE,0.0,{},0,0.0,5000,tfidf_lr,False,31415,0.13151102208946153,0.09144542772861357,2.6165413533834587,0.6383570934289488,0.033950617283950615,1.1634349030470914,0.5068460713394872,-0.05749481044466295,-1.4531064503363673
5000,"[0.4115606770905028, 0.5947305084395235]",ESTIMABLE,0.0,{},0,0.0,5000,5000,0.05,banglaclick:twitter,5000,"[-0.08366311354106563, -0.03675346631192799]",ESTIMABLE,0.0,{},0,0.0,5000,5000,"[-1.735299336600541, -1.1763310825243851]",ESTIMABLE,0.0,{},0,0.0,5000,tfidf_lr,False,65537,0.13151102208946153,0.09144542772861357,2.6165413533834587,0.6383570934289488,0.033950617283950615,1.1634349030470914,0.5068460713394872,-0.05749481044466295,-1.4531064503363673
5000,"[0.4118015138981533, 0.6007829626112917]",ESTIMABLE,0.0,{},0,0.0,5000,5000,0.05,banglaclick:twitter,5000,"[-0.10977612489877214, -0.05620209185077613]",ESTIMABLE,0.0,{},0,0.0,5000,5000,"[-1.6221853477720278, -1.1621912582986704]",ESTIMABLE,0.0,{},0,0.0,5000,banglabert,False,42,0.07886068061848996,0.11192660550458716,2.7421353383458644,0.5884937838809219,0.025454545454545455,1.3296398891966759,0.5096331032624319,-0.08647206005004171,-1.4124954491491886
5000,"[0.44144103005129487, 0.6187638612941511]",ESTIMABLE,0.0,{},0,0.0,5000,5000,0.05,banglaclick:twitter,5000,"[-0.11259063100937766, -0.05911185274176583]",ESTIMABLE,0.0,{},0,0.0,5000,5000,"[-1.5729838168408181, -1.0982227534975555]",ESTIMABLE,0.0,{},0,0.0,5000,banglabert,False,137,0.08046850389831667,0.12361623616236163,2.700270676691729,0.6131618775643182,0.03558718861209965,1.3296398891966759,0.5326933736660016,-0.08802904755026197,-1.3706307874950532
5000,"[0.4083532232745854, 0.5942334078447902]",ESTIMABLE,0.0,{},0,0.0,5000,5000,0.05,banglaclick:twitter,5000,"[-0.0952650080815908, -0.039243025972995636]",ESTIMABLE,0.0,{},0,0.0,5000,5000,"[-1.5998226100489155, -1.109002509957617]",ESTIMABLE,0.0,{},0,0.0,5000,banglabert,False,2718,0.07991916192431985,0.10964083175803403,2.6793383458646614,0.581008141563271,0.04240282685512368,1.3296398891966759,0.5010889796389512,-0.06723800490291035,-1.3496984566679855
5000,"[0.3805269102312673, 0.5527254935044454]",ESTIMABLE,0.0,{},0,0.0,5000,5000,0.05,banglaclick:twitter,5000,"[-0.12318479273131619, -0.05847894347086823]",ESTIMABLE,0.0,{},0,0.0,5000,5000,"[-1.5661867393724187, -1.1327946350345426]",ESTIMABLE,0.0,{},0,0.0,5000,banglabert,False,31415,0.07978687425081132,0.12431444241316271,2.7421353383458644,0.5493572852471892,0.03225806451612903,1.3850415512465375,0.46957041099637786,-0.09205637789703368,-1.357093787099327
5000,"[0.368833094748856, 0.546980603135381]",ESTIMABLE,0.0,{},0,0.0,5000,5000,0.05,banglaclick:twitter,5000,"[-0.08558675857079003, -0.029180169255852647]",ESTIMABLE,0.0,{},0,0.0,5000,5000,"[-1.6056396496400631, -1.1428613358108968]",ESTIMABLE,0.0,{},0,0.0,5000,banglabert,False,65537,0.08127314335903915,0.10845588235294118,2.7212030075187967,0.5402082275590946,0.053061224489795916,1.3296398891966759,0.45893508420005547,-0.055394657863145264,-1.3915631183221209
5000,"[0.4480240448986389, 0.6076282593872555]",ESTIMABLE,0.0,{},0,0.0,5000,5000,0.05,banglaclick:twitter,5000,"[-0.10583351689970628, -0.052846471095548214]",ESTIMABLE,0.0,{},0,0.0,5000,5000,"[-1.4728569321812441, -1.0093666025023402]",ESTIMABLE,0.0,{},0,0.0,5000,xlmr,False,42,0.0898416103082177,0.12411347517730496,2.6374736842105264,0.6226632056350977,0.04436860068259386,1.3850415512465375,0.53282159532688,-0.0797448744947111,-1.252432132963989
5000,"[0.4573716070085307, 0.6197730140859109]",ESTIMABLE,0.0,{},0,0.0,5000,5000,0.05,banglaclick:twitter,5000,"[-0.11488584257469149, -0.061498216958928376]",ESTIMABLE,0.0,{},0,0.0,5000,5000,"[-1.5861399724791228, -1.0850575881192936]",ESTIMABLE,0.0,{},0,0.0,5000,xlmr,False,137,0.08427088336247554,0.13513513513513514,2.6584060150375937,0.6222395413469968,0.043478260869565216,1.3296398891966759,0.5379686579845212,-0.09165687426556993,-1.3287661258409178
5000,"[0.46205970683184877, 0.6219231631279988]",ESTIMABLE,0.0,{},0,0.0,5000,5000,0.05,banglaclick:twitter,5000,"[-0.10395565186774423, -0.0503315446926895]",ESTIMABLE,0.0,{},0,0.0,5000,5000,"[-1.499492180087235, -1.0331178653545539]",ESTIMABLE,0.0,{},0,0.0,5000,xlmr,False,2718,0.08355534403446875,0.1111111111111111,2.6584060150375937,0.6310973735768509,0.035211267605633804,1.3850415512465375,0.5475420295423822,-0.0758998435054773,-1.2733644637910562
5000,"[0.4337524815072088, 0.5977454607057343]",ESTIMABLE,0.0,{},0,0.0,5000,5000,0.05,banglaclick:twitter,5000,"[-0.12400985942039365, -0.07218833316562946]",ESTIMABLE,0.0,{},0,0.0,5000,5000,"[-1.564921060373932, -1.0564396333700286]",ESTIMABLE,0.0,{},0,0.0,5000,xlmr,False,31415,0.09114841793720531,0.12323943661971831,2.6165413533834587,0.6092141982164333,0.020066889632107024,1.3296398891966759,0.518065780279228,-0.10317254698761129,-1.2869014641867829
5000,"[0.3957159874301956, 0.565940532243106]",ESTIMABLE,0.0,{},0,0.0,5000,5000,0.05,banglaclick:twitter,5000,"[-0.14018211514549483, -0.07979571503947015]",ESTIMABLE,0.0,{},0,0.0,5000,5000,"[-1.5565285692446444, -1.1066473693801901]",ESTIMABLE,0.0,{},0,0.0,5000,xlmr,False,65537,0.08191979921365786,0.14564831261101244,2.700270676691729,0.5640965729594347,0.032846715328467155,1.3850415512465375,0.48217677374577683,-0.11280159728254528,-1.3152291254451915
