bootstrap_attempts,ci95,cue,inferential_status,invalid_replicates,model,p,seed,source_mean_delta_z,target,target_mean_delta_z,target_minus_source_delta_z,valid_replicates
5000,"[-0.2620933231057097, 0.13281398741307976]",curiosity_information_withholding,ESTIMABLE,0,banglabert,0.5232,42,0.4130480069594056,baitbuster:youtube_human,0.33542759239534353,-0.07762041456406205,5000
5000,"[-0.5288803015306007, -0.08818035864268635]",curiosity_information_withholding,ESTIMABLE,0,banglabert,0.0076,42,0.4130480069594056,banglaclick:facebook,0.08847769349813461,-0.32457031346127097,5000
5000,"[-0.3990488808364205, 0.17400314841207903]",curiosity_information_withholding,ESTIMABLE,0,banglabert,0.3992,42,0.4130480069594056,banglaclick:news,0.2877547180652618,-0.12529328889414376,5000
5000,"[-0.35962665763811447, 0.3090186312849468]",curiosity_information_withholding,ESTIMABLE,0,banglabert,0.8748,42,0.4130480069594056,banglaclick:twitter,0.38755111396312714,-0.025496892996278442,5000
5000,"[-0.2931321346410745, 0.06371100793402876]",curiosity_information_withholding,ESTIMABLE,0,banglabert,0.2084,42,0.4130480069594056,banglaclick:youtube,0.29305590401802745,-0.11999210294137813,5000
5000,"[-0.2772058198427897, 0.09231115614098778]",curiosity_information_withholding,ESTIMABLE,0,banglabert,0.3408,137,0.49606429785490036,baitbuster:youtube_human,0.39758372204987524,-0.09848057580502512,5000
5000,"[-0.5671331419642357, -0.15165976036235795]",curiosity_information_withholding,ESTIMABLE,0,banglabert,0.0008,137,0.49606429785490036,banglaclick:facebook,0.14741441011428832,-0.348649887740612,5000
5000,"[-0.3966591902138556, 0.14252872995573101]",curiosity_information_withholding,ESTIMABLE,0,banglabert,0.3164,137,0.49606429785490036,banglaclick:news,0.35359079599380494,-0.14247350186109542,5000
5000,"[-0.3199603516791089, 0.20715091862149626]",curiosity_information_withholding,ESTIMABLE,0,banglabert,0.7364,137,0.49606429785490036,banglaclick:twitter,0.44272974133491516,-0.0533345565199852,5000
5000,"[-0.3574217776565572, 0.0062920545141480575]",curiosity_information_withholding,ESTIMABLE,0,banglabert,0.0576,137,0.49606429785490036,banglaclick:youtube,0.3316943844869023,-0.16436991336799806,5000
5000,"[-0.39769740629077927, 0.08426142738360377]",curiosity_information_withholding,ESTIMABLE,0,banglabert,0.2076,2718,0.4575016177898529,baitbuster:youtube_human,0.27644616372768926,-0.1810554540621636,5000
5000,"[-0.6080346316665265, -0.07044832401233286]",curiosity_information_withholding,ESTIMABLE,0,banglabert,0.0148,2718,0.4575016177898529,banglaclick:facebook,0.11104879528284073,-0.34645282250701215,5000
5000,"[-0.41485123069870805, 0.3820407244335097]",curiosity_information_withholding,ESTIMABLE,0,banglabert,0.8644,2718,0.4575016177898529,banglaclick:news,0.43020353741943834,-0.027298080370414535,5000
5000,"[-0.5570163501554406, 0.008329047158579584]",curiosity_information_withholding,ESTIMABLE,0,banglabert,0.0544,2718,0.4575016177898529,banglaclick:twitter,0.18461371213197708,-0.2728879056578758,5000
5000,"[-0.439597001575082, 0.011731576818434324]",curiosity_information_withholding,ESTIMABLE,0,banglabert,0.0616,2718,0.4575016177898529,banglaclick:youtube,0.22414918960559935,-0.23335242818425353,5000
5000,"[-0.3087088395479899, 0.07617774228246829]",curiosity_information_withholding,ESTIMABLE,0,banglabert,0.204,31415,0.43806166504966276,baitbuster:youtube_human,0.2977371163397669,-0.14032454870989586,5000
5000,"[-0.48650626755058, -0.14287597862501428]",curiosity_information_withholding,ESTIMABLE,0,banglabert,0.0012,31415,0.43806166504966276,banglaclick:facebook,0.12105117812752723,-0.3170104869221355,5000
5000,"[-0.40298453913962445, 0.18593279816386163]",curiosity_information_withholding,ESTIMABLE,0,banglabert,0.412,31415,0.43806166504966276,banglaclick:news,0.3093382519483566,-0.12872341310130614,5000
5000,"[-0.22776885658922583, 0.24296436268726687]",curiosity_information_withholding,ESTIMABLE,0,banglabert,0.9348,31415,0.43806166504966276,banglaclick:twitter,0.4459342509508133,0.00787258590115053,5000
5000,"[-0.36528372943331017, -0.0719744137878118]",curiosity_information_withholding,ESTIMABLE,0,banglabert,0.0024,31415,0.43806166504966276,banglaclick:youtube,0.22892148821126848,-0.20914017683839428,5000
5000,"[-0.5497190560389822, 0.0019140219067878782]",curiosity_information_withholding,ESTIMABLE,0,banglabert,0.0536,65537,0.5243853962633247,baitbuster:youtube_human,0.22935178347469093,-0.29503361278863377,5000
5000,"[-0.6342584504764244, -0.043974890540633194]",curiosity_information_withholding,ESTIMABLE,0,banglabert,0.024,65537,0.5243853962633247,banglaclick:facebook,0.1810174763202667,-0.343367919943058,5000
5000,"[-0.55536989560516, 0.1567604685401722]",curiosity_information_withholding,ESTIMABLE,0,banglabert,0.2776,65537,0.5243853962633247,banglaclick:news,0.31921078205108644,-0.20517461421223826,5000
5000,"[-0.6979364508931872, -0.1136116903188512]",curiosity_information_withholding,ESTIMABLE,0,banglabert,0.0032,65537,0.5243853962633247,banglaclick:twitter,0.1289605088531971,-0.3954248874101276,5000
5000,"[-0.5890309256980706, -0.10382493394777116]",curiosity_information_withholding,ESTIMABLE,0,banglabert,0.0028,65537,0.5243853962633247,banglaclick:youtube,0.19663787246460007,-0.3277475237987246,5000
5000,"[0.15554846585990953, 0.419239451834529]",curiosity_information_withholding,ESTIMABLE,0,ebm,0.0004,42,1.028605974241399,baitbuster:youtube_human,1.3017166868300905,0.27311071258869135,5000
5000,"[-0.12720373140545368, 0.17825880045244225]",curiosity_information_withholding,ESTIMABLE,0,ebm,0.5208,42,1.028605974241399,banglaclick:facebook,1.087093442929389,0.05848746868798993,5000
5000,"[-0.18700448059125482, 0.02218074614231663]",curiosity_information_withholding,ESTIMABLE,0,ebm,0.128,42,1.028605974241399,banglaclick:news,0.9496277581690455,-0.07897821607235356,5000
5000,"[-0.11703436915163697, 1.4266659602763188]",curiosity_information_withholding,ESTIMABLE,0,ebm,0.51,42,1.028605974241399,banglaclick:twitter,1.685264148821139,0.65665817457974,5000
5000,"[0.2623398605347865, 0.7013752567000622]",curiosity_information_withholding,ESTIMABLE,0,ebm,0.0,42,1.028605974241399,banglaclick:youtube,1.3992766300294812,0.3706706557880821,5000
5000,"[0.15562094031486576, 0.4131015339056257]",curiosity_information_withholding,ESTIMABLE,0,ebm,0.0,137,1.0287694877570959,baitbuster:youtube_human,1.3010658152862504,0.27229632752915456,5000
5000,"[-0.12939340297223997, 0.1753280526655213]",curiosity_information_withholding,ESTIMABLE,0,ebm,0.5112,137,1.0287694877570959,banglaclick:facebook,1.0854316299355091,0.056662142178413255,5000
5000,"[-0.18482489778961342, 0.025583589325364142]",curiosity_information_withholding,ESTIMABLE,0,ebm,0.1356,137,1.0287694877570959,banglaclick:news,0.9498756745386748,-0.07889381321842104,5000
5000,"[-0.11302892734409571, 1.419656879538818]",curiosity_information_withholding,ESTIMABLE,0,ebm,0.4812,137,1.0287694877570959,banglaclick:twitter,1.6826867164434862,0.6539172286863904,5000
5000,"[0.2677015090674113, 0.7166586809671002]",curiosity_information_withholding,ESTIMABLE,0,ebm,0.0,137,1.0287694877570959,banglaclick:youtube,1.3998347015466872,0.37106521378959134,5000
5000,"[0.15785951213866872, 0.42494389258525334]",curiosity_information_withholding,ESTIMABLE,0,ebm,0.0004,2718,1.0293860118549223,baitbuster:youtube_human,1.3006169684744857,0.2712309566195634,5000
5000,"[-0.12440666532125799, 0.17229448390664673]",curiosity_information_withholding,ESTIMABLE,0,ebm,0.504,2718,1.0293860118549223,banglaclick:facebook,1.0864650159511533,0.05707900409623101,5000
5000,"[-0.1850657984886906, 0.02585100828214907]",curiosity_information_withholding,ESTIMABLE,0,ebm,0.1352,2718,1.0293860118549223,banglaclick:news,0.9515784957755992,-0.07780751607932312,5000
5000,"[-0.11678629479892906, 1.4245250706969654]",curiosity_information_withholding,ESTIMABLE,0,ebm,0.4876,2718,1.0293860118549223,banglaclick:twitter,1.6846002453705973,0.655214233515675,5000
5000,"[0.2618433074319128, 0.7320139773297282]",curiosity_information_withholding,ESTIMABLE,0,ebm,0.0,2718,1.0293860118549223,banglaclick:youtube,1.3984764038954745,0.36909039204055216,5000
5000,"[0.15915533932316944, 0.4124558578612402]",curiosity_information_withholding,ESTIMABLE,0,ebm,0.0,31415,1.028845992599959,baitbuster:youtube_human,1.2994383940238334,0.27059240142387453,5000
5000,"[-0.12729519097207412, 0.16742420393255095]",curiosity_information_withholding,ESTIMABLE,0,ebm,0.54,31415,1.028845992599959,banglaclick:facebook,1.0835680870019915,0.05472209440203257,5000
5000,"[-0.18462877256616372, 0.02421677586902391]",curiosity_information_withholding,ESTIMABLE,0,ebm,0.1372,31415,1.028845992599959,banglaclick:news,0.9494311788165527,-0.0794148137834062,5000
5000,"[-0.11095647006647051, 1.4254787507860494]",curiosity_information_withholding,ESTIMABLE,0,ebm,0.4932,31415,1.028845992599959,banglaclick:twitter,1.685215030046878,0.6563690374469191,5000
5000,"[0.2641457919852712, 0.729564714230823]",curiosity_information_withholding,ESTIMABLE,0,ebm,0.0,31415,1.028845992599959,banglaclick:youtube,1.3980511908599333,0.36920519825997444,5000
5000,"[0.15436115475351284, 0.4084715214323668]",curiosity_information_withholding,ESTIMABLE,0,ebm,0.0,65537,1.030351311433318,baitbuster:youtube_human,1.2996420292606319,0.26929071782731384,5000
5000,"[-0.13032195701373828, 0.1681611581746467]",curiosity_information_withholding,ESTIMABLE,0,ebm,0.556,65537,1.030351311433318,banglaclick:facebook,1.082506950269776,0.05215563883645791,5000
5000,"[-0.18556350726561535, 0.023844734093180258]",curiosity_information_withholding,ESTIMABLE,0,ebm,0.1332,65537,1.030351311433318,banglaclick:news,0.9512737391336692,-0.07907757229964885,5000
5000,"[-0.1132200374819477, 1.4262195312062258]",curiosity_information_withholding,ESTIMABLE,0,ebm,0.4896,65537,1.030351311433318,banglaclick:twitter,1.6860858825453433,0.6557345711120253,5000
5000,"[0.2574770797460414, 0.712644620888144]",curiosity_information_withholding,ESTIMABLE,0,ebm,0.0,65537,1.030351311433318,banglaclick:youtube,1.3977360920738218,0.3673847806405037,5000
5000,"[-0.04178837326157799, 0.2783927745468967]",direct_address_imperative,ESTIMABLE,0,banglabert,0.1496,42,0.29586026250668196,baitbuster:youtube_human,0.4048258680090334,0.10896560550235146,5000
5000,"[-0.30607028329799457, 0.06718586120806534]",direct_address_imperative,ESTIMABLE,0,banglabert,0.2028,42,0.29586026250668196,banglaclick:facebook,0.16941669177129326,-0.1264435707353887,5000
5000,"[-0.2328239984682464, 0.19956396858712833]",direct_address_imperative,ESTIMABLE,0,banglabert,0.8168,42,0.29586026250668196,banglaclick:news,0.27079009180888536,-0.0250701706977966,5000
5000,"[-0.31790586067385945, 0.02952491347708662]",direct_address_imperative,ESTIMABLE,0,banglabert,0.0956,42,0.29586026250668196,banglaclick:twitter,0.14661475718021394,-0.14924550532646802,5000
5000,"[-0.1873388777715274, 0.19374762002781035]",direct_address_imperative,ESTIMABLE,0,banglabert,0.8756,42,0.29586026250668196,banglaclick:youtube,0.2593438389747502,-0.03651642353193174,5000
5000,"[-0.05233306363928182, 0.27428231710521866]",direct_address_imperative,ESTIMABLE,0,banglabert,0.1872,137,0.41532557395597297,baitbuster:youtube_human,0.5226171198858841,0.10729154592991114,5000
5000,"[-0.3795139204639724, 0.10370169835356886]",direct_address_imperative,ESTIMABLE,0,banglabert,0.2452,137,0.41532557395597297,banglaclick:facebook,0.26340906311342693,-0.15191651084254604,5000
5000,"[-0.3608406348776837, 0.03610952810262225]",direct_address_imperative,ESTIMABLE,0,banglabert,0.1024,137,0.41532557395597297,banglaclick:news,0.24728838056325914,-0.16803719339271384,5000
5000,"[-0.41070067741217736, -0.07362098762588146]",direct_address_imperative,ESTIMABLE,0,banglabert,0.0084,137,0.41532557395597297,banglaclick:twitter,0.17357632489874958,-0.2417492490572234,5000
5000,"[-0.19435328638208754, 0.21385690856673867]",direct_address_imperative,ESTIMABLE,0,banglabert,0.768,137,0.41532557395597297,banglaclick:youtube,0.3699476663127292,-0.04537790764324379,5000
5000,"[-0.06339638595784486, 0.31456890204542676]",direct_address_imperative,ESTIMABLE,0,banglabert,0.1944,2718,0.3185964038838511,baitbuster:youtube_human,0.42877714556299096,0.11018074167913988,5000
5000,"[-0.37421484528529486, 0.049056077699832216]",direct_address_imperative,ESTIMABLE,0,banglabert,0.1492,2718,0.3185964038838511,banglaclick:facebook,0.15572247205369444,-0.16287393183015664,5000
5000,"[-0.5182713761074265, -0.04457466726096915]",direct_address_imperative,ESTIMABLE,0,banglabert,0.0208,2718,0.3185964038838511,banglaclick:news,0.041657219920307395,-0.27693918396354367,5000
5000,"[-0.4223571967800566, -0.018591433737087666]",direct_address_imperative,ESTIMABLE,0,banglabert,0.0292,2718,0.3185964038838511,banglaclick:twitter,0.09738404899835587,-0.2212123548854952,5000
5000,"[-0.20723143454466172, 0.23638556513590173]",direct_address_imperative,ESTIMABLE,0,banglabert,0.9516,2718,0.3185964038838511,banglaclick:youtube,0.28544386932054044,-0.03315253456331063,5000
5000,"[-0.06003838261393808, 0.22853663950999545]",direct_address_imperative,ESTIMABLE,0,banglabert,0.2296,31415,0.433918551609352,baitbuster:youtube_human,0.5132582737035895,0.07933972209423745,5000
5000,"[-0.409899279456047, -0.028789684947860338]",direct_address_imperative,ESTIMABLE,0,banglabert,0.0272,31415,0.433918551609352,banglaclick:facebook,0.2141601946878146,-0.2197583569215374,5000
5000,"[-0.3157829440772479, 0.05089362423502548]",direct_address_imperative,ESTIMABLE,0,banglabert,0.1556,31415,0.433918551609352,banglaclick:news,0.29852571338415146,-0.13539283822520054,5000
5000,"[-0.4020858690731385, -0.09921386013089818]",direct_address_imperative,ESTIMABLE,0,banglabert,0.0024,31415,0.433918551609352,banglaclick:twitter,0.18888060115277766,-0.24503795045657434,5000
5000,"[-0.1883503618758307, 0.10941397248562074]",direct_address_imperative,ESTIMABLE,0,banglabert,0.6164,31415,0.433918551609352,banglaclick:youtube,0.3885158314551721,-0.0454027201541799,5000
5000,"[-0.15907876376660204, 0.15005670059406356]",direct_address_imperative,ESTIMABLE,0,banglabert,0.9704,65537,0.30577940445231355,baitbuster:youtube_human,0.29714010196524515,-0.008639302487068401,5000
5000,"[-0.33080195706353815, 0.16881592080990254]",direct_address_imperative,ESTIMABLE,0,banglabert,0.432,65537,0.30577940445231355,banglaclick:facebook,0.20788856436419917,-0.09789084008811438,5000
5000,"[-0.39202666211920534, -0.03210580063067866]",direct_address_imperative,ESTIMABLE,0,banglabert,0.0204,65537,0.30577940445231355,banglaclick:news,0.09178195120766759,-0.21399745324464597,5000
5000,"[-0.443475802105757, -0.10401719889704787]",direct_address_imperative,ESTIMABLE,0,banglabert,0.0008,65537,0.30577940445231355,banglaclick:twitter,0.036145915649831294,-0.2696334888024823,5000
5000,"[-0.2842453452617775, 0.018599586355162824]",direct_address_imperative,ESTIMABLE,0,banglabert,0.0812,65537,0.30577940445231355,banglaclick:youtube,0.17003901521337098,-0.13574038923894258,5000
5000,"[-0.02164784224770634, 0.20822530323490723]",direct_address_imperative,ESTIMABLE,0,ebm,0.0972,42,1.410425552475717,baitbuster:youtube_human,1.511731543960452,0.10130599148473496,5000
5000,"[-0.7234231319816636, -0.302975243951147]",direct_address_imperative,ESTIMABLE,0,ebm,0.0008,42,1.410425552475717,banglaclick:facebook,0.8663564179715928,-0.5440691345041242,5000
5000,"[-0.2334668388292891, 0.06921352574017971]",direct_address_imperative,ESTIMABLE,0,ebm,0.2784,42,1.410425552475717,banglaclick:news,1.3282730092803248,-0.08215254319539222,5000
5000,"[-0.21470517818843887, 0.31503574387844496]",direct_address_imperative,ESTIMABLE,0,ebm,0.706,42,1.410425552475717,banglaclick:twitter,1.4584820181606115,0.04805646568489452,5000
5000,"[0.00949308633481709, 0.40211930816743724]",direct_address_imperative,ESTIMABLE,0,ebm,0.04,42,1.410425552475717,banglaclick:youtube,1.5677080688461957,0.15728251637047874,5000
5000,"[-0.018787387656533615, 0.20899462653601814]",direct_address_imperative,ESTIMABLE,0,ebm,0.0928,137,1.4114739814119401,baitbuster:youtube_human,1.5126119664069866,0.10113798499504645,5000
5000,"[-0.7250198394248099, -0.274791206043548]",direct_address_imperative,ESTIMABLE,0,ebm,0.0,137,1.4114739814119401,banglaclick:facebook,0.8670041174998162,-0.5444698639121239,5000
5000,"[-0.23416039714048484, 0.06559411929837618]",direct_address_imperative,ESTIMABLE,0,ebm,0.2832,137,1.4114739814119401,banglaclick:news,1.330440400419586,-0.08103358099235414,5000
5000,"[-0.21017050801393258, 0.31491088298585823]",direct_address_imperative,ESTIMABLE,0,ebm,0.7152,137,1.4114739814119401,banglaclick:twitter,1.4624330832422054,0.05095910183026531,5000
5000,"[0.006338601618994716, 0.4044603420793369]",direct_address_imperative,ESTIMABLE,0,ebm,0.0436,137,1.4114739814119401,banglaclick:youtube,1.568324900504665,0.15685091909272497,5000
5000,"[-0.01987018084365854, 0.2076274171358068]",direct_address_imperative,ESTIMABLE,0,ebm,0.1072,2718,1.4115281392380137,baitbuster:youtube_human,1.5117619720849305,0.10023383284691678,5000
5000,"[-0.7297024387864357, -0.2755747314180942]",direct_address_imperative,ESTIMABLE,0,ebm,0.0012,2718,1.4115281392380137,banglaclick:facebook,0.8681235510465228,-0.5434045881914908,5000
5000,"[-0.2386998179102016, 0.0660559793645245]",direct_address_imperative,ESTIMABLE,0,ebm,0.2884,2718,1.4115281392380137,banglaclick:news,1.3295391305144721,-0.08198900872354153,5000
5000,"[-0.21268415977095306, 0.29972550471521414]",direct_address_imperative,ESTIMABLE,0,ebm,0.7448,2718,1.4115281392380137,banglaclick:twitter,1.4599062386430801,0.04837809940506643,5000
5000,"[0.004225303273057746, 0.3961533370395861]",direct_address_imperative,ESTIMABLE,0,ebm,0.0424,2718,1.4115281392380137,banglaclick:youtube,1.5676929838639118,0.15616484462589808,5000
5000,"[-0.021275940308023284, 0.21106387969393742]",direct_address_imperative,ESTIMABLE,0,ebm,0.102,31415,1.4119847283299456,baitbuster:youtube_human,1.5119050350475978,0.09992030671765217,5000
5000,"[-0.7284986497254538, -0.2759259916833162]",direct_address_imperative,ESTIMABLE,0,ebm,0.0004,31415,1.4119847283299456,banglaclick:facebook,0.8671479534553477,-0.5448367748745979,5000
5000,"[-0.2351462875960692, 0.0674711626280738]",direct_address_imperative,ESTIMABLE,0,ebm,0.284,31415,1.4119847283299456,banglaclick:news,1.3295695626339117,-0.08241516569603391,5000
5000,"[-0.2009270320374782, 0.3176610932270627]",direct_address_imperative,ESTIMABLE,0,ebm,0.7332,31415,1.4119847283299456,banglaclick:twitter,1.460903348071257,0.0489186197413114,5000
5000,"[0.006592085073868537, 0.4098353776858533]",direct_address_imperative,ESTIMABLE,0,ebm,0.0424,31415,1.4119847283299456,banglaclick:youtube,1.5680258200775747,0.15604109174762915,5000
5000,"[-0.019587112938561087, 0.2079127196599983]",direct_address_imperative,ESTIMABLE,0,ebm,0.1008,65537,1.411582267465408,baitbuster:youtube_human,1.5123966643986866,0.10081439693327865,5000
5000,"[-0.7291921085567005, -0.2907047730145052]",direct_address_imperative,ESTIMABLE,0,ebm,0.0004,65537,1.411582267465408,banglaclick:facebook,0.8680892785213811,-0.5434929889440269,5000
5000,"[-0.23257116227251576, 0.0656336198585836]",direct_address_imperative,ESTIMABLE,0,ebm,0.2804,65537,1.411582267465408,banglaclick:news,1.3303824282363617,-0.08119983922904628,5000
5000,"[-0.22162662552858658, 0.31518237026643336]",direct_address_imperative,ESTIMABLE,0,ebm,0.7004,65537,1.411582267465408,banglaclick:twitter,1.4618992906345665,0.05031702316915854,5000
5000,"[0.005165837469371722, 0.4031098857364538]",direct_address_imperative,ESTIMABLE,0,ebm,0.0392,65537,1.411582267465408,banglaclick:youtube,1.5678078827745994,0.15622561530919143,5000
5000,"[-0.6441445394044815, -0.09805271824225453]",punctuation_intensity,ESTIMABLE,0,banglabert,0.0,42,0.7748365705843018,baitbuster:youtube_human,0.3101640979353884,-0.46467247264891337,5000
5000,"[-0.5643907635571079, -0.24097140021608052]",punctuation_intensity,ESTIMABLE,0,banglabert,0.0,42,0.7748365705843018,banglaclick:facebook,0.3703575363754752,-0.4044790342088266,5000
5000,"[-0.2231491446947928, 0.014563194233270025]",punctuation_intensity,ESTIMABLE,0,banglabert,0.0828,42,0.7748365705843018,banglaclick:news,0.6683064095377353,-0.10653016104656643,5000
5000,"[-0.7572294884150045, -0.569017988900071]",punctuation_intensity,ESTIMABLE,0,banglabert,0.0,42,0.7748365705843018,banglaclick:twitter,0.1099402558424377,-0.6648963147418641,5000
5000,"[-0.7370438917800666, -0.3383222781275255]",punctuation_intensity,ESTIMABLE,0,banglabert,0.0,42,0.7748365705843018,banglaclick:youtube,0.17477734246531396,-0.6000592281189878,5000
5000,"[-0.5134654450458106, -0.09412566844110988]",punctuation_intensity,ESTIMABLE,0,banglabert,0.0008,137,0.6850595228231507,baitbuster:youtube_human,0.3191245034171882,-0.36593501940596257,5000
5000,"[-0.3921094508958557, -0.05597276114169175]",punctuation_intensity,ESTIMABLE,0,banglabert,0.0088,137,0.6850595228231507,banglaclick:facebook,0.450578588281424,-0.23448093454172675,5000
5000,"[-0.15873540162787866, 0.05394334492751326]",punctuation_intensity,ESTIMABLE,0,banglabert,0.322,137,0.6850595228231507,banglaclick:news,0.6323148578206319,-0.05274466500251884,5000
5000,"[-0.615076073136401, -0.4298046718592634]",punctuation_intensity,ESTIMABLE,0,banglabert,0.0,137,0.6850595228231507,banglaclick:twitter,0.15958478053965205,-0.5254747422834987,5000
5000,"[-0.5748709120561585, -0.2748487529882961]",punctuation_intensity,ESTIMABLE,0,banglabert,0.0004,137,0.6850595228231507,banglaclick:youtube,0.2131668163829782,-0.47189270644017256,5000
5000,"[-0.16976948329186928, 0.26077192055441234]",punctuation_intensity,ESTIMABLE,0,banglabert,0.9644,2718,0.7168517104970912,baitbuster:youtube_human,0.6961423041450864,-0.0207094063520048,5000
5000,"[-0.3603248624544024, 0.03214970367080976]",punctuation_intensity,ESTIMABLE,0,banglabert,0.1056,2718,0.7168517104970912,banglaclick:facebook,0.5501934007300733,-0.1666583097670179,5000
5000,"[-0.16345596011369143, 0.07622820941424321]",punctuation_intensity,ESTIMABLE,0,banglabert,0.4424,2718,0.7168517104970912,banglaclick:news,0.6684339587640671,-0.048417751733024095,5000
5000,"[-0.6190688710977564, -0.4248956993655478]",punctuation_intensity,ESTIMABLE,0,banglabert,0.0,2718,0.7168517104970912,banglaclick:twitter,0.1921586316311732,-0.524693078865918,5000
5000,"[-0.24614088419870403, 0.12779671450870989]",punctuation_intensity,ESTIMABLE,0,banglabert,0.4308,2718,0.7168517104970912,banglaclick:youtube,0.5980254933272587,-0.11882621716983244,5000
5000,"[-0.4610374602502527, -0.056283034226395356]",punctuation_intensity,ESTIMABLE,0,banglabert,0.0064,31415,0.7033861415555704,baitbuster:youtube_human,0.3843434024963075,-0.31904273905926295,5000
5000,"[-0.38528115661695106, -0.04813536494814133]",punctuation_intensity,ESTIMABLE,0,banglabert,0.0116,31415,0.7033861415555704,banglaclick:facebook,0.4964052092938023,-0.20698093226176817,5000
5000,"[-0.12233134085654483, 0.11487670043922486]",punctuation_intensity,ESTIMABLE,0,banglabert,0.9928,31415,0.7033861415555704,banglaclick:news,0.704134832968125,0.0007486914125545141,5000
5000,"[-0.6192820566132196, -0.43939195973467754]",punctuation_intensity,ESTIMABLE,0,banglabert,0.0,31415,0.7033861415555704,banglaclick:twitter,0.1707598245702684,-0.532626316985302,5000
5000,"[-0.5364926166988827, -0.20945006608205327]",punctuation_intensity,ESTIMABLE,0,banglabert,0.0008,31415,0.7033861415555704,banglaclick:youtube,0.2785971320419121,-0.42478900951365833,5000
5000,"[-0.26243842749156415, 0.36475506144534425]",punctuation_intensity,ESTIMABLE,0,banglabert,0.6856,65537,0.6902201246022364,baitbuster:youtube_human,0.6288525427707177,-0.06136758183151869,5000
5000,"[-0.3654995335040002, 0.004407785877616219]",punctuation_intensity,ESTIMABLE,0,banglabert,0.058,65537,0.6902201246022364,banglaclick:facebook,0.5060851725088503,-0.18413495209338604,5000
5000,"[-0.1544729334085259, 0.061383126473050914]",punctuation_intensity,ESTIMABLE,0,banglabert,0.3988,65537,0.6902201246022364,banglaclick:news,0.6438543527877627,-0.046365771814473655,5000
5000,"[-0.5951895503894099, -0.39392703932343665]",punctuation_intensity,ESTIMABLE,0,banglabert,0.0,65537,0.6902201246022364,banglaclick:twitter,0.19196878870882625,-0.4982513358934101,5000
5000,"[-0.3437699818619333, 0.13374230259533076]",punctuation_intensity,ESTIMABLE,0,banglabert,0.28,65537,0.6902201246022364,banglaclick:youtube,0.5080312974768274,-0.18218882712540896,5000
5000,"[0.010089877627019505, 0.2960788942323203]",punctuation_intensity,ESTIMABLE,0,ebm,0.0148,42,0.8201914069366378,baitbuster:youtube_human,0.9120115978159743,0.09182019087933646,5000
5000,"[-0.0038597480910750738, 0.16409119821772894]",punctuation_intensity,ESTIMABLE,0,ebm,0.0648,42,0.8201914069366378,banglaclick:facebook,0.8997333721890584,0.07954196525242052,5000
5000,"[-0.053545181520674584, 0.043881233840272704]",punctuation_intensity,ESTIMABLE,0,ebm,0.876,42,0.8201914069366378,banglaclick:news,0.8179388964613622,-0.0022525104752756375,5000
5000,"[-0.00651442201468792, 0.1302929190615997]",punctuation_intensity,ESTIMABLE,0,ebm,0.0756,42,0.8201914069366378,banglaclick:twitter,0.8827324870490345,0.06254108011239667,5000
5000,"[-0.019434038359137446, 0.23199235923510583]",punctuation_intensity,ESTIMABLE,0,ebm,0.1672,42,0.8201914069366378,banglaclick:youtube,0.8856885232353277,0.06549711629868982,5000
5000,"[0.009248287627744404, 0.2951220096271209]",punctuation_intensity,ESTIMABLE,0,ebm,0.02,137,0.8198447657195043,baitbuster:youtube_human,0.9116758923540899,0.09183112663458559,5000
5000,"[-0.004135089309416559, 0.16447122422675425]",punctuation_intensity,ESTIMABLE,0,ebm,0.0644,137,0.8198447657195043,banglaclick:facebook,0.8990997398410528,0.07925497412154858,5000
5000,"[-0.05265517392720347, 0.046828258673808146]",punctuation_intensity,ESTIMABLE,0,ebm,0.9384,137,0.8198447657195043,banglaclick:news,0.8180552025351572,-0.0017895631843470872,5000
5000,"[-0.0039011336195877645, 0.13007250492290912]",punctuation_intensity,ESTIMABLE,0,ebm,0.0664,137,0.8198447657195043,banglaclick:twitter,0.8830239589712787,0.06317919325177446,5000
5000,"[-0.018060039647612196, 0.2328865792625985]",punctuation_intensity,ESTIMABLE,0,ebm,0.1516,137,0.8198447657195043,banglaclick:youtube,0.8856776985566697,0.0658329328371654,5000
5000,"[0.012046422899790002, 0.29466909205592695]",punctuation_intensity,ESTIMABLE,0,ebm,0.0172,2718,0.8199622649251959,baitbuster:youtube_human,0.9097406161706083,0.08977835124541245,5000
5000,"[-0.003547114198643, 0.1594373457621415]",punctuation_intensity,ESTIMABLE,0,ebm,0.0612,2718,0.8199622649251959,banglaclick:facebook,0.8978577394141248,0.07789547448892897,5000
5000,"[-0.05265816516548019, 0.04395673940754671]",punctuation_intensity,ESTIMABLE,0,ebm,0.9132,2718,0.8199622649251959,banglaclick:news,0.8178936042992512,-0.002068660625944685,5000
5000,"[-0.003845207204770009, 0.12927532291030008]",punctuation_intensity,ESTIMABLE,0,ebm,0.0676,2718,0.8199622649251959,banglaclick:twitter,0.881432658459963,0.06147039353476713,5000
5000,"[-0.016698019158171484, 0.22842549862958483]",punctuation_intensity,ESTIMABLE,0,ebm,0.1576,2718,0.8199622649251959,banglaclick:youtube,0.8832915604779827,0.06332929555278688,5000
5000,"[0.011176744360379173, 0.295676483387757]",punctuation_intensity,ESTIMABLE,0,ebm,0.0164,31415,0.8201603360285776,baitbuster:youtube_human,0.9113746585138282,0.09121432248525052,5000
5000,"[-0.00557955478154663, 0.15826369273730082]",punctuation_intensity,ESTIMABLE,0,ebm,0.07,31415,0.8201603360285776,banglaclick:facebook,0.8981748449590385,0.07801450893046091,5000
5000,"[-0.050458013238744694, 0.04580051853186591]",punctuation_intensity,ESTIMABLE,0,ebm,0.926,31415,0.8201603360285776,banglaclick:news,0.8182705323470568,-0.0018898036815208075,5000
5000,"[-0.005936217743739577, 0.12961568954721997]",punctuation_intensity,ESTIMABLE,0,ebm,0.0836,31415,0.8201603360285776,banglaclick:twitter,0.8813964003384329,0.06123606430985529,5000
5000,"[-0.01622662592893236, 0.22960212227320215]",punctuation_intensity,ESTIMABLE,0,ebm,0.1556,31415,0.8201603360285776,banglaclick:youtube,0.8846977891429565,0.06453745311437886,5000
5000,"[0.009625303475264689, 0.2953636277213755]",punctuation_intensity,ESTIMABLE,0,ebm,0.0188,65537,0.8197250586653748,baitbuster:youtube_human,0.9093544457035814,0.08962938703820655,5000
5000,"[-0.005225902820304545, 0.16366985634426337]",punctuation_intensity,ESTIMABLE,0,ebm,0.0692,65537,0.8197250586653748,banglaclick:facebook,0.8980838801848132,0.0783588215194384,5000
5000,"[-0.053464890861959456, 0.04473192417484974]",punctuation_intensity,ESTIMABLE,0,ebm,0.9288,65537,0.8197250586653748,banglaclick:news,0.8178241380621805,-0.001900920603194356,5000
5000,"[-0.00421268530187687, 0.12948161223010743]",punctuation_intensity,ESTIMABLE,0,ebm,0.0692,65537,0.8197250586653748,banglaclick:twitter,0.8814155695410761,0.06169051087570132,5000
5000,"[-0.016658731953396604, 0.2277928688826168]",punctuation_intensity,ESTIMABLE,0,ebm,0.1596,65537,0.8197250586653748,banglaclick:youtube,0.8829350009117781,0.0632099422464033,5000
