consensus_ge_4_of_5,domain,estimable_seeds,model,nonestimable_seeds,supporting_seeds,total_seeds,hypothesis
NE,baitbuster:youtube_human,0,banglabert,5,0,5,H1
NE,baitbuster:youtube_human,0,ebm,5,0,5,H1
NE,baitbuster:youtube_human,0,tfidf_lr,5,0,5,H1
NE,baitbuster:youtube_human,0,xlmr,5,0,5,H1
False,banglaclick:facebook,5,banglabert,0,0,5,H1
False,banglaclick:facebook,5,ebm,0,0,5,H1
False,banglaclick:facebook,5,tfidf_lr,0,0,5,H1
False,banglaclick:facebook,5,xlmr,0,0,5,H1
False,banglaclick:news,5,banglabert,0,0,5,H1
False,banglaclick:news,5,ebm,0,0,5,H1
False,banglaclick:news,5,tfidf_lr,0,0,5,H1
False,banglaclick:news,5,xlmr,0,0,5,H1
False,banglaclick:twitter,5,banglabert,0,0,5,H1
False,banglaclick:twitter,5,ebm,0,0,5,H1
False,banglaclick:twitter,5,tfidf_lr,0,0,5,H1
False,banglaclick:twitter,5,xlmr,0,0,5,H1
False,banglaclick:youtube,5,banglabert,0,0,5,H1
False,banglaclick:youtube,5,ebm,0,0,5,H1
True,banglaclick:youtube,5,tfidf_lr,0,5,5,H1
False,banglaclick:youtube,5,xlmr,0,0,5,H1
False,baitbuster:youtube_human,5,banglabert,0,0,5,H2
False,baitbuster:youtube_human,5,ebm,0,0,5,H2
False,baitbuster:youtube_human,5,tfidf_lr,0,0,5,H2
False,baitbuster:youtube_human,5,xlmr,0,0,5,H2
False,banglaclick:facebook,5,banglabert,0,0,5,H2
False,banglaclick:facebook,5,ebm,0,0,5,H2
False,banglaclick:facebook,5,tfidf_lr,0,0,5,H2
False,banglaclick:facebook,5,xlmr,0,0,5,H2
False,banglaclick:news,5,banglabert,0,0,5,H2
False,banglaclick:news,5,ebm,0,0,5,H2
False,banglaclick:news,5,tfidf_lr,0,0,5,H2
False,banglaclick:news,5,xlmr,0,0,5,H2
False,banglaclick:twitter,5,banglabert,0,0,5,H2
False,banglaclick:twitter,5,ebm,0,0,5,H2
False,banglaclick:twitter,5,tfidf_lr,0,0,5,H2
False,banglaclick:twitter,5,xlmr,0,0,5,H2
False,banglaclick:youtube,5,banglabert,0,0,5,H2
False,banglaclick:youtube,5,ebm,0,0,5,H2
False,banglaclick:youtube,5,tfidf_lr,0,0,5,H2
False,banglaclick:youtube,5,xlmr,0,0,5,H2
