cue,target,delta_rd,delta_rd_ci95,delta_rd_p,ebm_delta_nll_gap_mean_5seeds,ebm_delta_nll_gap_ci95,ebm_delta_nll_gap_p,inferential_status,valid_replicates,invalid_replicates
curiosity_information_withholding,banglaclick:news,-0.141660761735041,"[-0.32857984398723317, 0.026811073323805494]",0.1028,-0.7000578989344722,"[-0.9019517255694913, -0.4801005887000192]",0.0,ESTIMABLE,5000,0
curiosity_information_withholding,banglaclick:facebook,-0.2331630716283477,"[-0.48790277622076295, 0.02050251470726657]",0.0696,0.4585244929988648,"[-0.7906669631159947, 1.4999169549082192]",0.436,ESTIMABLE,5000,0
curiosity_information_withholding,banglaclick:youtube,-0.2332889885610742,NE,NE,-0.6691099101342484,NE,NE,NON_ESTIMABLE_UNDER_LOCKED_BOOTSTRAP,4992,8
curiosity_information_withholding,banglaclick:twitter,-0.0077506019740236,NE,NE,-0.6665748758811173,NE,NE,NON_ESTIMABLE_UNDER_LOCKED_BOOTSTRAP,4321,679
direct_address_imperative,banglaclick:news,-0.2449726456101178,"[-0.3957450535500349, -0.10668591469082216]",0.0016,-0.6749649511843827,"[-0.8490792710744685, -0.5169575632399741]",0.0,ESTIMABLE,5000,0
direct_address_imperative,banglaclick:facebook,-0.4282030608062196,"[-0.6305209221844766, -0.21457066966166458]",0.0,0.3235187709718275,"[-0.3038006817378235, 1.2459829846731056]",0.4028,ESTIMABLE,5000,0
direct_address_imperative,banglaclick:youtube,-0.2931930964538035,NE,NE,-0.7261445349748328,NE,NE,NON_ESTIMABLE_UNDER_LOCKED_BOOTSTRAP,4969,31
direct_address_imperative,banglaclick:twitter,-0.2799416538745806,"[-0.531050649148096, -0.05299826860512916]",0.0156,-0.4077476380445996,"[-0.8682704903412759, 0.15923699083732923]",0.1396,ESTIMABLE,5000,0
exaggeration_superlative,banglaclick:news,0.0710336503115681,"[-0.11352475803577425, 0.23345516030039792]",0.4104,-0.1977256191742732,"[-0.460494480153679, 0.047794508826583745]",0.1324,ESTIMABLE,5000,0
exaggeration_superlative,banglaclick:facebook,-0.309062701717913,"[-0.4951285102892373, 0.01675629002758678]",0.064,1.3043662337044926,"[0.08314816903072256, 2.041904760160774]",0.0264,ESTIMABLE,5000,0
exaggeration_superlative,banglaclick:youtube,-0.0105755513272003,NE,NE,-0.0851354608302913,NE,NE,NON_ESTIMABLE_UNDER_LOCKED_BOOTSTRAP,4995,5
exaggeration_superlative,banglaclick:twitter,-0.2451260020461776,"[-0.4910471932509098, -0.01464260230818684]",0.0384,-0.5863642714888085,"[-0.8276578120070246, -0.3349832665313674]",0.0,ESTIMABLE,5000,0
interrogative_structure,banglaclick:news,-0.2882873801187292,"[-0.3936455377808432, -0.18071694612122693]",0.0,-0.6172219226578974,"[-0.7524851632165943, -0.48232875036388867]",0.0,ESTIMABLE,5000,0
interrogative_structure,banglaclick:facebook,-0.3222881349081919,"[-0.47141296350117995, -0.1894213835847788]",0.0,0.1230847435471651,"[-0.46517322869389893, 0.9317504344193673]",0.806,ESTIMABLE,5000,0
interrogative_structure,banglaclick:youtube,-0.3218124321427416,NE,NE,-0.7361283427550905,NE,NE,NON_ESTIMABLE_UNDER_LOCKED_BOOTSTRAP,4999,1
interrogative_structure,banglaclick:twitter,-0.1651689870061307,"[-0.2832663356570157, -0.04692336211606128]",0.006,-0.7627471730534949,"[-0.9464723164601649, -0.5788966159786902]",0.0,ESTIMABLE,5000,0
punctuation_intensity,banglaclick:news,-0.0269464208665248,"[-0.10323141465599636, 0.04755679492520814]",0.4644,-0.5215854884561931,"[-0.6178449218009844, -0.43528785705464285]",0.0,ESTIMABLE,5000,0
punctuation_intensity,banglaclick:facebook,-0.1268549647719491,"[-0.25288550606662136, -0.015533714457829587]",0.0264,-0.2097846614006434,"[-0.5982990572889841, 0.3691893432440295]",0.4192,ESTIMABLE,5000,0
punctuation_intensity,banglaclick:youtube,-0.130080785505561,"[-0.22302963907779783, -0.024092358092033167]",0.016,-0.7560936651136584,"[-1.2797910378463628, -0.36650053125651055]",0.0012,ESTIMABLE,5000,0
punctuation_intensity,banglaclick:twitter,-3.2618851389554226e-05,"[-0.10029481168146198, 0.10165122712229419]",0.9672,-0.5894237806609138,"[-0.7854401447947381, -0.38786591747020305]",0.0,ESTIMABLE,5000,0
sensational_emotional_loading,banglaclick:news,-0.2234290063057186,"[-0.3326971029600772, -0.12074268724356019]",0.0,-0.8037841249992926,"[-0.9476355922280079, -0.671956291428881]",0.0,ESTIMABLE,5000,0
sensational_emotional_loading,banglaclick:facebook,-0.4181542019920676,"[-0.7309567008283833, -0.12187458316753415]",0.0024,0.6387187434901305,"[-0.6806216639850002, 2.4496659244767334]",0.4992,ESTIMABLE,5000,0
sensational_emotional_loading,banglaclick:youtube,-0.3755054302422724,NE,NE,-0.6118059155552305,NE,NE,NON_ESTIMABLE_UNDER_LOCKED_BOOTSTRAP,4847,153
sensational_emotional_loading,banglaclick:twitter,-1.169478639819321,NE,NE,1.4655197249809553,NE,NE,NON_ESTIMABLE_UNDER_LOCKED_BOOTSTRAP,3143,1857
specificity_numerals,banglaclick:news,-0.0206767377124744,"[-0.08783784450483952, 0.052688252688228104]",0.6096,0.0583022944803163,"[-0.03418960846594458, 0.1613116465432003]",0.2156,ESTIMABLE,5000,0
specificity_numerals,banglaclick:facebook,-0.250233021470908,"[-0.37156841810404884, -0.12555017792843606]",0.0,0.4525727385809103,"[0.0069197110343398975, 0.892818269335472]",0.044,ESTIMABLE,5000,0
specificity_numerals,banglaclick:youtube,-0.0048865065213705,"[-0.06811550898907856, 0.05806978434627626]",0.9416,0.194840138322984,"[-0.05365723010954976, 0.3413959337774342]",0.0916,ESTIMABLE,5000,0
specificity_numerals,banglaclick:twitter,-0.1397112120101065,"[-0.23375932391617033, -0.0420003870581296]",0.0052,0.3963120131982806,"[0.1731742971514733, 0.6036481018778286]",0.0012,ESTIMABLE,5000,0
vague_deictic_reference,banglaclick:news,-0.275263289827786,"[-0.38061966123433955, -0.17687220563768488]",0.0,-0.7228322217380727,"[-0.8641370299995454, -0.5677107745524841]",0.0,ESTIMABLE,5000,0
vague_deictic_reference,banglaclick:facebook,-0.6042914824917149,"[-0.7577602200055595, -0.3618802961766951]",0.0,0.7973462881553077,"[-0.19109160240781226, 1.470047094087707]",0.1608,ESTIMABLE,5000,0
vague_deictic_reference,banglaclick:youtube,-0.3392480016951936,NE,NE,-0.7870407037881627,NE,NE,NON_ESTIMABLE_UNDER_LOCKED_BOOTSTRAP,4996,4
vague_deictic_reference,banglaclick:twitter,-0.3225124395059319,"[-0.42500567573626746, -0.2248856436619795]",0.0,-0.794922697282106,"[-0.9868452166168612, -0.6073661402315131]",0.0,ESTIMABLE,5000,0
