cue,platform,abs_delta_rd,abs_delta_nll_gap,source_cue_lift,target_cue_lift,lift_deterioration_source_minus_target,source_cue_error_capture,target_cue_error_capture,error_capture_deterioration_source_minus_target
curiosity_information_withholding,news,0.141660761735041,0.7000578989344722,0.16070628183361632,0.08553191489361703,0.0751743669399993,0.007275813433452093,0.0031090296267449035,0.004166783806707189
direct_address_imperative,news,0.24497264561011783,0.6749649511843827,0.29147707979626486,0.1625531914893617,0.12892388830690316,0.009402118308727034,0.002119432648105314,0.007282685660621721
exaggeration_superlative,news,0.07103365031156811,0.19772561917427328,0.07142501414827392,0.06851063829787234,0.0029143758504015793,0.0053646438861766925,0.0009914685868614656,0.004373175299315227
interrogative_structure,news,0.2882873801187292,0.6172219226578974,0.5530186757215619,0.3323404255319149,0.22067825018964704,0.0235853737142192,0.01073001613691057,0.012855357577308631
punctuation_intensity,news,0.026946420866524823,0.5215854884561931,1.0719003961516695,0.5102127659574468,0.5616876301942227,0.07502774156319798,0.03532491837228338,0.0397028231909146
sensational_emotional_loading,news,0.22342900630571866,0.8037841249992926,0.5183565365025466,0.27191489361702126,0.2464416428855254,0.0035292538935477,0.0015793181473042937,0.0019499357462434061
specificity_numerals,news,0.020676737712474413,0.05830229448031639,0.5115291454442557,0.2923404255319149,0.21918871991234073,0.030382100841866842,0.018236711680264257,0.012145389161602585
vague_deictic_reference,news,0.275263289827786,0.7228322217380727,0.8549994340690436,0.38127659574468087,0.4737228383243627,0.02301376358200541,0.005958108443595182,0.017055655138410227
curiosity_information_withholding,facebook,0.23316307162834776,0.45852449299886483,0.16070628183361632,0.02065540165531658,0.14005088017829975,0.007275813433452093,0.0010910292166005236,0.006184784216851569
direct_address_imperative,facebook,0.42820306080621967,0.3235187709718275,0.29147707979626486,0.21171786696699493,0.07975921282926993,0.009402118308727034,0.013450298037438028,-0.004048179728710993
exaggeration_superlative,facebook,0.30906270171791306,1.3043662337044926,0.07142501414827392,0.06554117832936993,0.00588383581890399,0.0053646438861766925,0.006075429814637164,-0.0007107859284604719
interrogative_structure,facebook,0.3222881349081919,0.12308474354716518,0.5530186757215619,0.5898706049643293,-0.03685192924276737,0.0235853737142192,0.024141023537355543,-0.0005556498231363421
punctuation_intensity,facebook,0.12685496477194919,0.20978466140064342,1.0719003961516695,0.607348252518828,0.4645521436328416,0.07502774156319798,0.028769904289593994,0.04625783727360399
sensational_emotional_loading,facebook,0.4181542019920676,0.6387187434901305,0.5183565365025466,0.01032770082765829,0.5080288356748883,0.0035292538935477,0.0006033100817156591,0.0029259438118320407
specificity_numerals,facebook,0.25023302147090803,0.4525727385809103,0.5115291454442557,0.13306845297175104,0.3784606924725046,0.030382100841866842,0.027709084352074476,0.0026730164897923667
vague_deictic_reference,facebook,0.6042914824917149,0.7973462881553077,0.8549994340690436,0.4377356273876707,0.41726380668137286,0.02301376358200541,0.02195034424931519,0.0010634193326902186
curiosity_information_withholding,youtube,0.23328898856107422,0.6691099101342484,0.16070628183361632,0.2802786709539121,-0.1195723891202958,0.007275813433452093,0.010935178033114955,-0.003659364599662863
direct_address_imperative,youtube,0.2931930964538035,0.7261445349748328,0.29147707979626486,0.5348338692390139,-0.24335678944274902,0.009402118308727034,0.0135159778976753,-0.004113859588948266
exaggeration_superlative,youtube,0.010575551327200394,0.08513546083029133,0.07142501414827392,0.04233654876741693,0.029088465380856986,0.0053646438861766925,0.005642812938591662,-0.0002781690524149699
interrogative_structure,youtube,0.32181243214274163,0.7361283427550905,0.5530186757215619,0.4892818863879957,0.06373678933356625,0.0235853737142192,0.035191190932545365,-0.011605817218326164
punctuation_intensity,youtube,0.13008078550556107,0.7560936651136584,1.0719003961516695,0.7347266881028938,0.3371737080487758,0.07502774156319798,0.07581568309682786,-0.0007879415336298767
sensational_emotional_loading,youtube,0.3755054302422724,0.6118059155552305,0.5183565365025466,0.1688102893890675,0.34954624711347915,0.0035292538935477,0.0035714188405664023,-4.2164947018702523e-05
specificity_numerals,youtube,0.004886506521370515,0.19484013832298402,0.5115291454442557,0.20793140407288316,0.3035977413713725,0.030382100841866842,0.0236061432202432,0.006775957621623641
vague_deictic_reference,youtube,0.3392480016951936,0.7870407037881627,0.8549994340690436,0.6334405144694535,0.22155891959959007,0.02301376358200541,0.01472536076885404,0.00828840281315137
curiosity_information_withholding,twitter,0.007750601974023608,0.6665748758811173,0.16070628183361632,0.027700831024930754,0.13300545080868556,0.007275813433452093,0.0005586960209432414,0.006717117412508852
direct_address_imperative,twitter,0.27994165387458064,0.4077476380445996,0.29147707979626486,0.2285318559556787,0.06294522384058615,0.009402118308727034,0.005283520045634483,0.0041185982630925514
exaggeration_superlative,twitter,0.24512600204617768,0.5863642714888085,0.07142501414827392,0.1038781163434903,-0.03245310219521638,0.0053646438861766925,0.006939766029390529,-0.0015751221432138366
interrogative_structure,twitter,0.16516898700613075,0.7627471730534949,0.5530186757215619,0.6731301939058172,-0.12011151818425525,0.0235853737142192,0.03526232451941616,-0.01167695080519696
punctuation_intensity,twitter,3.2618851389554226e-05,0.5894237806609138,1.0719003961516695,0.6232686980609419,0.44863169809072767,0.07502774156319798,0.03695568203297049,0.03807205953022749
sensational_emotional_loading,twitter,1.169478639819321,1.4655197249809553,0.5183565365025466,0.0,0.5183565365025466,0.0035292538935477,0.0011201893454959257,0.002409064548051774
specificity_numerals,twitter,0.13971121201010656,0.3963120131982806,0.5115291454442557,0.703601108033241,-0.1920719625889854,0.030382100841866842,0.059049189440714495,-0.028667088598847652
vague_deictic_reference,twitter,0.32251243950593195,0.794922697282106,0.8549994340690436,0.8116343490304709,0.043365085038572615,0.02301376358200541,0.02165956334547576,0.0013542002365296499
