comparison_A,platform,model,seed,n_A,budget,lift_frozen_A,lift_branch_A,lift_abs_change_A,lift_ci95_frozen_A,lift_ci95_branch_A,lift_p_frozen_A,lift_p_branch_A,lift_estimability_frozen_A,lift_estimability_branch_A,error_capture_frozen_A,error_capture_branch_A,error_capture_abs_change_A,error_capture_ci95_frozen_A,error_capture_ci95_branch_A,error_capture_p_frozen_A,error_capture_p_branch_A,error_capture_estimability_frozen_A,error_capture_estimability_branch_A,aurc_frozen_A,aurc_branch_A,aurc_abs_change_A,aurc_ci95_frozen_A,aurc_ci95_branch_A,aurc_p_frozen_A,aurc_p_branch_A,aurc_estimability_frozen_A,aurc_estimability_branch_A,comparison_B,n_B,lift_frozen_B,lift_branch_B,lift_abs_change_B,lift_ci95_frozen_B,lift_ci95_branch_B,lift_p_frozen_B,lift_p_branch_B,lift_estimability_frozen_B,lift_estimability_branch_B,error_capture_frozen_B,error_capture_branch_B,error_capture_abs_change_B,error_capture_ci95_frozen_B,error_capture_ci95_branch_B,error_capture_p_frozen_B,error_capture_p_branch_B,error_capture_estimability_frozen_B,error_capture_estimability_branch_B,aurc_frozen_B,aurc_branch_B,aurc_abs_change_B,aurc_ci95_frozen_B,aurc_ci95_branch_B,aurc_p_frozen_B,aurc_p_branch_B,aurc_estimability_frozen_B,aurc_estimability_branch_B,lift_branch_B_minus_A,lift_p_branch_B_minus_A,error_capture_branch_B_minus_A,error_capture_p_branch_B_minus_A,aurc_branch_B_minus_A,aurc_p_branch_B_minus_A
Frozen v3.1 vs Rule A,news,banglabert,42,456,0.1,-1.3623590892123922,-1.1599601804806778,0.2023989087317144,"[-1.5276670795388563, -1.1773389676788595]","[-1.4567982001104642, -0.9119752994004501]",0.0,0.0,ESTIMABLE,ESTIMABLE,-0.1372000595585793,-0.1315717643490788,0.005628295209500506,"[-0.16802262071053378, -0.10474245753611973]","[-0.17758895536407074, -0.09774693834293613]",0.0,0.0,ESTIMABLE,ESTIMABLE,0.5092345152516806,0.4052585395535831,-0.10397597569809752,"[0.4603980519319754, 0.5740542639778112]","[0.34680951779254043, 0.4955662879745361]",0.0,0.0,ESTIMABLE,ESTIMABLE,Frozen v3.1 vs Rule B,426,-1.3623590892123922,-1.0638270093839246,0.29853207982846763,"[-1.5276670795388563, -1.1773389676788595]","[-1.331563004422016, -0.8397680515448328]",0.0,0.0,ESTIMABLE,ESTIMABLE,-0.1372000595585793,-0.13159063298563112,0.00560942657294819,"[-0.16802262071053378, -0.10474245753611973]","[-0.17891349252473815, -0.09347446502132337]",0.0,0.0,ESTIMABLE,ESTIMABLE,0.5092345152516806,0.3935845277601301,-0.11564998749155053,"[0.4603980519319754, 0.5740542639778112]","[0.3301882573354774, 0.47446799610099444]",0.0,0.0,ESTIMABLE,ESTIMABLE,0.09613317109675323,0.0,-1.8868636552316076e-05,0.0,-0.01167401179345301,0.0
Frozen v3.1 vs Rule A,news,banglabert,137,456,0.1,-1.3708697275102646,-1.1599601804806778,0.21090954702958675,"[-1.5371971754053688, -1.1897168849842221]","[-1.4526743564145186, -0.8916697379365163]",0.0,0.0,ESTIMABLE,ESTIMABLE,-0.14612634721785392,-0.15351773352444267,-0.007391386306588754,"[-0.17578925958286423, -0.1119127482561166]","[-0.18936548572291936, -0.11262851558779438]",0.0,0.0,ESTIMABLE,ESTIMABLE,0.5084464588815025,0.41450419675270184,-0.09394226212880069,"[0.46181348421306423, 0.5700693926375018]","[0.35365092746565885, 0.5050494094919948]",0.0,0.0,ESTIMABLE,ESTIMABLE,Frozen v3.1 vs Rule B,426,-1.3708697275102646,-1.0638270093839246,0.30704271812634,"[-1.5371971754053688, -1.1897168849842221]","[-1.3207058040957285, -0.8082972358254912]",0.0,0.0,ESTIMABLE,ESTIMABLE,-0.14612634721785392,-0.14566462406705516,0.0004617231507987596,"[-0.17578925958286423, -0.1119127482561166]","[-0.18280900325695132, -0.10333862095383035]",0.0,0.0,ESTIMABLE,ESTIMABLE,0.5084464588815025,0.39707565257937755,-0.11137080630212498,"[0.46181348421306423, 0.5700693926375018]","[0.3328299611903406, 0.4699213064074734]",0.0,0.0,ESTIMABLE,ESTIMABLE,0.09613317109675323,0.0,0.007853109457387514,0.0,-0.01742854417332429,0.0
Frozen v3.1 vs Rule A,news,banglabert,2718,456,0.1,-1.3958631651193871,-1.1683713574711014,0.2274918076482857,"[-1.5800670834805786, -1.2300444428729818]","[-1.4964348465955117, -0.9364827639857303]",0.0,0.0,ESTIMABLE,ESTIMABLE,-0.12859538900626416,-0.13321608974557625,-0.004620700739312089,"[-0.16249270523539644, -0.09963447348038847]","[-0.18009274074175807, -0.09986330813320558]",0.0,0.0,ESTIMABLE,ESTIMABLE,0.5173358219302192,0.407658125850078,-0.10967769608014122,"[0.46230815667008124, 0.5846762541214715]","[0.3270992746025511, 0.5009298689802449]",0.0,0.0,ESTIMABLE,ESTIMABLE,Frozen v3.1 vs Rule B,426,-1.3958631651193871,-1.0691492171288435,0.32671394799054365,"[-1.5800670834805786, -1.2300444428729818]","[-1.3558116536627118, -0.8542691315119367]",0.0,0.0,ESTIMABLE,ESTIMABLE,-0.12859538900626416,-0.13330881283733503,-0.004713423831070873,"[-0.16249270523539644, -0.09963447348038847]","[-0.18076194855436073, -0.09759105202285744]",0.0,0.0,ESTIMABLE,ESTIMABLE,0.5173358219302192,0.3881830412766827,-0.12915278065353653,"[0.46230815667008124, 0.5846762541214715]","[0.30133768459370147, 0.4702415562281009]",0.0,0.0,ESTIMABLE,ESTIMABLE,0.09922214034225796,0.0,-9.272309175878402e-05,0.0,-0.019475084573395307,0.0
Frozen v3.1 vs Rule A,news,banglabert,31415,456,0.1,-1.3433447723633034,-1.1494565019294614,0.19388827043384205,"[-1.5276505374646854, -1.1812986299022443]","[-1.4545636335672267, -0.8997460004249251]",0.0,0.0,ESTIMABLE,ESTIMABLE,-0.15787525406792555,-0.1522851919561243,0.005590062111801242,"[-0.19018699921857235, -0.12578170152940416]","[-0.1959070581921602, -0.11926784403249066]",0.0,0.0,ESTIMABLE,ESTIMABLE,0.5002106935987228,0.3971703784666172,-0.10304031513210565,"[0.44981608319325345, 0.5633157024769215]","[0.33179807316408455, 0.4846974417558521]",0.0,0.0,ESTIMABLE,ESTIMABLE,Frozen v3.1 vs Rule B,426,-1.3433447723633034,-1.0533233308327081,0.2900214415305953,"[-1.5276505374646854, -1.1812986299022443]","[-1.335893789001772, -0.8209053488511853]",0.0,0.0,ESTIMABLE,ESTIMABLE,-0.15787525406792555,-0.15551099840773722,0.0023642556601883302,"[-0.19018699921857235, -0.12578170152940416]","[-0.19990233254669915, -0.1219296456042746]",0.0,0.0,ESTIMABLE,ESTIMABLE,0.5002106935987228,0.3805960772195535,-0.11961461637916931,"[0.44981608319325345, 0.5633157024769215]","[0.3121829596879088, 0.46236450666553897]",0.0,0.0,ESTIMABLE,ESTIMABLE,0.09613317109675323,0.0,-0.0032258064516129115,0.0,-0.01657430124706366,0.0
Frozen v3.1 vs Rule A,news,banglabert,65537,456,0.1,-1.3308480535587424,-1.128449144827028,0.2023989087317144,"[-1.5074321808458644, -1.1668631569352135]","[-1.4399906314621198, -0.8720429981286227]",0.0,0.0,ESTIMABLE,ESTIMABLE,-0.13149362154500355,-0.12670373027259685,0.004789891272406699,"[-0.16444228122699753, -0.10240672711480325]","[-0.16358679156092948, -0.08058794494821757]",0.0,0.0,ESTIMABLE,ESTIMABLE,0.5184334185447008,0.40428642299832773,-0.11414699554637309,"[0.4626784948925285, 0.587009798950575]","[0.3171323110963992, 0.5005303964543358]",0.0,0.0,ESTIMABLE,ESTIMABLE,Frozen v3.1 vs Rule B,426,-1.3308480535587424,-1.0323159737302747,0.29853207982846763,"[-1.5074321808458644, -1.1668631569352135]","[-1.2959724174047984, -0.7912290014924076]",0.0,0.0,ESTIMABLE,ESTIMABLE,-0.13149362154500355,-0.11712184873949581,0.014371772805507735,"[-0.16444228122699753, -0.10240672711480325]","[-0.15819670406565461, -0.0716310046539652]",0.0,0.0,ESTIMABLE,ESTIMABLE,0.5184334185447008,0.39212264622639015,-0.12631077231831067,"[0.4626784948925285, 0.587009798950575]","[0.3050920762970265, 0.4788956759014489]",0.0,0.0,ESTIMABLE,ESTIMABLE,0.09613317109675323,0.0,0.009581881533101036,0.0,-0.012163776771937584,0.0
Frozen v3.1 vs Rule A,news,ebm,42,456,0.1,-1.083284326120724,-0.92256057692428,0.16072374919644394,"[-1.2603282931779656, -0.9121630660767808]","[-1.1931066846415115, -0.6188061522444605]",0.0,0.0,ESTIMABLE,ESTIMABLE,-0.07374134775199344,-0.043725084523389024,0.030016263228604415,"[-0.10006731613659427, -0.0491195234938659]","[-0.08620722186809673, -0.016123516697355518]",0.0,0.002,ESTIMABLE,ESTIMABLE,0.37844720045341007,0.35520610398820396,-0.023241096465206112,"[0.3372039309886954, 0.42576487281969916]","[0.27977961785102173, 0.452668037011091]",0.0,0.0,ESTIMABLE,ESTIMABLE,Frozen v3.1 vs Rule B,426,-1.083284326120724,-0.8692978507784843,0.21398647534223958,"[-1.2603282931779656, -0.9121630660767808]","[-1.156634818453751, -0.5560871190992096]",0.0,0.0,ESTIMABLE,ESTIMABLE,-0.07374134775199344,-0.045336255307492135,0.028405092444501304,"[-0.10006731613659427, -0.0491195234938659]","[-0.08358183957479143, -0.014187331152921865]",0.0,0.0048,ESTIMABLE,ESTIMABLE,0.37844720045341007,0.3511002391243023,-0.027346961329107744,"[0.3372039309886954, 0.42576487281969916]","[0.26853694481963847, 0.4480796444623795]",0.0,0.0,ESTIMABLE,ESTIMABLE,0.053262726145795636,0.0,-0.0016111707841031109,0.0027999999999999995,-0.0041058648639016315,0.0
Frozen v3.1 vs Rule A,news,ebm,137,456,0.1,-1.072780647569507,-0.912056898373063,0.16072374919644394,"[-1.2555143613202548, -0.8976430791276129]","[-1.1908210738284466, -0.6035778874066943]",0.0,0.0,ESTIMABLE,ESTIMABLE,-0.07468900058970544,-0.043725084523389024,0.03096391606631642,"[-0.10056702242167061, -0.04972832980395321]","[-0.08591695910501958, -0.01671162513995094]",0.0,0.004,ESTIMABLE,ESTIMABLE,0.37853997966988673,0.35522271649579584,-0.023317263174090885,"[0.33623826505790827, 0.42662526824635677]","[0.2785701385683295, 0.45088011291156205]",0.0,0.0,ESTIMABLE,ESTIMABLE,Frozen v3.1 vs Rule B,426,-1.072780647569507,-0.8587941722272674,0.21398647534223958,"[-1.2555143613202548, -0.8976430791276129]","[-1.1486018899651758, -0.5439470015249521]",0.0,0.0,ESTIMABLE,ESTIMABLE,-0.07468900058970544,-0.045336255307492135,0.029352745282213308,"[-0.10056702242167061, -0.04972832980395321]","[-0.08198125300095391, -0.01496338711290603]",0.0,0.0072,ESTIMABLE,ESTIMABLE,0.37853997966988673,0.3509856236520763,-0.027554356017810422,"[0.33623826505790827, 0.42662526824635677]","[0.2711170170467785, 0.44405554507524847]",0.0,0.0,ESTIMABLE,ESTIMABLE,0.053262726145795636,0.0,-0.0016111707841031109,0.0031999999999999997,-0.0042370928437195365,0.0
Frozen v3.1 vs Rule A,news,ebm,2718,456,0.1,-1.0812912858673793,-0.912056898373063,0.1692343874943163,"[-1.2580599821638985, -0.9058278333715414]","[-1.1851420808131519, -0.619946434152191]",0.0,0.0,ESTIMABLE,ESTIMABLE,-0.0726964156725786,-0.043725084523389024,0.02897133114918958,"[-0.09953028771782932, -0.04937521887166304]","[-0.08462719999665606, -0.01738544554897936]",0.0,0.0036,ESTIMABLE,ESTIMABLE,0.3784852521346273,0.3544170381634861,-0.024068213971141228,"[0.3364546316578812, 0.42567405526187463]","[0.2794761948659212, 0.4491469320135945]",0.0,0.0,ESTIMABLE,ESTIMABLE,Frozen v3.1 vs Rule B,426,-1.0812912858673793,-0.8587941722272674,0.22249711364011193,"[-1.2580599821638985, -0.9058278333715414]","[-1.154468676483817, -0.5601803567856339]",0.0,0.0,ESTIMABLE,ESTIMABLE,-0.0726964156725786,-0.045336255307492135,0.02736016036508647,"[-0.09953028771782932, -0.04937521887166304]","[-0.08076523969049573, -0.013353456350648107]",0.0,0.0044,ESTIMABLE,ESTIMABLE,0.3784852521346273,0.3502059733026022,-0.02827927883202508,"[0.3364546316578812, 0.42567405526187463]","[0.2700519060878344, 0.4416475467511459]",0.0,0.0,ESTIMABLE,ESTIMABLE,0.053262726145795636,0.0,-0.0016111707841031109,0.0008000000000000004,-0.004211064860883851,0.0
Frozen v3.1 vs Rule A,news,ebm,31415,456,0.1,-1.072780647569507,-0.912056898373063,0.16072374919644394,"[-1.2555692363879707, -0.902432830554541]","[-1.1773310498338925, -0.6186356368925383]",0.0,0.0,ESTIMABLE,ESTIMABLE,-0.0726964156725786,-0.043725084523389024,0.02897133114918958,"[-0.09940502265987392, -0.04951694572447893]","[-0.08397151232102176, -0.01596639155590921]",0.0,0.0044,ESTIMABLE,ESTIMABLE,0.3782281090814915,0.35423997578709443,-0.023988133294397085,"[0.3353514698081316, 0.4236876680067102]","[0.27919193528015357, 0.44756070245765756]",0.0,0.0,ESTIMABLE,ESTIMABLE,Frozen v3.1 vs Rule B,426,-1.072780647569507,-0.8587941722272674,0.21398647534223958,"[-1.2555692363879707, -0.902432830554541]","[-1.1551618023183696, -0.5549388428087497]",0.0,0.0,ESTIMABLE,ESTIMABLE,-0.0726964156725786,-0.045336255307492135,0.02736016036508647,"[-0.09940502265987392, -0.04951694572447893]","[-0.08223633832608351, -0.013840155642721192]",0.0,0.0088,ESTIMABLE,ESTIMABLE,0.3782281090814915,0.3499872685896097,-0.028240840491881802,"[0.3353514698081316, 0.4236876680067102]","[0.2711187040713276, 0.44489880065499615]",0.0,0.0,ESTIMABLE,ESTIMABLE,0.053262726145795636,0.0,-0.0016111707841031109,0.0044,-0.0042527071974847175,0.0
Frozen v3.1 vs Rule A,news,ebm,65537,456,0.1,-1.0812912858673793,-0.912056898373063,0.1692343874943163,"[-1.2586302387596964, -0.903667961026175]","[-1.181145979631118, -0.6129072037289364]",0.0,0.0,ESTIMABLE,ESTIMABLE,-0.07135413379338397,-0.04238280264419439,0.02897133114918958,"[-0.09949766398305138, -0.049612603253778385]","[-0.0839458136915113, -0.016324034965570985]",0.0,0.006,ESTIMABLE,ESTIMABLE,0.3783184354146961,0.3552127080535822,-0.023105727361113937,"[0.336030079667803, 0.4259187394636804]","[0.2764741239576528, 0.4526768435075289]",0.0,0.0,ESTIMABLE,ESTIMABLE,Frozen v3.1 vs Rule B,426,-1.0812912858673793,-0.8587941722272674,0.22249711364011193,"[-1.2586302387596964, -0.903667961026175]","[-1.1477955252352634, -0.544742077037333]",0.0,0.0,ESTIMABLE,ESTIMABLE,-0.07135413379338397,-0.0439939734282975,0.02736016036508647,"[-0.09949766398305138, -0.049612603253778385]","[-0.08055144183522163, -0.012935102397054992]",0.0,0.0064,ESTIMABLE,ESTIMABLE,0.3783184354146961,0.3511163677325687,-0.027202067682127407,"[0.336030079667803, 0.4259187394636804]","[0.2695373147799072, 0.44428142715166785]",0.0,0.0,ESTIMABLE,ESTIMABLE,0.053262726145795636,0.0,-0.0016111707841031109,0.0004000000000000002,-0.00409634032101347,0.0
Frozen v3.1 vs Rule A,news,tfidf_lr,42,456,0.1,-1.2448255848956638,-1.033916037866077,0.21090954702958675,"[-1.4199514766488, -1.0741029521094052]","[-1.3492928768727275, -0.8210170540618886]",0.0,0.0,ESTIMABLE,ESTIMABLE,-0.10571080803344274,-0.09100078084331077,0.014710027190131966,"[-0.13177874270874404, -0.07851383482755213]","[-0.1180089398118018, -0.05413742762864788]",0.0,0.0,ESTIMABLE,ESTIMABLE,0.452701861335994,0.4129841266751316,-0.03971773466086237,"[0.39941163081375736, 0.5139703100183166]","[0.33695688921019473, 0.5290136992640329]",0.0,0.0,ESTIMABLE,ESTIMABLE,Frozen v3.1 vs Rule B,426,-1.2448255848956638,-1.0111678796892205,0.23365770520644324,"[-1.4199514766488, -1.0741029521094052]","[-1.3029373586217912, -0.7884550844900665]",0.0,0.0,ESTIMABLE,ESTIMABLE,-0.10571080803344274,-0.0898638802999609,0.01584692773348184,"[-0.13177874270874404, -0.07851383482755213]","[-0.11954740942227697, -0.05524147123979086]",0.0,0.0,ESTIMABLE,ESTIMABLE,0.452701861335994,0.40214033117865455,-0.05056153015733944,"[0.39941163081375736, 0.5139703100183166]","[0.3237881376667405, 0.5124053543700143]",0.0,0.0,ESTIMABLE,ESTIMABLE,0.022748158176856492,0.0,0.0011369005433498752,0.0,-0.010843795496477071,0.0
Frozen v3.1 vs Rule A,news,tfidf_lr,137,456,0.1,-1.2448255848956638,-1.033916037866077,0.21090954702958675,"[-1.4140383357033242, -1.0678491833265042]","[-1.3360136984388902, -0.8359283655761929]",0.0,0.0,ESTIMABLE,ESTIMABLE,-0.10571080803344274,-0.09100078084331077,0.014710027190131966,"[-0.13138215106752718, -0.07878710139614852]","[-0.11766247758047714, -0.054156060869718435]",0.0,0.0,ESTIMABLE,ESTIMABLE,0.452701861335994,0.4129841266751316,-0.03971773466086237,"[0.40047971636756613, 0.5136046264494832]","[0.3343341095317734, 0.5193135179568422]",0.0,0.0,ESTIMABLE,ESTIMABLE,Frozen v3.1 vs Rule B,426,-1.2448255848956638,-1.0111678796892205,0.23365770520644324,"[-1.4140383357033242, -1.0678491833265042]","[-1.3007835537544148, -0.7841486628865867]",0.0,0.0,ESTIMABLE,ESTIMABLE,-0.10571080803344274,-0.0898638802999609,0.01584692773348184,"[-0.13138215106752718, -0.07878710139614852]","[-0.11890067085145305, -0.05533297130400273]",0.0,0.0,ESTIMABLE,ESTIMABLE,0.452701861335994,0.40214033117865455,-0.05056153015733944,"[0.40047971636756613, 0.5136046264494832]","[0.32243622157456525, 0.513173726836764]",0.0,0.0,ESTIMABLE,ESTIMABLE,0.022748158176856492,0.0,0.0011369005433498752,0.0,-0.010843795496477071,0.0
Frozen v3.1 vs Rule A,news,tfidf_lr,2718,456,0.1,-1.2448255848956638,-1.033916037866077,0.21090954702958675,"[-1.4217529587231825, -1.0619003095960122]","[-1.3464801955472903, -0.8239436557861114]",0.0,0.0,ESTIMABLE,ESTIMABLE,-0.10571080803344274,-0.09100078084331077,0.014710027190131966,"[-0.13185656181859645, -0.07725144295810824]","[-0.11679883252301133, -0.053661420839260954]",0.0,0.0,ESTIMABLE,ESTIMABLE,0.452701861335994,0.4129841266751316,-0.03971773466086237,"[0.3977242996615822, 0.5117914964538265]","[0.3356545188967103, 0.5234513161650067]",0.0,0.0,ESTIMABLE,ESTIMABLE,Frozen v3.1 vs Rule B,426,-1.2448255848956638,-1.0111678796892205,0.23365770520644324,"[-1.4217529587231825, -1.0619003095960122]","[-1.299344008690888, -0.7828585665333306]",0.0,0.0,ESTIMABLE,ESTIMABLE,-0.10571080803344274,-0.0898638802999609,0.01584692773348184,"[-0.13185656181859645, -0.07725144295810824]","[-0.11894991421648496, -0.05561912619700051]",0.0,0.0,ESTIMABLE,ESTIMABLE,0.452701861335994,0.40214033117865455,-0.05056153015733944,"[0.3977242996615822, 0.5117914964538265]","[0.32307558800767305, 0.513935806184326]",0.0,0.0,ESTIMABLE,ESTIMABLE,0.022748158176856492,0.0,0.0011369005433498752,0.0,-0.010843795496477071,0.0
Frozen v3.1 vs Rule A,news,tfidf_lr,31415,456,0.1,-1.2448255848956638,-1.033916037866077,0.21090954702958675,"[-1.4121036397579103, -1.0690778902304148]","[-1.336159885270984, -0.8209074026456681]",0.0,0.0,ESTIMABLE,ESTIMABLE,-0.10571080803344274,-0.09100078084331077,0.014710027190131966,"[-0.1318776620649403, -0.07695770578675629]","[-0.11878120095155473, -0.054963076472833806]",0.0,0.0,ESTIMABLE,ESTIMABLE,0.452701861335994,0.4129841266751316,-0.03971773466086237,"[0.40092495223681995, 0.5098151656611442]","[0.3348208214822765, 0.5222545306859356]",0.0,0.0,ESTIMABLE,ESTIMABLE,Frozen v3.1 vs Rule B,426,-1.2448255848956638,-1.0111678796892205,0.23365770520644324,"[-1.4121036397579103, -1.0690778902304148]","[-1.298516305472055, -0.7861260918353652]",0.0,0.0,ESTIMABLE,ESTIMABLE,-0.10571080803344274,-0.0898638802999609,0.01584692773348184,"[-0.1318776620649403, -0.07695770578675629]","[-0.11938244767192906, -0.05531801820785609]",0.0,0.0,ESTIMABLE,ESTIMABLE,0.452701861335994,0.40214033117865455,-0.05056153015733944,"[0.40092495223681995, 0.5098151656611442]","[0.3219552329363723, 0.5070105002162493]",0.0,0.0,ESTIMABLE,ESTIMABLE,0.022748158176856492,0.0,0.0011369005433498752,0.0,-0.010843795496477071,0.0
Frozen v3.1 vs Rule A,news,tfidf_lr,65537,456,0.1,-1.2448255848956638,-1.033916037866077,0.21090954702958675,"[-1.4178279403380596, -1.068317465286889]","[-1.342089382493562, -0.8275836373843567]",0.0,0.0,ESTIMABLE,ESTIMABLE,-0.10571080803344274,-0.09100078084331077,0.014710027190131966,"[-0.13056986353030556, -0.07798100855522827]","[-0.11758002125789999, -0.053047471529836264]",0.0,0.0,ESTIMABLE,ESTIMABLE,0.452701861335994,0.4129841266751316,-0.03971773466086237,"[0.39978367268277465, 0.5109729428011824]","[0.332833162176624, 0.5234933828691638]",0.0,0.0,ESTIMABLE,ESTIMABLE,Frozen v3.1 vs Rule B,426,-1.2448255848956638,-1.0111678796892205,0.23365770520644324,"[-1.4178279403380596, -1.068317465286889]","[-1.3080529375932752, -0.7907963380246911]",0.0,0.0,ESTIMABLE,ESTIMABLE,-0.10571080803344274,-0.0898638802999609,0.01584692773348184,"[-0.13056986353030556, -0.07798100855522827]","[-0.11963762276842091, -0.05571528943947608]",0.0,0.0,ESTIMABLE,ESTIMABLE,0.452701861335994,0.40214033117865455,-0.05056153015733944,"[0.39978367268277465, 0.5109729428011824]","[0.32352647893778264, 0.5100206790659382]",0.0,0.0,ESTIMABLE,ESTIMABLE,0.022748158176856492,0.0,0.0011369005433498752,0.0,-0.010843795496477071,0.0
Frozen v3.1 vs Rule A,news,xlmr,42,456,0.1,-1.3958631651193871,-1.1683713574711014,0.2274918076482857,"[-1.5806900987212553, -1.2402738258900015]","[-1.4723372310416112, -0.9489735684815689]",0.0,0.0,ESTIMABLE,ESTIMABLE,-0.13082022818378045,-0.1265784466355302,0.004241781548250251,"[-0.16325736776760744, -0.09716069668426512]","[-0.16415673281215695, -0.0840833854254345]",0.0,0.0,ESTIMABLE,ESTIMABLE,0.4288927309275199,0.38482888519910485,-0.04406384572841504,"[0.3830973398406608, 0.48387707664204255]","[0.3050968984185021, 0.47208589539189005]",0.0,0.0,ESTIMABLE,ESTIMABLE,Frozen v3.1 vs Rule B,426,-1.3958631651193871,-1.1058417235887918,0.2900214415305953,"[-1.5806900987212553, -1.2402738258900015]","[-1.3876453074904314, -0.8791255073981278]",0.0,0.0,ESTIMABLE,ESTIMABLE,-0.13082022818378045,-0.11773205861217859,0.01308816957160186,"[-0.16325736776760744, -0.09716069668426512]","[-0.15539655596586127, -0.07371986073581382]",0.0,0.0,ESTIMABLE,ESTIMABLE,0.4288927309275199,0.35989307416306193,-0.06899965676445796,"[0.3830973398406608, 0.48387707664204255]","[0.28308542433333767, 0.4300335823703641]",0.0,0.0,ESTIMABLE,ESTIMABLE,0.06252963388230959,0.0,0.008846388023351609,0.0,-0.02493581103604292,0.0
Frozen v3.1 vs Rule A,news,xlmr,137,456,0.1,-1.334834134065431,-1.1158529647150177,0.21898116935041334,"[-1.5052059913182583, -1.1652290994403278]","[-1.3992111646136836, -0.8619982226712302]",0.0,0.0,ESTIMABLE,ESTIMABLE,-0.19373712402142562,-0.18716875871687588,0.006568365304549739,"[-0.22207484786164874, -0.1563304684190211]","[-0.22401143206961016, -0.13858371959508195]",0.0,0.0,ESTIMABLE,ESTIMABLE,0.4708688804360024,0.4435793105772432,-0.02728956985875919,"[0.4243208891231254, 0.5229606685327033]","[0.37703449944512174, 0.5123344996305332]",0.0,0.0,ESTIMABLE,ESTIMABLE,Frozen v3.1 vs Rule B,426,-1.334834134065431,-1.0166308243727598,0.3182033096926713,"[-1.5052059913182583, -1.1652290994403278]","[-1.3065613973120282, -0.7834061690058166]",0.0,0.0,ESTIMABLE,ESTIMABLE,-0.19373712402142562,-0.19293394777265743,0.0008031762487681893,"[-0.22207484786164874, -0.1563304684190211]","[-0.22932780426634614, -0.13732350410656544]",0.0,0.0,ESTIMABLE,ESTIMABLE,0.4708688804360024,0.4298580361751084,-0.041010844260893964,"[0.4243208891231254, 0.5229606685327033]","[0.35923029002261075, 0.4908968459431057]",0.0,0.0,ESTIMABLE,ESTIMABLE,0.09922214034225796,0.0,-0.00576518905578155,0.0,-0.013721274402134775,0.0
Frozen v3.1 vs Rule A,news,xlmr,2718,456,0.1,-1.3158198172163418,-1.1053492861638008,0.210470531052541,"[-1.4873801701923315, -1.143967288828126]","[-1.3696817361853715, -0.8364255247453412]",0.0,0.0,ESTIMABLE,ESTIMABLE,-0.1304871373836891,-0.13073136427566806,-0.0002442268919789492,"[-0.1649366552568885, -0.10010060448878605]","[-0.17428652741356807, -0.09062975494418374]",0.0,0.0,ESTIMABLE,ESTIMABLE,0.49361224176964136,0.41890882559033327,-0.07470341617930809,"[0.44133151854870306, 0.5490911154762571]","[0.3424245876976969, 0.5035988140358606]",0.0,0.0,ESTIMABLE,ESTIMABLE,Frozen v3.1 vs Rule B,426,-1.3158198172163418,-1.0061271458215428,0.30969267139479895,"[-1.4873801701923315, -1.143967288828126]","[-1.2914303876000093, -0.7642008177022769]",0.0,0.0,ESTIMABLE,ESTIMABLE,-0.1304871373836891,-0.13055555555555554,-6.841817186642452e-05,"[-0.1649366552568885, -0.10010060448878605]","[-0.17589295780750855, -0.09138364810377832]",0.0,0.0,ESTIMABLE,ESTIMABLE,0.49361224176964136,0.4011720890012027,-0.09244015276843864,"[0.44133151854870306, 0.5490911154762571]","[0.32485434395860874, 0.47871459967561536]",0.0,0.0,ESTIMABLE,ESTIMABLE,0.09922214034225796,0.0,0.00017580872011252469,0.0,-0.017736736589130553,0.0
Frozen v3.1 vs Rule A,news,xlmr,31415,456,0.1,-1.2783296608026586,-1.109534289285388,0.16879537151727053,"[-1.4333642000919653, -1.0917809681621957]","[-1.315339170400711, -0.8136666235411325]",0.0,0.0,ESTIMABLE,ESTIMABLE,-0.1395569566617515,-0.13739580339177923,0.0021611532699722658,"[-0.16821773085233324, -0.10774032406459681]","[-0.18217891695701446, -0.09380460619114561]",0.0,0.0,ESTIMABLE,ESTIMABLE,0.4645045888563655,0.45780244549596505,-0.0067021433604004255,"[0.4182689169010376, 0.5120955956433805]","[0.3901418760633692, 0.5214867771752708]",0.0,0.0,ESTIMABLE,ESTIMABLE,Frozen v3.1 vs Rule B,426,-1.2783296608026586,-1.0164900874341394,0.26183957336851926,"[-1.4333642000919653, -1.0917809681621957]","[-1.2457954196455614, -0.7490283495336537]",0.0,0.0,ESTIMABLE,ESTIMABLE,-0.1395569566617515,-0.13675804828973842,0.002798908372013076,"[-0.16821773085233324, -0.10774032406459681]","[-0.1820982047156049, -0.08989703183952841]",0.0,0.0,ESTIMABLE,ESTIMABLE,0.4645045888563655,0.4466410010718269,-0.01786358778453856,"[0.4182689169010376, 0.5120955956433805]","[0.3765636795012587, 0.5048318783934809]",0.0,0.0,ESTIMABLE,ESTIMABLE,0.09304420185124873,0.0,0.0006377551020408101,0.0,-0.011161444424138134,0.0
Frozen v3.1 vs Rule A,news,xlmr,65537,456,0.1,-1.3393586918566147,-1.0948456076125843,0.2445130842440304,"[-1.51952372030606, -1.1655137674074163]","[-1.432299440913093, -0.8532585754441391]",0.0,0.0,ESTIMABLE,ESTIMABLE,-0.16764935233721787,-0.15987246309291558,0.007776889244302282,"[-0.19751004359976748, -0.13410390531555352]","[-0.2029420184552006, -0.10734967221398892]",0.0,0.0,ESTIMABLE,ESTIMABLE,0.42358953249686093,0.3989639135826102,-0.024625618914250746,"[0.3746617912261055, 0.47600903838955566]","[0.31548824867908853, 0.4899968717035533]",0.0,0.0,ESTIMABLE,ESTIMABLE,Frozen v3.1 vs Rule B,426,-1.3393586918566147,-0.9956234672703264,0.34373522458628836,"[-1.51952372030606, -1.1655137674074163]","[-1.307951379507795, -0.7723687566412187]",0.0,0.0,ESTIMABLE,ESTIMABLE,-0.16764935233721787,-0.1588065217564457,0.008842830580772176,"[-0.19751004359976748, -0.13410390531555352]","[-0.20487473611294368, -0.1029984557338962]",0.0,0.0,ESTIMABLE,ESTIMABLE,0.42358953249686093,0.3785024418420183,-0.04508709065484262,"[0.3746617912261055, 0.47600903838955566]","[0.29580790881575686, 0.4597160074388404]",0.0,0.0,ESTIMABLE,ESTIMABLE,0.09922214034225796,0.0,0.0010659413364698944,0.0,-0.020461471740591874,0.0
