comparison_A,cue,platform,n_A,estimability_frozen_A,estimability_branch_A,delta_rd_frozen_A,delta_rd_branch_A,delta_rd_abs_change_A,delta_rd_ci95_frozen_A,delta_rd_ci95_branch_A,delta_rd_p_frozen_A,delta_rd_p_branch_A,delta_nll_gap_frozen_A,delta_nll_gap_branch_A,delta_nll_gap_abs_change_A,delta_nll_ci95_frozen_A,delta_nll_ci95_branch_A,delta_nll_p_frozen_A,delta_nll_p_branch_A,invalid_replicates_frozen_A,invalid_replicates_branch_A,comparison_B,n_B,estimability_frozen_B,estimability_branch_B,delta_rd_frozen_B,delta_rd_branch_B,delta_rd_abs_change_B,delta_rd_ci95_frozen_B,delta_rd_ci95_branch_B,delta_rd_p_frozen_B,delta_rd_p_branch_B,delta_nll_gap_frozen_B,delta_nll_gap_branch_B,delta_nll_gap_abs_change_B,delta_nll_ci95_frozen_B,delta_nll_ci95_branch_B,delta_nll_p_frozen_B,delta_nll_p_branch_B,invalid_replicates_frozen_B,invalid_replicates_branch_B,delta_rd_branch_B_minus_A,delta_rd_p_branch_B_minus_A,delta_nll_gap_branch_B_minus_A,delta_nll_p_branch_B_minus_A,invalid_replicates_branch_B_minus_A
Frozen v3.1 vs Rule A,curiosity_information_withholding,facebook,1961,ESTIMABLE,ESTIMABLE,-0.23316307162834776,-0.23316307162834776,0.0,"[-0.48790277622076295, 0.02050251470726657]","[-0.4945085922024036, 0.02348438906935026]",0.0696,0.0716,0.45852449299886483,0.45852449299886483,0.0,"[-0.7906669631159947, 1.4999169549082192]","[-0.8147323402721164, 1.4817745080363396]",0.436,0.44,0,0,Frozen v3.1 vs Rule B,1961,ESTIMABLE,ESTIMABLE,-0.23316307162834776,-0.23316307162834776,0.0,"[-0.48790277622076295, 0.02050251470726657]","[-0.4860803147244404, 0.02436139774305272]",0.0696,0.0732,0.45852449299886483,0.45852449299886483,0.0,"[-0.7906669631159947, 1.4999169549082192]","[-0.7542223446760326, 1.4601986483937306]",0.436,0.4332,0,0,0.0,0.0016000000000000042,0.0,-0.006800000000000028,0
Frozen v3.1 vs Rule A,curiosity_information_withholding,news,456,ESTIMABLE,NON_ESTIMABLE_UNDER_LOCKED_BOOTSTRAP,-0.141660761735041,-0.4344441603484907,-0.2927833986134497,"[-0.32857984398723317, 0.026811073323805494]",,0.1028,,-0.7000578989344722,-0.8297804001472187,-0.12972250121274642,"[-0.9019517255694913, -0.4801005887000192]",,0.0,,0,696,Frozen v3.1 vs Rule B,426,ESTIMABLE,NON_ESTIMABLE_UNDER_LOCKED_BOOTSTRAP,-0.141660761735041,-0.9221611854845362,-0.7805004237494952,"[-0.32857984398723317, 0.026811073323805494]",,0.1028,,-0.7000578989344722,-0.5710335587752262,0.12902434015924602,"[-0.9019517255694913, -0.4801005887000192]",,0.0,,0,1824,-0.4877170251360455,,0.25874684137199244,,1128
Frozen v3.1 vs Rule A,curiosity_information_withholding,twitter,500,NON_ESTIMABLE_UNDER_LOCKED_BOOTSTRAP,NON_ESTIMABLE_UNDER_LOCKED_BOOTSTRAP,-0.007750601974023608,-0.007750601974023608,0.0,,,,,-0.6665748758811173,-0.6665748758811173,0.0,,,,,679,678,Frozen v3.1 vs Rule B,500,NON_ESTIMABLE_UNDER_LOCKED_BOOTSTRAP,NON_ESTIMABLE_UNDER_LOCKED_BOOTSTRAP,-0.007750601974023608,-0.007750601974023608,0.0,,,,,-0.6665748758811173,-0.6665748758811173,0.0,,,,,679,679,0.0,,0.0,,1
Frozen v3.1 vs Rule A,curiosity_information_withholding,youtube,1000,NON_ESTIMABLE_UNDER_LOCKED_BOOTSTRAP,NON_ESTIMABLE_UNDER_LOCKED_BOOTSTRAP,-0.23328898856107422,-0.23328898856107422,0.0,,,,,-0.6691099101342484,-0.6691099101342484,0.0,,,,,8,4,Frozen v3.1 vs Rule B,1000,NON_ESTIMABLE_UNDER_LOCKED_BOOTSTRAP,NON_ESTIMABLE_UNDER_LOCKED_BOOTSTRAP,-0.23328898856107422,-0.23328898856107422,0.0,,,,,-0.6691099101342484,-0.6691099101342484,0.0,,,,,8,7,0.0,,0.0,,3
Frozen v3.1 vs Rule A,direct_address_imperative,facebook,1961,ESTIMABLE,ESTIMABLE,-0.42820306080621967,-0.42820306080621967,0.0,"[-0.6305209221844766, -0.21457066966166458]","[-0.6304146119350067, -0.21679947140043707]",0.0,0.0,0.3235187709718275,0.3235187709718275,0.0,"[-0.3038006817378235, 1.2459829846731056]","[-0.3104643065097939, 1.2577710691507213]",0.4028,0.4128,0,0,Frozen v3.1 vs Rule B,1961,ESTIMABLE,ESTIMABLE,-0.42820306080621967,-0.42820306080621967,0.0,"[-0.6305209221844766, -0.21457066966166458]","[-0.6312145850251532, -0.22144231042117088]",0.0,0.0,0.3235187709718275,0.3235187709718275,0.0,"[-0.3038006817378235, 1.2459829846731056]","[-0.3139336487931441, 1.2103410481582235]",0.4028,0.4204,0,0,0.0,0.0,0.0,0.007599999999999996,0
Frozen v3.1 vs Rule A,direct_address_imperative,news,456,ESTIMABLE,NON_ESTIMABLE_UNDER_LOCKED_BOOTSTRAP,-0.24497264561011783,-0.2927856723282873,-0.04781302671816945,"[-0.3957450535500349, -0.10668591469082216]",,0.0016,,-0.6749649511843827,-0.35361858864358886,0.32134636254079385,"[-0.8490792710744685, -0.5169575632399741]",,0.0,,0,13,Frozen v3.1 vs Rule B,426,ESTIMABLE,NON_ESTIMABLE_UNDER_LOCKED_BOOTSTRAP,-0.24497264561011783,0.008476592570916985,0.2534492381810348,"[-0.3957450535500349, -0.10668591469082216]",,0.0016,,-0.6749649511843827,-0.3861941147241194,0.2887708364602633,"[-0.8490792710744685, -0.5169575632399741]",,0.0,,0,72,0.30126226489920427,,-0.03257552608053055,,59
Frozen v3.1 vs Rule A,direct_address_imperative,twitter,500,ESTIMABLE,ESTIMABLE,-0.27994165387458064,-0.27994165387458064,0.0,"[-0.531050649148096, -0.05299826860512916]","[-0.5262684412050966, -0.04491148439543963]",0.0156,0.016,-0.4077476380445996,-0.4077476380445996,0.0,"[-0.8682704903412759, 0.15923699083732923]","[-0.8553848340622917, 0.15338865307108765]",0.1396,0.1328,0,0,Frozen v3.1 vs Rule B,500,ESTIMABLE,ESTIMABLE,-0.27994165387458064,-0.27994165387458064,0.0,"[-0.531050649148096, -0.05299826860512916]","[-0.5346745096094894, -0.05075530981062849]",0.0156,0.012,-0.4077476380445996,-0.4077476380445996,0.0,"[-0.8682704903412759, 0.15923699083732923]","[-0.8689389123597673, 0.16155045477973584]",0.1396,0.1356,0,0,0.0,-0.004,0.0,0.002799999999999997,0
Frozen v3.1 vs Rule A,direct_address_imperative,youtube,1000,NON_ESTIMABLE_UNDER_LOCKED_BOOTSTRAP,NON_ESTIMABLE_UNDER_LOCKED_BOOTSTRAP,-0.2931930964538035,-0.2931930964538035,0.0,,,,,-0.7261445349748328,-0.7261445349748328,0.0,,,,,31,35,Frozen v3.1 vs Rule B,1000,NON_ESTIMABLE_UNDER_LOCKED_BOOTSTRAP,NON_ESTIMABLE_UNDER_LOCKED_BOOTSTRAP,-0.2931930964538035,-0.2931930964538035,0.0,,,,,-0.7261445349748328,-0.7261445349748328,0.0,,,,,31,35,0.0,,0.0,,0
Frozen v3.1 vs Rule A,exaggeration_superlative,facebook,1961,ESTIMABLE,ESTIMABLE,-0.30906270171791306,-0.30906270171791306,0.0,"[-0.4951285102892373, 0.01675629002758678]","[-0.49158841417355037, 0.0019758305764839713]",0.064,0.0524,1.3043662337044926,1.3043662337044926,0.0,"[0.08314816903072256, 2.041904760160774]","[0.11107783825293566, 2.0416095516113533]",0.0264,0.02,0,0,Frozen v3.1 vs Rule B,1961,ESTIMABLE,ESTIMABLE,-0.30906270171791306,-0.30906270171791306,0.0,"[-0.4951285102892373, 0.01675629002758678]","[-0.49682111030586584, 0.013843290575288532]",0.064,0.0588,1.3043662337044926,1.3043662337044926,0.0,"[0.08314816903072256, 2.041904760160774]","[0.09708096394261578, 2.0492419564146926]",0.0264,0.018,0,0,0.0,0.006399999999999996,0.0,-0.0020000000000000018,0
Frozen v3.1 vs Rule A,exaggeration_superlative,news,456,ESTIMABLE,NON_ESTIMABLE_UNDER_LOCKED_BOOTSTRAP,0.07103365031156811,0.31256769674767676,0.24153404643610865,"[-0.11352475803577425, 0.23345516030039792]",,0.4104,,-0.19772561917427328,0.23573041071806627,0.43345602989233956,"[-0.460494480153679, 0.047794508826583745]",,0.1324,,0,26,Frozen v3.1 vs Rule B,426,ESTIMABLE,NON_ESTIMABLE_UNDER_LOCKED_BOOTSTRAP,0.07103365031156811,0.32525146425747603,0.2542178139459079,"[-0.11352475803577425, 0.23345516030039792]",,0.4104,,-0.19772561917427328,0.3078367854317244,0.5055624046059977,"[-0.460494480153679, 0.047794508826583745]",,0.1324,,0,91,0.01268376750979927,,0.0721063747136581,,65
Frozen v3.1 vs Rule A,exaggeration_superlative,twitter,500,ESTIMABLE,ESTIMABLE,-0.24512600204617768,-0.24512600204617768,0.0,"[-0.4910471932509098, -0.01464260230818684]","[-0.48468660175472966, -0.0006347056986345278]",0.0384,0.0484,-0.5863642714888085,-0.5863642714888085,0.0,"[-0.8276578120070246, -0.3349832665313674]","[-0.8258916394990898, -0.32349228888603315]",0.0,0.0,0,0,Frozen v3.1 vs Rule B,500,ESTIMABLE,ESTIMABLE,-0.24512600204617768,-0.24512600204617768,0.0,"[-0.4910471932509098, -0.01464260230818684]","[-0.4952958033807452, -0.010715441618599424]",0.0384,0.0416,-0.5863642714888085,-0.5863642714888085,0.0,"[-0.8276578120070246, -0.3349832665313674]","[-0.8283547253195234, -0.34237894497253696]",0.0,0.0004,0,0,0.0,-0.0068000000000000005,0.0,0.0004,0
Frozen v3.1 vs Rule A,exaggeration_superlative,youtube,1000,NON_ESTIMABLE_UNDER_LOCKED_BOOTSTRAP,NON_ESTIMABLE_UNDER_LOCKED_BOOTSTRAP,-0.010575551327200394,-0.010575551327200394,0.0,,,,,-0.08513546083029133,-0.08513546083029133,0.0,,,,,5,5,Frozen v3.1 vs Rule B,1000,NON_ESTIMABLE_UNDER_LOCKED_BOOTSTRAP,NON_ESTIMABLE_UNDER_LOCKED_BOOTSTRAP,-0.010575551327200394,-0.010575551327200394,0.0,,,,,-0.08513546083029133,-0.08513546083029133,0.0,,,,,5,3,0.0,,0.0,,-2
Frozen v3.1 vs Rule A,interrogative_structure,facebook,1961,ESTIMABLE,ESTIMABLE,-0.3222881349081919,-0.3222881349081919,0.0,"[-0.47141296350117995, -0.1894213835847788]","[-0.47219492556635995, -0.19415126165228958]",0.0,0.0,0.12308474354716518,0.12308474354716518,0.0,"[-0.46517322869389893, 0.9317504344193673]","[-0.46075249470846896, 0.9309588486399127]",0.806,0.8156,0,0,Frozen v3.1 vs Rule B,1961,ESTIMABLE,ESTIMABLE,-0.3222881349081919,-0.3222881349081919,0.0,"[-0.47141296350117995, -0.1894213835847788]","[-0.47404438072783067, -0.19580451065559748]",0.0,0.0,0.12308474354716518,0.12308474354716518,0.0,"[-0.46517322869389893, 0.9317504344193673]","[-0.46091025614748754, 0.9258121179485269]",0.806,0.8276,0,0,0.0,0.0,0.0,0.01200000000000001,0
Frozen v3.1 vs Rule A,interrogative_structure,news,456,ESTIMABLE,ESTIMABLE,-0.2882873801187292,-0.20711873163662248,0.0811686484821067,"[-0.3936455377808432, -0.18071694612122693]","[-0.43245537206001833, 0.0023721426633342684]",0.0,0.0528,-0.6172219226578974,-0.5472041010840227,0.0700178215738747,"[-0.7524851632165943, -0.48232875036388867]","[-0.7510324194956529, -0.3637837136495011]",0.0,0.0,0,0,Frozen v3.1 vs Rule B,426,ESTIMABLE,ESTIMABLE,-0.2882873801187292,-0.18745895990585965,0.10082842021286953,"[-0.3936455377808432, -0.18071694612122693]","[-0.4279952844871912, 0.03566228290432636]",0.0,0.1168,-0.6172219226578974,-0.5590399491375672,0.05818197352033028,"[-0.7524851632165943, -0.48232875036388867]","[-0.7467170579579989, -0.37277974683533416]",0.0,0.0,0,0,0.01965977173076283,0.064,-0.011835848053544429,0.0,0
Frozen v3.1 vs Rule A,interrogative_structure,twitter,500,ESTIMABLE,ESTIMABLE,-0.16516898700613075,-0.16516898700613075,0.0,"[-0.2832663356570157, -0.04692336211606128]","[-0.2852744304293674, -0.047180271175923785]",0.006,0.0048,-0.7627471730534949,-0.7627471730534949,0.0,"[-0.9464723164601649, -0.5788966159786902]","[-0.9469286995618409, -0.5827368690220819]",0.0,0.0,0,0,Frozen v3.1 vs Rule B,500,ESTIMABLE,ESTIMABLE,-0.16516898700613075,-0.16516898700613075,0.0,"[-0.2832663356570157, -0.04692336211606128]","[-0.2789494653848197, -0.04968566265859286]",0.006,0.0072,-0.7627471730534949,-0.7627471730534949,0.0,"[-0.9464723164601649, -0.5788966159786902]","[-0.9477695552457212, -0.5742651852527282]",0.0,0.0,0,0,0.0,0.0024000000000000002,0.0,0.0,0
Frozen v3.1 vs Rule A,interrogative_structure,youtube,1000,NON_ESTIMABLE_UNDER_LOCKED_BOOTSTRAP,NON_ESTIMABLE_UNDER_LOCKED_BOOTSTRAP,-0.32181243214274163,-0.32181243214274163,0.0,,,,,-0.7361283427550905,-0.7361283427550905,0.0,,,,,1,1,Frozen v3.1 vs Rule B,1000,NON_ESTIMABLE_UNDER_LOCKED_BOOTSTRAP,NON_ESTIMABLE_UNDER_LOCKED_BOOTSTRAP,-0.32181243214274163,-0.32181243214274163,0.0,,,,,-0.7361283427550905,-0.7361283427550905,0.0,,,,,1,1,0.0,,0.0,,0
Frozen v3.1 vs Rule A,punctuation_intensity,facebook,1961,ESTIMABLE,ESTIMABLE,-0.12685496477194919,-0.12685496477194919,0.0,"[-0.25288550606662136, -0.015533714457829587]","[-0.24623345470596508, -0.013534502995224486]",0.0264,0.03,-0.20978466140064342,-0.20978466140064342,0.0,"[-0.5982990572889841, 0.3691893432440295]","[-0.5940638636187967, 0.3633405038351563]",0.4192,0.4124,0,0,Frozen v3.1 vs Rule B,1961,ESTIMABLE,ESTIMABLE,-0.12685496477194919,-0.12685496477194919,0.0,"[-0.25288550606662136, -0.015533714457829587]","[-0.2478324310258116, -0.011229977147995342]",0.0264,0.0328,-0.20978466140064342,-0.20978466140064342,0.0,"[-0.5982990572889841, 0.3691893432440295]","[-0.5874438296753501, 0.3432802389961984]",0.4192,0.4212,0,0,0.0,0.002800000000000004,0.0,0.00880000000000003,0
Frozen v3.1 vs Rule A,punctuation_intensity,news,456,ESTIMABLE,ESTIMABLE,-0.026946420866524823,0.1267003168953001,0.15364673776182491,"[-0.10323141465599636, 0.04755679492520814]","[-0.006879721764461933, 0.22462653113691844]",0.4644,0.058,-0.5215854884561931,-0.4331833326700102,0.08840215578618293,"[-0.6178449218009844, -0.43528785705464285]","[-0.621202185250119, -0.2856135438067662]",0.0,0.0,0,0,Frozen v3.1 vs Rule B,426,ESTIMABLE,ESTIMABLE,-0.026946420866524823,0.12820942515073191,0.15515584601725674,"[-0.10323141465599636, 0.04755679492520814]","[-0.01141940004176409, 0.2339563913106008]",0.4644,0.0664,-0.5215854884561931,-0.44134189763379517,0.08024359082239796,"[-0.6178449218009844, -0.43528785705464285]","[-0.6382706576664178, -0.27806517654461754]",0.0,0.0,0,0,0.0015091082554318236,0.008399999999999998,-0.008158564963784976,0.0,0
Frozen v3.1 vs Rule A,punctuation_intensity,twitter,500,ESTIMABLE,ESTIMABLE,-3.2618851389554226e-05,-3.2618851389554226e-05,0.0,"[-0.10029481168146198, 0.10165122712229419]","[-0.09922279240218954, 0.09699663516543418]",0.9672,0.9396,-0.5894237806609138,-0.5894237806609138,0.0,"[-0.7854401447947381, -0.38786591747020305]","[-0.7852768322854387, -0.3852047788065621]",0.0,0.0,0,0,Frozen v3.1 vs Rule B,500,ESTIMABLE,ESTIMABLE,-3.2618851389554226e-05,-3.2618851389554226e-05,0.0,"[-0.10029481168146198, 0.10165122712229419]","[-0.09969505071257269, 0.09929623105833804]",0.9672,0.9664,-0.5894237806609138,-0.5894237806609138,0.0,"[-0.7854401447947381, -0.38786591747020305]","[-0.7803217616018197, -0.3886342920081054]",0.0,0.0,0,0,0.0,0.026800000000000046,0.0,0.0,0
Frozen v3.1 vs Rule A,punctuation_intensity,youtube,1000,ESTIMABLE,ESTIMABLE,-0.13008078550556107,-0.13008078550556107,0.0,"[-0.22302963907779783, -0.024092358092033167]","[-0.2228956656952908, -0.02693200819570852]",0.016,0.0112,-0.7560936651136584,-0.7560936651136584,0.0,"[-1.2797910378463628, -0.36650053125651055]","[-1.2910957062062687, -0.35895184509627687]",0.0012,0.0008,0,0,Frozen v3.1 vs Rule B,1000,ESTIMABLE,ESTIMABLE,-0.13008078550556107,-0.13008078550556107,0.0,"[-0.22302963907779783, -0.024092358092033167]","[-0.22356706800261905, -0.02662346564592111]",0.016,0.0148,-0.7560936651136584,-0.7560936651136584,0.0,"[-1.2797910378463628, -0.36650053125651055]","[-1.25656938206096, -0.36581470420440304]",0.0012,0.002,0,0,0.0,0.0036000000000000008,0.0,0.0012000000000000001,0
Frozen v3.1 vs Rule A,sensational_emotional_loading,facebook,1961,ESTIMABLE,ESTIMABLE,-0.4181542019920676,-0.4181542019920676,0.0,"[-0.7309567008283833, -0.12187458316753415]","[-0.7420842050189432, -0.10933015164379764]",0.0024,0.002,0.6387187434901305,0.6387187434901305,0.0,"[-0.6806216639850002, 2.4496659244767334]","[-0.6996633250869726, 2.5661362225275854]",0.4992,0.4776,0,0,Frozen v3.1 vs Rule B,1961,ESTIMABLE,NON_ESTIMABLE_UNDER_LOCKED_BOOTSTRAP,-0.4181542019920676,-0.4181542019920676,0.0,"[-0.7309567008283833, -0.12187458316753415]",,0.0024,,0.6387187434901305,0.6387187434901305,0.0,"[-0.6806216639850002, 2.4496659244767334]",,0.4992,,0,1,0.0,,0.0,,1
Frozen v3.1 vs Rule A,sensational_emotional_loading,news,456,ESTIMABLE,NON_ESTIMABLE_UNDER_LOCKED_BOOTSTRAP,-0.22342900630571866,-0.09140619537095312,0.13202281093476553,"[-0.3326971029600772, -0.12074268724356019]",,0.0,,-0.8037841249992926,-0.5667060755019383,0.23707804949735434,"[-0.9476355922280079, -0.671956291428881]",,0.0,,0,657,Frozen v3.1 vs Rule B,426,ESTIMABLE,NON_ESTIMABLE_UNDER_LOCKED_BOOTSTRAP,-0.22342900630571866,-0.07810721772985924,0.14532178857585942,"[-0.3326971029600772, -0.12074268724356019]",,0.0,,-0.8037841249992926,-0.5608814762644263,0.24290264873486633,"[-0.9476355922280079, -0.671956291428881]",,0.0,,0,642,0.01329897764109389,,0.005824599237511996,,-15
Frozen v3.1 vs Rule A,sensational_emotional_loading,twitter,500,NON_ESTIMABLE_UNDER_LOCKED_BOOTSTRAP,NON_ESTIMABLE_UNDER_LOCKED_BOOTSTRAP,-1.169478639819321,-1.169478639819321,0.0,,,,,1.4655197249809553,1.4655197249809553,0.0,,,,,1857,1879,Frozen v3.1 vs Rule B,500,NON_ESTIMABLE_UNDER_LOCKED_BOOTSTRAP,NON_ESTIMABLE_UNDER_LOCKED_BOOTSTRAP,-1.169478639819321,-1.169478639819321,0.0,,,,,1.4655197249809553,1.4655197249809553,0.0,,,,,1857,1835,0.0,,0.0,,-44
Frozen v3.1 vs Rule A,sensational_emotional_loading,youtube,1000,NON_ESTIMABLE_UNDER_LOCKED_BOOTSTRAP,NON_ESTIMABLE_UNDER_LOCKED_BOOTSTRAP,-0.3755054302422724,-0.3755054302422724,0.0,,,,,-0.6118059155552305,-0.6118059155552305,0.0,,,,,153,153,Frozen v3.1 vs Rule B,1000,NON_ESTIMABLE_UNDER_LOCKED_BOOTSTRAP,NON_ESTIMABLE_UNDER_LOCKED_BOOTSTRAP,-0.3755054302422724,-0.3755054302422724,0.0,,,,,-0.6118059155552305,-0.6118059155552305,0.0,,,,,153,140,0.0,,0.0,,-13
Frozen v3.1 vs Rule A,specificity_numerals,facebook,1961,ESTIMABLE,ESTIMABLE,-0.25023302147090803,-0.25023302147090803,0.0,"[-0.37156841810404884, -0.12555017792843606]","[-0.36774425149825435, -0.12250034534175816]",0.0,0.0,0.4525727385809103,0.4525727385809103,0.0,"[0.0069197110343398975, 0.892818269335472]","[0.0077631398773138635, 0.881857482733501]",0.044,0.0404,0,0,Frozen v3.1 vs Rule B,1961,ESTIMABLE,ESTIMABLE,-0.25023302147090803,-0.25023302147090803,0.0,"[-0.37156841810404884, -0.12555017792843606]","[-0.37004057464336293, -0.12607045807459638]",0.0,0.0,0.4525727385809103,0.4525727385809103,0.0,"[0.0069197110343398975, 0.892818269335472]","[0.014809028698844415, 0.8874617845838222]",0.044,0.0388,0,0,0.0,0.0,0.0,-0.0015999999999999973,0
Frozen v3.1 vs Rule A,specificity_numerals,news,456,ESTIMABLE,ESTIMABLE,-0.020676737712474413,-0.14251719156027215,-0.12184045384779774,"[-0.08783784450483952, 0.052688252688228104]","[-0.258922272823155, -0.03008946306478921]",0.6096,0.014,0.05830229448031639,-0.06297452865419631,-0.1212768231345127,"[-0.03418960846594458, 0.1613116465432003]","[-0.210974150092035, 0.12278298355983035]",0.2156,0.4464,0,0,Frozen v3.1 vs Rule B,426,ESTIMABLE,ESTIMABLE,-0.020676737712474413,-0.11942268067694811,-0.0987459429644737,"[-0.08783784450483952, 0.052688252688228104]","[-0.23547567361189323, -0.00304367664967717]",0.6096,0.0432,0.05830229448031639,-0.06739276315489158,-0.12569505763520797,"[-0.03418960846594458, 0.1613116465432003]","[-0.21893280164404877, 0.12349532034645176]",0.2156,0.4096,0,0,0.023094510883324038,0.029200000000000004,-0.00441823450069527,-0.0368,0
Frozen v3.1 vs Rule A,specificity_numerals,twitter,500,ESTIMABLE,ESTIMABLE,-0.13971121201010656,-0.13971121201010656,0.0,"[-0.23375932391617033, -0.0420003870581296]","[-0.22967416618170688, -0.042525776358518105]",0.0052,0.0036,0.3963120131982806,0.3963120131982806,0.0,"[0.1731742971514733, 0.6036481018778286]","[0.17502383443364553, 0.5994447251561834]",0.0012,0.0004,0,0,Frozen v3.1 vs Rule B,500,ESTIMABLE,ESTIMABLE,-0.13971121201010656,-0.13971121201010656,0.0,"[-0.23375932391617033, -0.0420003870581296]","[-0.2317448849968759, -0.043615465596420155]",0.0052,0.004,0.3963120131982806,0.3963120131982806,0.0,"[0.1731742971514733, 0.6036481018778286]","[0.17683614769649691, 0.6065068831591265]",0.0012,0.0004,0,0,0.0,0.0004000000000000002,0.0,0.0,0
Frozen v3.1 vs Rule A,specificity_numerals,youtube,1000,ESTIMABLE,ESTIMABLE,-0.004886506521370515,-0.004886506521370515,0.0,"[-0.06811550898907856, 0.05806978434627626]","[-0.06760530154467362, 0.056664101746680996]",0.9416,0.946,0.19484013832298402,0.19484013832298402,0.0,"[-0.05365723010954976, 0.3413959337774342]","[-0.040428605921464605, 0.34650643867011766]",0.0916,0.0948,0,0,Frozen v3.1 vs Rule B,1000,ESTIMABLE,ESTIMABLE,-0.004886506521370515,-0.004886506521370515,0.0,"[-0.06811550898907856, 0.05806978434627626]","[-0.06682054839604662, 0.0577339204207156]",0.9416,0.9556,0.19484013832298402,0.19484013832298402,0.0,"[-0.05365723010954976, 0.3413959337774342]","[-0.032480594025512274, 0.3492125715086949]",0.0916,0.0812,0,0,0.0,0.009600000000000053,0.0,-0.013600000000000001,0
Frozen v3.1 vs Rule A,vague_deictic_reference,facebook,1961,ESTIMABLE,ESTIMABLE,-0.6042914824917149,-0.6042914824917149,0.0,"[-0.7577602200055595, -0.3618802961766951]","[-0.7624068622221155, -0.3524597225228447]",0.0,0.0,0.7973462881553077,0.7973462881553077,0.0,"[-0.19109160240781226, 1.470047094087707]","[-0.21118241170555285, 1.4700000898810057]",0.1608,0.1716,0,0,Frozen v3.1 vs Rule B,1961,ESTIMABLE,ESTIMABLE,-0.6042914824917149,-0.6042914824917149,0.0,"[-0.7577602200055595, -0.3618802961766951]","[-0.7618291231848398, -0.3521062860466479]",0.0,0.0,0.7973462881553077,0.7973462881553077,0.0,"[-0.19109160240781226, 1.470047094087707]","[-0.2224236562980819, 1.4746157770000112]",0.1608,0.1776,0,0,0.0,0.0,0.0,0.006000000000000005,0
Frozen v3.1 vs Rule A,vague_deictic_reference,news,456,ESTIMABLE,ESTIMABLE,-0.275263289827786,-0.14900386009480898,0.126259429732977,"[-0.38061966123433955, -0.17687220563768488]","[-0.40381028210717157, 0.02135234474767689]",0.0,0.106,-0.7228322217380727,-0.6311669573664758,0.09166526437159694,"[-0.8641370299995454, -0.5677107745524841]","[-0.8387494883612279, -0.4428024085165488]",0.0,0.0,0,0,Frozen v3.1 vs Rule B,426,ESTIMABLE,NON_ESTIMABLE_UNDER_LOCKED_BOOTSTRAP,-0.275263289827786,-0.15705380420489373,0.11820948562289224,"[-0.38061966123433955, -0.17687220563768488]",,0.0,,-0.7228322217380727,-0.5807783779939699,0.1420538437441028,"[-0.8641370299995454, -0.5677107745524841]",,0.0,,0,1,-0.00804994411008475,,0.05038857937250585,,1
Frozen v3.1 vs Rule A,vague_deictic_reference,twitter,500,ESTIMABLE,ESTIMABLE,-0.32251243950593195,-0.32251243950593195,0.0,"[-0.42500567573626746, -0.2248856436619795]","[-0.4296779705918473, -0.22430798970725044]",0.0,0.0,-0.794922697282106,-0.794922697282106,0.0,"[-0.9868452166168612, -0.6073661402315131]","[-0.9832003887898744, -0.6016324574216488]",0.0,0.0,0,0,Frozen v3.1 vs Rule B,500,ESTIMABLE,ESTIMABLE,-0.32251243950593195,-0.32251243950593195,0.0,"[-0.42500567573626746, -0.2248856436619795]","[-0.4248990535557144, -0.22365066160739108]",0.0,0.0,-0.794922697282106,-0.794922697282106,0.0,"[-0.9868452166168612, -0.6073661402315131]","[-0.997444288235844, -0.6017020681585606]",0.0,0.0,0,0,0.0,0.0,0.0,0.0,0
Frozen v3.1 vs Rule A,vague_deictic_reference,youtube,1000,NON_ESTIMABLE_UNDER_LOCKED_BOOTSTRAP,NON_ESTIMABLE_UNDER_LOCKED_BOOTSTRAP,-0.3392480016951936,-0.3392480016951936,0.0,,,,,-0.7870407037881627,-0.7870407037881627,0.0,,,,,4,4,Frozen v3.1 vs Rule B,1000,NON_ESTIMABLE_UNDER_LOCKED_BOOTSTRAP,NON_ESTIMABLE_UNDER_LOCKED_BOOTSTRAP,-0.3392480016951936,-0.3392480016951936,0.0,,,,,-0.7870407037881627,-0.7870407037881627,0.0,,,,,4,5,0.0,,0.0,,1
