comparison_A,domain,model,seed,n_A,estimability_frozen_A,estimability_branch_A,target_auroc_frozen_A,target_auroc_branch_A,target_auroc_abs_change_A,auroc_drop_frozen_A,auroc_drop_branch_A,auroc_drop_abs_change_A,nll_relative_change_frozen_A,nll_relative_change_branch_A,nll_relative_change_abs_change_A,nll_ci95_frozen_A,nll_ci95_branch_A,balanced_brier_relative_change_frozen_A,balanced_brier_relative_change_branch_A,balanced_brier_abs_change_A,balanced_brier_ci95_frozen_A,balanced_brier_ci95_branch_A,comparison_B,n_B,estimability_frozen_B,estimability_branch_B,target_auroc_frozen_B,target_auroc_branch_B,target_auroc_abs_change_B,auroc_drop_frozen_B,auroc_drop_branch_B,auroc_drop_abs_change_B,nll_relative_change_frozen_B,nll_relative_change_branch_B,nll_relative_change_abs_change_B,nll_ci95_frozen_B,nll_ci95_branch_B,balanced_brier_relative_change_frozen_B,balanced_brier_relative_change_branch_B,balanced_brier_abs_change_B,balanced_brier_ci95_frozen_B,balanced_brier_ci95_branch_B,target_auroc_branch_B_minus_A,auroc_drop_branch_B_minus_A,nll_relative_change_branch_B_minus_A,balanced_brier_relative_change_branch_B_minus_A
Frozen v3.1 vs Rule A,banglaclick:news,banglabert,42,456,ESTIMABLE,ESTIMABLE,0.7252582651391161,0.7121591746499631,-0.01309909048915292,0.1477601587832852,0.1608592492724381,0.01309909048915292,2.0323921346711713,2.1309274858752523,0.09853535120408097,"[1.8001805652421319, 2.2698497016653323]","[1.711949148367373, 2.5374001936768527]",0.8279653044437159,1.1458149920292515,0.31784968758553567,"[0.6823547866619226, 0.9804478895350021]","[0.877643017226007, 1.3638351971354146]",Frozen v3.1 vs Rule B,426,ESTIMABLE,ESTIMABLE,0.7252582651391161,0.71329534662868,-0.011962918510436071,0.1477601587832852,0.15972307729372126,0.011962918510436071,2.0323921346711713,2.0621651987747365,0.029773064103565172,"[1.8001805652421319, 2.2698497016653323]","[1.6212655542082277, 2.4527861974147624]",0.8279653044437159,1.1183238637711077,0.29035855932739185,"[0.6823547866619226, 0.9804478895350021]","[0.7911706985451341, 1.3569132965855684]",0.001136171978716849,-0.001136171978716849,-0.0687622871005158,-0.027491128258143815
Frozen v3.1 vs Rule A,banglaclick:news,banglabert,137,456,ESTIMABLE,ESTIMABLE,0.7305191489361702,0.7126960732708707,-0.017823075665299504,0.14286373575647737,0.16068681142177688,0.017823075665299504,2.0564634185384607,2.0641092375593173,0.007645819020856592,"[1.8146012965590885, 2.3086389634092184]","[1.651474977278578, 2.4445998079885745]",0.8003199896736356,1.0520852760424662,0.25176528636883055,"[0.6601616002855049, 0.9445582346445969]","[0.7787356963974732, 1.2646520094454694]",Frozen v3.1 vs Rule B,426,ESTIMABLE,ESTIMABLE,0.7305191489361702,0.722875118708452,-0.0076440302277182015,0.14286373575647737,0.15050776598419557,0.0076440302277182015,2.0564634185384607,1.9897998373842034,-0.0666635811542573,"[1.8146012965590885, 2.3086389634092184]","[1.5495580238722113, 2.3622392227706723]",0.8003199896736356,1.02732937583429,0.22700938616065447,"[0.6601616002855049, 0.9445582346445969]","[0.7043006205480709, 1.2565334951497737]",0.010179045437581302,-0.010179045437581302,-0.0743094001751139,-0.024755900208176085
Frozen v3.1 vs Rule A,banglaclick:news,banglabert,2718,456,ESTIMABLE,ESTIMABLE,0.7330212765957448,0.7249921044320454,-0.00802917216369936,0.14255353830410022,0.15058271046779959,0.00802917216369936,2.092245449543341,2.1444860264589507,0.05224057691560979,"[1.8505154736815739, 2.3489627446325994]","[1.7191501571028869, 2.5526144485349778]",0.7745288233260018,1.0730016799969102,0.2984728566709084,"[0.6380704254503711, 0.9235384262745155]","[0.8063609348492351, 1.2864624910722022]",Frozen v3.1 vs Rule B,426,ESTIMABLE,ESTIMABLE,0.7330212765957448,0.7292378917378917,-0.0037833848578531226,0.14255353830410022,0.14633692316195335,0.0037833848578531226,2.092245449543341,2.0739559519626485,-0.018289497580692426,"[1.8505154736815739, 2.3489627446325994]","[1.631482163353788, 2.461747990158343]",0.7745288233260018,1.0493794706605284,0.2748506473345266,"[0.6380704254503711, 0.9235384262745155]","[0.7345470165119328, 1.2832508722276113]",0.004245787305846238,-0.004245787305846238,-0.07053007449630222,-0.023622209336381816
Frozen v3.1 vs Rule A,banglaclick:news,banglabert,31415,456,ESTIMABLE,ESTIMABLE,0.7353715220949264,0.7229813664596273,-0.012390155635299105,0.13835975265683853,0.15074990829213764,0.012390155635299105,1.9510479724182774,2.021122914862958,0.07007494244468049,"[1.722827391188288, 2.179768829302602]","[1.6170202029268097, 2.4214322982996785]",0.7779692734498844,1.077112804823803,0.2991435313739186,"[0.6397091902452489, 0.9295494732877712]","[0.8075557810526133, 1.2931212823214258]",Frozen v3.1 vs Rule B,426,ESTIMABLE,ESTIMABLE,0.7353715220949264,0.7320037986704654,-0.003367723424461011,0.13835975265683853,0.14172747608129954,0.003367723424461011,1.9510479724182774,1.951031097832643,-1.6874585634374384e-05,"[1.722827391188288, 2.179768829302602]","[1.5205914494514354, 2.3170523472996916]",0.7779692734498844,1.0520448479234787,0.2740755744735943,"[0.6397091902452489, 0.9295494732877712]","[0.727476574031082, 1.2920702906188637]",0.009022432210838094,-0.009022432210838094,-0.07009181703031486,-0.025067956900324262
Frozen v3.1 vs Rule A,banglaclick:news,banglabert,65537,456,ESTIMABLE,ESTIMABLE,0.7254991816693945,0.7222865564796296,-0.0032126251897649505,0.14735738723377945,0.1505700124235444,0.0032126251897649505,2.110057984992352,2.143241769446126,0.03318378445377412,"[1.8675359221308299, 2.365336655747579]","[1.7043340183928135, 2.562642148312374]",0.8122960207026375,1.0764953177938057,0.2641992970911682,"[0.6705554740840254, 0.964354771271166]","[0.803281187841418, 1.3019585002652918]",Frozen v3.1 vs Rule B,426,ESTIMABLE,ESTIMABLE,0.7254991816693945,0.7254985754985754,-6.061708190951975e-07,0.14735738723377945,0.14735799340459854,6.061708190951975e-07,2.110057984992352,2.0702814213319627,-0.039776563660389286,"[1.8675359221308299, 2.365336655747579]","[1.5994348362879427, 2.4806450579385895]",0.8122960207026375,1.0518116263347883,0.2395156056321508,"[0.6705554740840254, 0.964354771271166]","[0.7265368719086303, 1.2854297654522493]",0.0032120190189458553,-0.0032120190189458553,-0.07296034811416341,-0.024683691459017387
Frozen v3.1 vs Rule A,banglaclick:news,ebm,42,456,ESTIMABLE,ESTIMABLE,0.6782140752864158,0.651731761238025,-0.026482314048390743,0.053131846770635316,0.07961416081902606,0.026482314048390743,0.8850579774603036,0.7917754527371528,-0.0932825247231508,"[0.7856404533186523, 0.9922698572707203]","[0.6063813547511471, 0.9859817340567384]",0.20149339679476538,0.2922461287430856,0.0907527319483202,"[0.14613291774640175, 0.2664967892130871]","[0.2080885946153359, 0.3599407517291484]",Frozen v3.1 vs Rule B,426,ESTIMABLE,ESTIMABLE,0.6782140752864158,0.6518755935422603,-0.02633848174415543,0.053131846770635316,0.07947032851479074,0.02633848174415543,0.8850579774603036,0.7809538041316457,-0.10410417332865785,"[0.7856404533186523, 0.9922698572707203]","[0.5950861584507032, 0.9885361947381905]",0.20149339679476538,0.3007640920063149,0.09927069521154949,"[0.14613291774640175, 0.2664967892130871]","[0.2089524827594764, 0.3681167619223019]",0.000143832304235314,-0.000143832304235314,-0.01082164860550705,0.008517963263229289
Frozen v3.1 vs Rule A,banglaclick:news,ebm,137,456,ESTIMABLE,ESTIMABLE,0.6780621931260229,0.6513948836719654,-0.026667309454057486,0.05350183143920684,0.08016914089326432,0.026667309454057486,0.8853238320009355,0.7920338853537715,-0.09328994664716395,"[0.7836425286716502, 0.9932416281051377]","[0.6149517215394366, 0.9856052513888001]",0.20168097816853564,0.29246931972376644,0.0907883415552308,"[0.14245857659192457, 0.26710337331291795]","[0.20969022639647514, 0.36077465436932765]",Frozen v3.1 vs Rule B,426,ESTIMABLE,ESTIMABLE,0.6780621931260229,0.6516856600189933,-0.026376533107029587,0.05350183143920684,0.07987836454623642,0.026376533107029587,0.8853238320009355,0.7812007627804426,-0.10412306922049286,"[0.7836425286716502, 0.9932416281051377]","[0.596070604799707, 0.9757751272979784]",0.20168097816853564,0.30095854096479513,0.09927756279625949,"[0.14245857659192457, 0.26710337331291795]","[0.214131117349325, 0.36871057315625266]",0.000290776347027899,-0.000290776347027899,-0.010833122573328913,0.008489221241028688
Frozen v3.1 vs Rule A,banglaclick:news,ebm,2718,456,ESTIMABLE,ESTIMABLE,0.6781774140752864,0.6522581324349932,-0.025919281640293224,0.053231068964373796,0.07915035060466702,0.025919281640293224,0.8855610509104616,0.7922970855123714,-0.09326396539809012,"[0.7849540695933873, 0.99325051551137]","[0.6049034252037, 0.9925124675465606]",0.20163825771504731,0.2924669076629304,0.09082864994788306,"[0.14488970399482662, 0.265278279878498]","[0.20620286482593092, 0.36300121819250886]",Frozen v3.1 vs Rule B,426,ESTIMABLE,ESTIMABLE,0.6781774140752864,0.6524453941120607,-0.025732019963225716,0.053231068964373796,0.07896308892759951,0.025732019963225716,0.8855610509104616,0.7814383559828402,-0.10412269492762138,"[0.7849540695933873, 0.99325051551137]","[0.5985645386362938, 0.9872689481642503]",0.20163825771504731,0.30097159182873456,0.09933333411368725,"[0.14488970399482662, 0.265278279878498]","[0.21111151832236022, 0.3700331499102261]",0.0001872616770675073,-0.0001872616770675073,-0.010858729529531264,0.008504684165804188
Frozen v3.1 vs Rule A,banglaclick:news,ebm,31415,456,ESTIMABLE,ESTIMABLE,0.6781014729950899,0.6517528160859039,-0.026348656909186086,0.053100386615769324,0.07944904352495541,0.026348656909186086,0.8853155906085287,0.7918096978417715,-0.09350589276675725,"[0.7871511631030932, 0.9927025938051957]","[0.6162284682400029, 0.9798865383150461]",0.2015765926228303,0.29224990934890055,0.09067331672607026,"[0.14338865554405483, 0.2665416994525909]","[0.2076106405944198, 0.35819880292414086]",Frozen v3.1 vs Rule B,426,ESTIMABLE,ESTIMABLE,0.6781014729950899,0.651923076923077,-0.02617839607201289,0.053100386615769324,0.07927878268778221,0.02617839607201289,0.8853155906085287,0.7811916679514475,-0.10412392265708126,"[0.7871511631030932, 0.9927025938051957]","[0.5961407096390003, 0.9781811055240421]",0.2015765926228303,0.30089607889508324,0.09931948627225295,"[0.14338865554405483, 0.2665416994525909]","[0.21434547554428865, 0.37087109505696636]",0.0001702608371731973,-0.0001702608371731973,-0.01061802989032401,0.008646169546182692
Frozen v3.1 vs Rule A,banglaclick:news,ebm,65537,456,ESTIMABLE,ESTIMABLE,0.6782716857610476,0.6512896094325717,-0.026982076328475824,0.05314712845005265,0.08012920477852847,0.026982076328475824,0.8850613322837823,0.7918347298095179,-0.0932266024742644,"[0.7846393698845605, 0.9933841656147332]","[0.6136127390654009, 0.9862403497649663]",0.201648222520625,0.2924592853676172,0.09081106284699222,"[0.142362089423939, 0.26524146446413516]","[0.20928717176933714, 0.36284178755891006]",Frozen v3.1 vs Rule B,426,ESTIMABLE,ESTIMABLE,0.6782716857610476,0.6514245014245015,-0.026847184336546093,0.05314712845005265,0.07999431278659874,0.026847184336546093,0.8850613322837823,0.7810926270654716,-0.1039687052183107,"[0.7846393698845605, 0.9933841656147332]","[0.6002000572806488, 0.9955371008748931]",0.201648222520625,0.30099949670975557,0.09935127418913056,"[0.142362089423939, 0.26524146446413516]","[0.2149106622042483, 0.3696960828737788]",0.0001348919919297309,-0.0001348919919297309,-0.0107421027440463,0.008540211342138337
Frozen v3.1 vs Rule A,banglaclick:news,tfidf_lr,42,456,ESTIMABLE,ESTIMABLE,0.7132700490998363,0.6652489735761659,-0.04802107552367041,0.08966055986532473,0.13768163538899514,0.04802107552367041,1.541049385859983,1.6809184893954983,0.1398691035355153,"[1.3618219874622826, 1.7214915427795627]","[1.3808520319434132, 1.965244752356309]",0.4129728849774081,0.6826347078341005,0.26966182285669243,"[0.3214378177212507, 0.5104696089914107]","[0.5222211288330583, 0.8087190337880265]",Frozen v3.1 vs Rule B,426,ESTIMABLE,ESTIMABLE,0.7132700490998363,0.6656457739791073,-0.047624275120728976,0.08966055986532473,0.1372848349860537,0.047624275120728976,1.541049385859983,1.6507978283777178,0.10974844251773486,"[1.3618219874622826, 1.7214915427795627]","[1.344573913166211, 1.945885435876051]",0.4129728849774081,0.6904303933971743,0.2774575084197662,"[0.3214378177212507, 0.5104696089914107]","[0.5054918265192224, 0.8202879184807373]",0.00039680040294143293,-0.00039680040294143293,-0.030120661017780437,0.007795685563073751
Frozen v3.1 vs Rule A,banglaclick:news,tfidf_lr,137,456,ESTIMABLE,ESTIMABLE,0.7132700490998363,0.6652489735761659,-0.04802107552367041,0.08966055986532473,0.13768163538899514,0.04802107552367041,1.541049385859983,1.6809184893954983,0.1398691035355153,"[1.3597827861208704, 1.7234851886095521]","[1.389739473762167, 1.970086812389915]",0.4129728849774081,0.6826347078341005,0.26966182285669243,"[0.318375456005248, 0.5090473528804912]","[0.5208261794582153, 0.8036959559811023]",Frozen v3.1 vs Rule B,426,ESTIMABLE,ESTIMABLE,0.7132700490998363,0.6656457739791073,-0.047624275120728976,0.08966055986532473,0.1372848349860537,0.047624275120728976,1.541049385859983,1.6507978283777178,0.10974844251773486,"[1.3597827861208704, 1.7234851886095521]","[1.3421022096549007, 1.935715405709211]",0.4129728849774081,0.6904303933971743,0.2774575084197662,"[0.318375456005248, 0.5090473528804912]","[0.50597416991076, 0.8151890918059292]",0.00039680040294143293,-0.00039680040294143293,-0.030120661017780437,0.007795685563073751
Frozen v3.1 vs Rule A,banglaclick:news,tfidf_lr,2718,456,ESTIMABLE,ESTIMABLE,0.7132700490998363,0.6652489735761659,-0.04802107552367041,0.08966055986532473,0.13768163538899514,0.04802107552367041,1.541049385859983,1.6809184893954983,0.1398691035355153,"[1.3690993564295935, 1.7281592139829385]","[1.3878978636013684, 1.965165396240155]",0.4129728849774081,0.6826347078341005,0.26966182285669243,"[0.32394785290509875, 0.5135142185127604]","[0.5135456496170809, 0.8060937359770561]",Frozen v3.1 vs Rule B,426,ESTIMABLE,ESTIMABLE,0.7132700490998363,0.6656457739791073,-0.047624275120728976,0.08966055986532473,0.1372848349860537,0.047624275120728976,1.541049385859983,1.6507978283777178,0.10974844251773486,"[1.3690993564295935, 1.7281592139829385]","[1.3451881583149385, 1.9298861246118781]",0.4129728849774081,0.6904303933971743,0.2774575084197662,"[0.32394785290509875, 0.5135142185127604]","[0.5085497160363525, 0.8155583221407733]",0.00039680040294143293,-0.00039680040294143293,-0.030120661017780437,0.007795685563073751
Frozen v3.1 vs Rule A,banglaclick:news,tfidf_lr,31415,456,ESTIMABLE,ESTIMABLE,0.7132700490998363,0.6652489735761659,-0.04802107552367041,0.08966055986532473,0.13768163538899514,0.04802107552367041,1.541049385859983,1.6809184893954983,0.1398691035355153,"[1.3570074133091636, 1.7217141641843983]","[1.376248568845661, 1.9686809854523515]",0.4129728849774081,0.6826347078341005,0.26966182285669243,"[0.32004965918891737, 0.5097402973689095]","[0.5155260069806961, 0.806670189543829]",Frozen v3.1 vs Rule B,426,ESTIMABLE,ESTIMABLE,0.7132700490998363,0.6656457739791073,-0.047624275120728976,0.08966055986532473,0.1372848349860537,0.047624275120728976,1.541049385859983,1.6507978283777178,0.10974844251773486,"[1.3570074133091636, 1.7217141641843983]","[1.3440425827685893, 1.946119748368557]",0.4129728849774081,0.6904303933971743,0.2774575084197662,"[0.32004965918891737, 0.5097402973689095]","[0.5095437339165558, 0.8136821768750971]",0.00039680040294143293,-0.00039680040294143293,-0.030120661017780437,0.007795685563073751
Frozen v3.1 vs Rule A,banglaclick:news,tfidf_lr,65537,456,ESTIMABLE,ESTIMABLE,0.7132700490998363,0.6652489735761659,-0.04802107552367041,0.08966055986532473,0.13768163538899514,0.04802107552367041,1.541049385859983,1.6809184893954983,0.1398691035355153,"[1.3610883116301407, 1.727689397778029]","[1.3916930027205103, 1.957853621760553]",0.4129728849774081,0.6826347078341005,0.26966182285669243,"[0.31843139426656764, 0.5106231498568493]","[0.5148737328831189, 0.8096827124976186]",Frozen v3.1 vs Rule B,426,ESTIMABLE,ESTIMABLE,0.7132700490998363,0.6656457739791073,-0.047624275120728976,0.08966055986532473,0.1372848349860537,0.047624275120728976,1.541049385859983,1.6507978283777178,0.10974844251773486,"[1.3610883116301407, 1.727689397778029]","[1.3306043910365617, 1.9324034084042836]",0.4129728849774081,0.6904303933971743,0.2774575084197662,"[0.31843139426656764, 0.5106231498568493]","[0.5048943936268282, 0.8151286939867926]",0.00039680040294143293,-0.00039680040294143293,-0.030120661017780437,0.007795685563073751
Frozen v3.1 vs Rule A,banglaclick:news,xlmr,42,456,ESTIMABLE,ESTIMABLE,0.7493355155482815,0.7222023370881145,-0.02713317846016694,0.1144887397464438,0.14162191820661074,0.02713317846016694,1.7771111466226346,1.8148823805306433,0.03777123390800874,"[1.560950995172888, 1.9946804265096365]","[1.459389730904953, 2.1470444487088725]",0.6581420490707952,0.9257574833473275,0.26761543427653234,"[0.5245944438511493, 0.7970748396106373]","[0.6719921508707724, 1.1310052073778651]",Frozen v3.1 vs Rule B,426,ESTIMABLE,ESTIMABLE,0.7493355155482815,0.7336894586894588,-0.0156460568588227,0.1144887397464438,0.1301347966052665,0.0156460568588227,1.7771111466226346,1.7653050701337516,-0.011806076488882988,"[1.560950995172888, 1.9946804265096365]","[1.3951786036781983, 2.09253001298617]",0.6581420490707952,0.9199352270779698,0.2617931780071746,"[0.5245944438511493, 0.7970748396106373]","[0.6190268307669281, 1.1397165197458206]",0.011487121601344241,-0.011487121601344241,-0.04957731039689173,-0.0058222562693577284
Frozen v3.1 vs Rule A,banglaclick:news,xlmr,137,456,ESTIMABLE,ESTIMABLE,0.7309603927986905,0.6922833982524476,-0.03867699454624296,0.1356946034706087,0.17437159801685165,0.03867699454624296,1.9228530134699713,2.071451208275689,0.14859819480571757,"[1.6855594643303402, 2.165513607002131]","[1.6732003659532768, 2.431251870254662]",0.7191496927495841,1.0202262341018788,0.3010765413522948,"[0.5864583249271268, 0.8707349405157029]","[0.7422736379480106, 1.2568662517418538]",Frozen v3.1 vs Rule B,426,ESTIMABLE,ESTIMABLE,0.7309603927986905,0.6993114909781577,-0.031648901820532815,0.1356946034706087,0.1673435052911415,0.031648901820532815,1.9228530134699713,2.0026556778037796,0.07980266433380834,"[1.6855594643303402, 2.165513607002131]","[1.582301996602847, 2.3619964850297324]",0.7191496927495841,1.00005021844786,0.28090052569827584,"[0.5864583249271268, 0.8707349405157029]","[0.6534837138400239, 1.2484740201804339]",0.007028092725710144,-0.007028092725710144,-0.06879553047190923,-0.02017601565401894
Frozen v3.1 vs Rule A,banglaclick:news,xlmr,2718,456,ESTIMABLE,ESTIMABLE,0.7226409165302783,0.7050005263711969,-0.017640390159081365,0.14402383695649212,0.1616642271155735,0.017640390159081365,1.8757722268066854,1.9662192594220644,0.09044703261537901,"[1.6591797837787643, 2.1067518853934333]","[1.5808535622007664, 2.3070996042160634]",0.7366029116065306,1.0217348441951168,0.28513193258858627,"[0.6030535303110178, 0.8846552926817259]","[0.7297609360325626, 1.2545633568449643]",Frozen v3.1 vs Rule B,426,ESTIMABLE,ESTIMABLE,0.7226409165302783,0.7151709401709402,-0.007469976359338104,0.14402383695649212,0.15149381331583023,0.007469976359338104,1.8757722268066854,1.9123953788195898,0.036623152012904336,"[1.6591797837787643, 2.1067518853934333]","[1.5128318115071047, 2.2586755165270214]",0.7366029116065306,1.0108370812021423,0.27423416959561175,"[0.6030535303110178, 0.8846552926817259]","[0.6591992501390056, 1.2556952683281388]",0.010170413799743261,-0.010170413799743261,-0.05382388060247467,-0.010897762992974513
Frozen v3.1 vs Rule A,banglaclick:news,xlmr,31415,456,ESTIMABLE,ESTIMABLE,0.7235548281505728,0.6684493104537319,-0.05510551769684091,0.13593435281711364,0.19103987051395455,0.05510551769684091,1.7304688445468945,1.7979736196874672,0.06750477514057263,"[1.5230160638506656, 1.9463525663153944]","[1.4368118101319667, 2.1162811199157527]",0.6687160836872512,0.941278590219899,0.2725625065326478,"[0.5390067357393727, 0.8082843097374413]","[0.6905736152002484, 1.1502492058903913]",Frozen v3.1 vs Rule B,426,ESTIMABLE,ESTIMABLE,0.7235548281505728,0.6708926875593542,-0.052662140591218654,0.13593435281711364,0.1885964934083323,0.052662140591218654,1.7304688445468945,1.7581387124531647,0.02766986790627013,"[1.5230160638506656, 1.9463525663153944]","[1.4057054411028218, 2.0834391104769807]",0.6687160836872512,0.9381039945640598,0.2693879108768086,"[0.5390067357393727, 0.8082843097374413]","[0.6512743524697627, 1.161499839430429]",0.0024433771056222575,-0.0024433771056222575,-0.0398349072343025,-0.0031745956558392185
Frozen v3.1 vs Rule A,banglaclick:news,xlmr,65537,456,ESTIMABLE,ESTIMABLE,0.7519044189852699,0.7259079903147699,-0.025996428670500005,0.11822185088788628,0.1442182795583863,0.025996428670500005,1.8498175068157259,2.0303737247395013,0.1805562179237754,"[1.629716376767667, 2.0691346903278833]","[1.6522739227587517, 2.3635864968522893]",0.7518496395239868,1.0751332443004673,0.32328360477648055,"[0.6163493305156637, 0.9017426816765297]","[0.8020443496419751, 1.2968593332866876]",Frozen v3.1 vs Rule B,426,ESTIMABLE,ESTIMABLE,0.7519044189852699,0.7350189933523267,-0.016885425632943263,0.11822185088788628,0.13510727652082954,0.016885425632943263,1.8498175068157259,1.9817110237984783,0.13189351698275242,"[1.629716376767667, 2.0691346903278833]","[1.5741453813397932, 2.32128911538642]",0.7518496395239868,1.0669091548736593,0.3150595153496726,"[0.6163493305156637, 0.9017426816765297]","[0.7288954152110311, 1.3046146117147104]",0.009111003037556742,-0.009111003037556742,-0.048662700941022985,-0.008224089426807968
