comparison_A,pair,statistic,point_frozen_A,point_branch_A,point_abs_change_A,estimability_frozen_A,estimability_branch_A,valid_replicates_frozen_A,valid_replicates_branch_A,invalid_replicates_frozen_A,invalid_replicates_branch_A,invalid_abs_change_A,ci95_frozen_A,ci95_branch_A,p_frozen_A,p_branch_A,comparison_B,point_frozen_B,point_branch_B,point_abs_change_B,estimability_frozen_B,estimability_branch_B,valid_replicates_frozen_B,valid_replicates_branch_B,invalid_replicates_frozen_B,invalid_replicates_branch_B,invalid_abs_change_B,ci95_frozen_B,ci95_branch_B,p_frozen_B,p_branch_B,point_branch_B_minus_A,valid_replicates_branch_B_minus_A,invalid_replicates_branch_B_minus_A
Frozen v3.1 vs Rule A,abs_delta_nll_gap__vs__error_capture_deterioration,spearman_rho,-0.21370967741935484,-0.20087976539589442,0.012829912023460427,NON_ESTIMABLE_UNDER_LOCKED_JOINT_BOOTSTRAP,NON_ESTIMABLE_UNDER_LOCKED_JOINT_BOOTSTRAP,2639,2025,2361,2975,614,,,,,Frozen v3.1 vs Rule B,-0.21370967741935484,-0.28005865102639294,-0.06634897360703809,NON_ESTIMABLE_UNDER_LOCKED_JOINT_BOOTSTRAP,NON_ESTIMABLE_UNDER_LOCKED_JOINT_BOOTSTRAP,2639,1381,2361,3619,1258,,,,,-0.07917888563049852,-644,644
Frozen v3.1 vs Rule A,abs_delta_nll_gap__vs__error_capture_deterioration,raw_ols_slope,-0.007383285656744292,-0.007792041209010679,-0.00040875555226638736,NON_ESTIMABLE_UNDER_LOCKED_JOINT_BOOTSTRAP,NON_ESTIMABLE_UNDER_LOCKED_JOINT_BOOTSTRAP,2639,2025,2361,2975,614,,,,,Frozen v3.1 vs Rule B,-0.007383285656744292,-0.00865830781245084,-0.0012750221557065481,NON_ESTIMABLE_UNDER_LOCKED_JOINT_BOOTSTRAP,NON_ESTIMABLE_UNDER_LOCKED_JOINT_BOOTSTRAP,2639,1381,2361,3619,1258,,,,,-0.0008662666034401608,-644,644
Frozen v3.1 vs Rule A,abs_delta_nll_gap__vs__error_capture_deterioration,platform_fe_slope,-0.0055150557786925155,-0.005126268204106463,0.00038878757458605216,NON_ESTIMABLE_UNDER_LOCKED_JOINT_BOOTSTRAP,NON_ESTIMABLE_UNDER_LOCKED_JOINT_BOOTSTRAP,2639,2025,2361,2975,614,,,,,Frozen v3.1 vs Rule B,-0.0055150557786925155,-0.00525047740671638,0.00026457837197613535,NON_ESTIMABLE_UNDER_LOCKED_JOINT_BOOTSTRAP,NON_ESTIMABLE_UNDER_LOCKED_JOINT_BOOTSTRAP,2639,1381,2361,3619,1258,,,,,-0.00012420920260991682,-644,644
Frozen v3.1 vs Rule A,abs_delta_nll_gap__vs__lift_deterioration,spearman_rho,0.10153958944281524,0.0505865102639296,-0.05095307917888564,NON_ESTIMABLE_UNDER_LOCKED_JOINT_BOOTSTRAP,NON_ESTIMABLE_UNDER_LOCKED_JOINT_BOOTSTRAP,2639,2025,2361,2975,614,,,,,Frozen v3.1 vs Rule B,0.10153958944281524,0.03335777126099705,-0.06818181818181819,NON_ESTIMABLE_UNDER_LOCKED_JOINT_BOOTSTRAP,NON_ESTIMABLE_UNDER_LOCKED_JOINT_BOOTSTRAP,2639,1381,2361,3619,1258,,,,,-0.01722873900293255,-644,644
Frozen v3.1 vs Rule A,abs_delta_nll_gap__vs__lift_deterioration,raw_ols_slope,0.09141543818496889,0.06334873039485422,-0.028066707790114664,NON_ESTIMABLE_UNDER_LOCKED_JOINT_BOOTSTRAP,NON_ESTIMABLE_UNDER_LOCKED_JOINT_BOOTSTRAP,2639,2025,2361,2975,614,,,,,Frozen v3.1 vs Rule B,0.09141543818496889,0.06624311782400807,-0.025172320360960815,NON_ESTIMABLE_UNDER_LOCKED_JOINT_BOOTSTRAP,NON_ESTIMABLE_UNDER_LOCKED_JOINT_BOOTSTRAP,2639,1381,2361,3619,1258,,,,,0.0028943874291538496,-644,644
Frozen v3.1 vs Rule A,abs_delta_nll_gap__vs__lift_deterioration,platform_fe_slope,0.13602427305532566,0.13543233903273477,-0.0005919340225908898,NON_ESTIMABLE_UNDER_LOCKED_JOINT_BOOTSTRAP,NON_ESTIMABLE_UNDER_LOCKED_JOINT_BOOTSTRAP,2639,2025,2361,2975,614,,,,,Frozen v3.1 vs Rule B,0.13602427305532566,0.15689722324229496,0.020872950186969302,NON_ESTIMABLE_UNDER_LOCKED_JOINT_BOOTSTRAP,NON_ESTIMABLE_UNDER_LOCKED_JOINT_BOOTSTRAP,2639,1381,2361,3619,1258,,,,,0.021464884209560192,-644,644
Frozen v3.1 vs Rule A,abs_delta_rd__vs__error_capture_deterioration,spearman_rho,-0.3401759530791789,-0.282258064516129,0.05791788856304991,NON_ESTIMABLE_UNDER_LOCKED_JOINT_BOOTSTRAP,NON_ESTIMABLE_UNDER_LOCKED_JOINT_BOOTSTRAP,2639,2025,2361,2975,614,,,,,Frozen v3.1 vs Rule B,-0.3401759530791789,-0.3060850439882698,0.034090909090909116,NON_ESTIMABLE_UNDER_LOCKED_JOINT_BOOTSTRAP,NON_ESTIMABLE_UNDER_LOCKED_JOINT_BOOTSTRAP,2639,1381,2361,3619,1258,,,,,-0.023826979472140797,-644,644
Frozen v3.1 vs Rule A,abs_delta_rd__vs__error_capture_deterioration,raw_ols_slope,-0.015956198856248906,-0.013790340058669063,0.002165858797579844,NON_ESTIMABLE_UNDER_LOCKED_JOINT_BOOTSTRAP,NON_ESTIMABLE_UNDER_LOCKED_JOINT_BOOTSTRAP,2639,2025,2361,2975,614,,,,,Frozen v3.1 vs Rule B,-0.015956198856248906,-0.010140976803918018,0.005815222052330888,NON_ESTIMABLE_UNDER_LOCKED_JOINT_BOOTSTRAP,NON_ESTIMABLE_UNDER_LOCKED_JOINT_BOOTSTRAP,2639,1381,2361,3619,1258,,,,,0.003649363254751044,-644,644
Frozen v3.1 vs Rule A,abs_delta_rd__vs__error_capture_deterioration,platform_fe_slope,-0.015018009336900779,-0.015087441569084639,-6.943223218386016e-05,NON_ESTIMABLE_UNDER_LOCKED_JOINT_BOOTSTRAP,NON_ESTIMABLE_UNDER_LOCKED_JOINT_BOOTSTRAP,2639,2025,2361,2975,614,,,,,Frozen v3.1 vs Rule B,-0.015018009336900779,-0.011281921422750786,0.0037360879141499926,NON_ESTIMABLE_UNDER_LOCKED_JOINT_BOOTSTRAP,NON_ESTIMABLE_UNDER_LOCKED_JOINT_BOOTSTRAP,2639,1381,2361,3619,1258,,,,,0.0038055201463338528,-644,644
Frozen v3.1 vs Rule A,abs_delta_rd__vs__lift_deterioration,spearman_rho,0.04252199413489732,-0.06671554252199419,-0.10923753665689151,NON_ESTIMABLE_UNDER_LOCKED_JOINT_BOOTSTRAP,NON_ESTIMABLE_UNDER_LOCKED_JOINT_BOOTSTRAP,2639,2025,2361,2975,614,,,,,Frozen v3.1 vs Rule B,0.04252199413489732,-0.07368035190615838,-0.1162023460410557,NON_ESTIMABLE_UNDER_LOCKED_JOINT_BOOTSTRAP,NON_ESTIMABLE_UNDER_LOCKED_JOINT_BOOTSTRAP,2639,1381,2361,3619,1258,,,,,-0.006964809384164189,-644,644
Frozen v3.1 vs Rule A,abs_delta_rd__vs__lift_deterioration,raw_ols_slope,0.20965374526260025,0.14909909372509147,-0.060554651537508775,NON_ESTIMABLE_UNDER_LOCKED_JOINT_BOOTSTRAP,NON_ESTIMABLE_UNDER_LOCKED_JOINT_BOOTSTRAP,2639,2025,2361,2975,614,,,,,Frozen v3.1 vs Rule B,0.20965374526260025,0.10460245787250003,-0.10505128739010022,NON_ESTIMABLE_UNDER_LOCKED_JOINT_BOOTSTRAP,NON_ESTIMABLE_UNDER_LOCKED_JOINT_BOOTSTRAP,2639,1381,2361,3619,1258,,,,,-0.04449663585259145,-644,644
Frozen v3.1 vs Rule A,abs_delta_rd__vs__lift_deterioration,platform_fe_slope,0.23517153473567623,0.14830564775820373,-0.0868658869774725,NON_ESTIMABLE_UNDER_LOCKED_JOINT_BOOTSTRAP,NON_ESTIMABLE_UNDER_LOCKED_JOINT_BOOTSTRAP,2639,2025,2361,2975,614,,,,,Frozen v3.1 vs Rule B,0.23517153473567623,0.09518233373794327,-0.13998920099773296,NON_ESTIMABLE_UNDER_LOCKED_JOINT_BOOTSTRAP,NON_ESTIMABLE_UNDER_LOCKED_JOINT_BOOTSTRAP,2639,1381,2361,3619,1258,,,,,-0.053123314020260465,-644,644
