comparison,pair,statistic,point_frozen,point_branch,point_abs_change,estimability_frozen,estimability_branch,valid_replicates_frozen,valid_replicates_branch,invalid_replicates_frozen,invalid_replicates_branch,invalid_abs_change,ci95_frozen,ci95_branch,p_frozen,p_branch
Frozen v3.1 vs Rule B,abs_delta_nll_gap__vs__error_capture_deterioration,spearman_rho,-0.21370967741935484,-0.28005865102639294,-0.06634897360703809,NON_ESTIMABLE_UNDER_LOCKED_JOINT_BOOTSTRAP,NON_ESTIMABLE_UNDER_LOCKED_JOINT_BOOTSTRAP,2639,1381,2361,3619,1258,,,,
Frozen v3.1 vs Rule B,abs_delta_nll_gap__vs__error_capture_deterioration,raw_ols_slope,-0.007383285656744292,-0.00865830781245084,-0.0012750221557065481,NON_ESTIMABLE_UNDER_LOCKED_JOINT_BOOTSTRAP,NON_ESTIMABLE_UNDER_LOCKED_JOINT_BOOTSTRAP,2639,1381,2361,3619,1258,,,,
Frozen v3.1 vs Rule B,abs_delta_nll_gap__vs__error_capture_deterioration,platform_fe_slope,-0.0055150557786925155,-0.00525047740671638,0.00026457837197613535,NON_ESTIMABLE_UNDER_LOCKED_JOINT_BOOTSTRAP,NON_ESTIMABLE_UNDER_LOCKED_JOINT_BOOTSTRAP,2639,1381,2361,3619,1258,,,,
Frozen v3.1 vs Rule B,abs_delta_nll_gap__vs__lift_deterioration,spearman_rho,0.10153958944281524,0.03335777126099705,-0.06818181818181819,NON_ESTIMABLE_UNDER_LOCKED_JOINT_BOOTSTRAP,NON_ESTIMABLE_UNDER_LOCKED_JOINT_BOOTSTRAP,2639,1381,2361,3619,1258,,,,
Frozen v3.1 vs Rule B,abs_delta_nll_gap__vs__lift_deterioration,raw_ols_slope,0.09141543818496889,0.06624311782400807,-0.025172320360960815,NON_ESTIMABLE_UNDER_LOCKED_JOINT_BOOTSTRAP,NON_ESTIMABLE_UNDER_LOCKED_JOINT_BOOTSTRAP,2639,1381,2361,3619,1258,,,,
Frozen v3.1 vs Rule B,abs_delta_nll_gap__vs__lift_deterioration,platform_fe_slope,0.13602427305532566,0.15689722324229496,0.020872950186969302,NON_ESTIMABLE_UNDER_LOCKED_JOINT_BOOTSTRAP,NON_ESTIMABLE_UNDER_LOCKED_JOINT_BOOTSTRAP,2639,1381,2361,3619,1258,,,,
Frozen v3.1 vs Rule B,abs_delta_rd__vs__error_capture_deterioration,spearman_rho,-0.3401759530791789,-0.3060850439882698,0.034090909090909116,NON_ESTIMABLE_UNDER_LOCKED_JOINT_BOOTSTRAP,NON_ESTIMABLE_UNDER_LOCKED_JOINT_BOOTSTRAP,2639,1381,2361,3619,1258,,,,
Frozen v3.1 vs Rule B,abs_delta_rd__vs__error_capture_deterioration,raw_ols_slope,-0.015956198856248906,-0.010140976803918018,0.005815222052330888,NON_ESTIMABLE_UNDER_LOCKED_JOINT_BOOTSTRAP,NON_ESTIMABLE_UNDER_LOCKED_JOINT_BOOTSTRAP,2639,1381,2361,3619,1258,,,,
Frozen v3.1 vs Rule B,abs_delta_rd__vs__error_capture_deterioration,platform_fe_slope,-0.015018009336900779,-0.011281921422750786,0.0037360879141499926,NON_ESTIMABLE_UNDER_LOCKED_JOINT_BOOTSTRAP,NON_ESTIMABLE_UNDER_LOCKED_JOINT_BOOTSTRAP,2639,1381,2361,3619,1258,,,,
Frozen v3.1 vs Rule B,abs_delta_rd__vs__lift_deterioration,spearman_rho,0.04252199413489732,-0.07368035190615838,-0.1162023460410557,NON_ESTIMABLE_UNDER_LOCKED_JOINT_BOOTSTRAP,NON_ESTIMABLE_UNDER_LOCKED_JOINT_BOOTSTRAP,2639,1381,2361,3619,1258,,,,
Frozen v3.1 vs Rule B,abs_delta_rd__vs__lift_deterioration,raw_ols_slope,0.20965374526260025,0.10460245787250003,-0.10505128739010022,NON_ESTIMABLE_UNDER_LOCKED_JOINT_BOOTSTRAP,NON_ESTIMABLE_UNDER_LOCKED_JOINT_BOOTSTRAP,2639,1381,2361,3619,1258,,,,
Frozen v3.1 vs Rule B,abs_delta_rd__vs__lift_deterioration,platform_fe_slope,0.23517153473567623,0.09518233373794327,-0.13998920099773296,NON_ESTIMABLE_UNDER_LOCKED_JOINT_BOOTSTRAP,NON_ESTIMABLE_UNDER_LOCKED_JOINT_BOOTSTRAP,2639,1381,2361,3619,1258,,,,
