comparison,platform,model,seed,n,budget,lift_frozen,lift_branch,lift_abs_change,lift_ci95_frozen,lift_ci95_branch,lift_p_frozen,lift_p_branch,lift_estimability_frozen,lift_estimability_branch,error_capture_frozen,error_capture_branch,error_capture_abs_change,error_capture_ci95_frozen,error_capture_ci95_branch,error_capture_p_frozen,error_capture_p_branch,error_capture_estimability_frozen,error_capture_estimability_branch,aurc_frozen,aurc_branch,aurc_abs_change,aurc_ci95_frozen,aurc_ci95_branch,aurc_p_frozen,aurc_p_branch,aurc_estimability_frozen,aurc_estimability_branch
Frozen v3.1 vs Rule B,news,banglabert,42,426,0.1,-1.3623590892123922,-1.0638270093839246,0.29853207982846763,"[-1.5276670795388563, -1.1773389676788595]","[-1.331563004422016, -0.8397680515448328]",0.0,0.0,ESTIMABLE,ESTIMABLE,-0.1372000595585793,-0.13159063298563112,0.00560942657294819,"[-0.16802262071053378, -0.10474245753611973]","[-0.17891349252473815, -0.09347446502132337]",0.0,0.0,ESTIMABLE,ESTIMABLE,0.5092345152516806,0.3935845277601301,-0.11564998749155053,"[0.4603980519319754, 0.5740542639778112]","[0.3301882573354774, 0.47446799610099444]",0.0,0.0,ESTIMABLE,ESTIMABLE
Frozen v3.1 vs Rule B,news,banglabert,137,426,0.1,-1.3708697275102646,-1.0638270093839246,0.30704271812634,"[-1.5371971754053688, -1.1897168849842221]","[-1.3207058040957285, -0.8082972358254912]",0.0,0.0,ESTIMABLE,ESTIMABLE,-0.14612634721785392,-0.14566462406705516,0.0004617231507987596,"[-0.17578925958286423, -0.1119127482561166]","[-0.18280900325695132, -0.10333862095383035]",0.0,0.0,ESTIMABLE,ESTIMABLE,0.5084464588815025,0.39707565257937755,-0.11137080630212498,"[0.46181348421306423, 0.5700693926375018]","[0.3328299611903406, 0.4699213064074734]",0.0,0.0,ESTIMABLE,ESTIMABLE
Frozen v3.1 vs Rule B,news,banglabert,2718,426,0.1,-1.3958631651193871,-1.0691492171288435,0.32671394799054365,"[-1.5800670834805786, -1.2300444428729818]","[-1.3558116536627118, -0.8542691315119367]",0.0,0.0,ESTIMABLE,ESTIMABLE,-0.12859538900626416,-0.13330881283733503,-0.004713423831070873,"[-0.16249270523539644, -0.09963447348038847]","[-0.18076194855436073, -0.09759105202285744]",0.0,0.0,ESTIMABLE,ESTIMABLE,0.5173358219302192,0.3881830412766827,-0.12915278065353653,"[0.46230815667008124, 0.5846762541214715]","[0.30133768459370147, 0.4702415562281009]",0.0,0.0,ESTIMABLE,ESTIMABLE
Frozen v3.1 vs Rule B,news,banglabert,31415,426,0.1,-1.3433447723633034,-1.0533233308327081,0.2900214415305953,"[-1.5276505374646854, -1.1812986299022443]","[-1.335893789001772, -0.8209053488511853]",0.0,0.0,ESTIMABLE,ESTIMABLE,-0.15787525406792555,-0.15551099840773722,0.0023642556601883302,"[-0.19018699921857235, -0.12578170152940416]","[-0.19990233254669915, -0.1219296456042746]",0.0,0.0,ESTIMABLE,ESTIMABLE,0.5002106935987228,0.3805960772195535,-0.11961461637916931,"[0.44981608319325345, 0.5633157024769215]","[0.3121829596879088, 0.46236450666553897]",0.0,0.0,ESTIMABLE,ESTIMABLE
Frozen v3.1 vs Rule B,news,banglabert,65537,426,0.1,-1.3308480535587424,-1.0323159737302747,0.29853207982846763,"[-1.5074321808458644, -1.1668631569352135]","[-1.2959724174047984, -0.7912290014924076]",0.0,0.0,ESTIMABLE,ESTIMABLE,-0.13149362154500355,-0.11712184873949581,0.014371772805507735,"[-0.16444228122699753, -0.10240672711480325]","[-0.15819670406565461, -0.0716310046539652]",0.0,0.0,ESTIMABLE,ESTIMABLE,0.5184334185447008,0.39212264622639015,-0.12631077231831067,"[0.4626784948925285, 0.587009798950575]","[0.3050920762970265, 0.4788956759014489]",0.0,0.0,ESTIMABLE,ESTIMABLE
Frozen v3.1 vs Rule B,news,ebm,42,426,0.1,-1.083284326120724,-0.8692978507784843,0.21398647534223958,"[-1.2603282931779656, -0.9121630660767808]","[-1.156634818453751, -0.5560871190992096]",0.0,0.0,ESTIMABLE,ESTIMABLE,-0.07374134775199344,-0.045336255307492135,0.028405092444501304,"[-0.10006731613659427, -0.0491195234938659]","[-0.08358183957479143, -0.014187331152921865]",0.0,0.0048,ESTIMABLE,ESTIMABLE,0.37844720045341007,0.3511002391243023,-0.027346961329107744,"[0.3372039309886954, 0.42576487281969916]","[0.26853694481963847, 0.4480796444623795]",0.0,0.0,ESTIMABLE,ESTIMABLE
Frozen v3.1 vs Rule B,news,ebm,137,426,0.1,-1.072780647569507,-0.8587941722272674,0.21398647534223958,"[-1.2555143613202548, -0.8976430791276129]","[-1.1486018899651758, -0.5439470015249521]",0.0,0.0,ESTIMABLE,ESTIMABLE,-0.07468900058970544,-0.045336255307492135,0.029352745282213308,"[-0.10056702242167061, -0.04972832980395321]","[-0.08198125300095391, -0.01496338711290603]",0.0,0.0072,ESTIMABLE,ESTIMABLE,0.37853997966988673,0.3509856236520763,-0.027554356017810422,"[0.33623826505790827, 0.42662526824635677]","[0.2711170170467785, 0.44405554507524847]",0.0,0.0,ESTIMABLE,ESTIMABLE
Frozen v3.1 vs Rule B,news,ebm,2718,426,0.1,-1.0812912858673793,-0.8587941722272674,0.22249711364011193,"[-1.2580599821638985, -0.9058278333715414]","[-1.154468676483817, -0.5601803567856339]",0.0,0.0,ESTIMABLE,ESTIMABLE,-0.0726964156725786,-0.045336255307492135,0.02736016036508647,"[-0.09953028771782932, -0.04937521887166304]","[-0.08076523969049573, -0.013353456350648107]",0.0,0.0044,ESTIMABLE,ESTIMABLE,0.3784852521346273,0.3502059733026022,-0.02827927883202508,"[0.3364546316578812, 0.42567405526187463]","[0.2700519060878344, 0.4416475467511459]",0.0,0.0,ESTIMABLE,ESTIMABLE
Frozen v3.1 vs Rule B,news,ebm,31415,426,0.1,-1.072780647569507,-0.8587941722272674,0.21398647534223958,"[-1.2555692363879707, -0.902432830554541]","[-1.1551618023183696, -0.5549388428087497]",0.0,0.0,ESTIMABLE,ESTIMABLE,-0.0726964156725786,-0.045336255307492135,0.02736016036508647,"[-0.09940502265987392, -0.04951694572447893]","[-0.08223633832608351, -0.013840155642721192]",0.0,0.0088,ESTIMABLE,ESTIMABLE,0.3782281090814915,0.3499872685896097,-0.028240840491881802,"[0.3353514698081316, 0.4236876680067102]","[0.2711187040713276, 0.44489880065499615]",0.0,0.0,ESTIMABLE,ESTIMABLE
Frozen v3.1 vs Rule B,news,ebm,65537,426,0.1,-1.0812912858673793,-0.8587941722272674,0.22249711364011193,"[-1.2586302387596964, -0.903667961026175]","[-1.1477955252352634, -0.544742077037333]",0.0,0.0,ESTIMABLE,ESTIMABLE,-0.07135413379338397,-0.0439939734282975,0.02736016036508647,"[-0.09949766398305138, -0.049612603253778385]","[-0.08055144183522163, -0.012935102397054992]",0.0,0.0064,ESTIMABLE,ESTIMABLE,0.3783184354146961,0.3511163677325687,-0.027202067682127407,"[0.336030079667803, 0.4259187394636804]","[0.2695373147799072, 0.44428142715166785]",0.0,0.0,ESTIMABLE,ESTIMABLE
Frozen v3.1 vs Rule B,news,tfidf_lr,42,426,0.1,-1.2448255848956638,-1.0111678796892205,0.23365770520644324,"[-1.4199514766488, -1.0741029521094052]","[-1.3029373586217912, -0.7884550844900665]",0.0,0.0,ESTIMABLE,ESTIMABLE,-0.10571080803344274,-0.0898638802999609,0.01584692773348184,"[-0.13177874270874404, -0.07851383482755213]","[-0.11954740942227697, -0.05524147123979086]",0.0,0.0,ESTIMABLE,ESTIMABLE,0.452701861335994,0.40214033117865455,-0.05056153015733944,"[0.39941163081375736, 0.5139703100183166]","[0.3237881376667405, 0.5124053543700143]",0.0,0.0,ESTIMABLE,ESTIMABLE
Frozen v3.1 vs Rule B,news,tfidf_lr,137,426,0.1,-1.2448255848956638,-1.0111678796892205,0.23365770520644324,"[-1.4140383357033242, -1.0678491833265042]","[-1.3007835537544148, -0.7841486628865867]",0.0,0.0,ESTIMABLE,ESTIMABLE,-0.10571080803344274,-0.0898638802999609,0.01584692773348184,"[-0.13138215106752718, -0.07878710139614852]","[-0.11890067085145305, -0.05533297130400273]",0.0,0.0,ESTIMABLE,ESTIMABLE,0.452701861335994,0.40214033117865455,-0.05056153015733944,"[0.40047971636756613, 0.5136046264494832]","[0.32243622157456525, 0.513173726836764]",0.0,0.0,ESTIMABLE,ESTIMABLE
Frozen v3.1 vs Rule B,news,tfidf_lr,2718,426,0.1,-1.2448255848956638,-1.0111678796892205,0.23365770520644324,"[-1.4217529587231825, -1.0619003095960122]","[-1.299344008690888, -0.7828585665333306]",0.0,0.0,ESTIMABLE,ESTIMABLE,-0.10571080803344274,-0.0898638802999609,0.01584692773348184,"[-0.13185656181859645, -0.07725144295810824]","[-0.11894991421648496, -0.05561912619700051]",0.0,0.0,ESTIMABLE,ESTIMABLE,0.452701861335994,0.40214033117865455,-0.05056153015733944,"[0.3977242996615822, 0.5117914964538265]","[0.32307558800767305, 0.513935806184326]",0.0,0.0,ESTIMABLE,ESTIMABLE
Frozen v3.1 vs Rule B,news,tfidf_lr,31415,426,0.1,-1.2448255848956638,-1.0111678796892205,0.23365770520644324,"[-1.4121036397579103, -1.0690778902304148]","[-1.298516305472055, -0.7861260918353652]",0.0,0.0,ESTIMABLE,ESTIMABLE,-0.10571080803344274,-0.0898638802999609,0.01584692773348184,"[-0.1318776620649403, -0.07695770578675629]","[-0.11938244767192906, -0.05531801820785609]",0.0,0.0,ESTIMABLE,ESTIMABLE,0.452701861335994,0.40214033117865455,-0.05056153015733944,"[0.40092495223681995, 0.5098151656611442]","[0.3219552329363723, 0.5070105002162493]",0.0,0.0,ESTIMABLE,ESTIMABLE
Frozen v3.1 vs Rule B,news,tfidf_lr,65537,426,0.1,-1.2448255848956638,-1.0111678796892205,0.23365770520644324,"[-1.4178279403380596, -1.068317465286889]","[-1.3080529375932752, -0.7907963380246911]",0.0,0.0,ESTIMABLE,ESTIMABLE,-0.10571080803344274,-0.0898638802999609,0.01584692773348184,"[-0.13056986353030556, -0.07798100855522827]","[-0.11963762276842091, -0.05571528943947608]",0.0,0.0,ESTIMABLE,ESTIMABLE,0.452701861335994,0.40214033117865455,-0.05056153015733944,"[0.39978367268277465, 0.5109729428011824]","[0.32352647893778264, 0.5100206790659382]",0.0,0.0,ESTIMABLE,ESTIMABLE
Frozen v3.1 vs Rule B,news,xlmr,42,426,0.1,-1.3958631651193871,-1.1058417235887918,0.2900214415305953,"[-1.5806900987212553, -1.2402738258900015]","[-1.3876453074904314, -0.8791255073981278]",0.0,0.0,ESTIMABLE,ESTIMABLE,-0.13082022818378045,-0.11773205861217859,0.01308816957160186,"[-0.16325736776760744, -0.09716069668426512]","[-0.15539655596586127, -0.07371986073581382]",0.0,0.0,ESTIMABLE,ESTIMABLE,0.4288927309275199,0.35989307416306193,-0.06899965676445796,"[0.3830973398406608, 0.48387707664204255]","[0.28308542433333767, 0.4300335823703641]",0.0,0.0,ESTIMABLE,ESTIMABLE
Frozen v3.1 vs Rule B,news,xlmr,137,426,0.1,-1.334834134065431,-1.0166308243727598,0.3182033096926713,"[-1.5052059913182583, -1.1652290994403278]","[-1.3065613973120282, -0.7834061690058166]",0.0,0.0,ESTIMABLE,ESTIMABLE,-0.19373712402142562,-0.19293394777265743,0.0008031762487681893,"[-0.22207484786164874, -0.1563304684190211]","[-0.22932780426634614, -0.13732350410656544]",0.0,0.0,ESTIMABLE,ESTIMABLE,0.4708688804360024,0.4298580361751084,-0.041010844260893964,"[0.4243208891231254, 0.5229606685327033]","[0.35923029002261075, 0.4908968459431057]",0.0,0.0,ESTIMABLE,ESTIMABLE
Frozen v3.1 vs Rule B,news,xlmr,2718,426,0.1,-1.3158198172163418,-1.0061271458215428,0.30969267139479895,"[-1.4873801701923315, -1.143967288828126]","[-1.2914303876000093, -0.7642008177022769]",0.0,0.0,ESTIMABLE,ESTIMABLE,-0.1304871373836891,-0.13055555555555554,-6.841817186642452e-05,"[-0.1649366552568885, -0.10010060448878605]","[-0.17589295780750855, -0.09138364810377832]",0.0,0.0,ESTIMABLE,ESTIMABLE,0.49361224176964136,0.4011720890012027,-0.09244015276843864,"[0.44133151854870306, 0.5490911154762571]","[0.32485434395860874, 0.47871459967561536]",0.0,0.0,ESTIMABLE,ESTIMABLE
Frozen v3.1 vs Rule B,news,xlmr,31415,426,0.1,-1.2783296608026586,-1.0164900874341394,0.26183957336851926,"[-1.4333642000919653, -1.0917809681621957]","[-1.2457954196455614, -0.7490283495336537]",0.0,0.0,ESTIMABLE,ESTIMABLE,-0.1395569566617515,-0.13675804828973842,0.002798908372013076,"[-0.16821773085233324, -0.10774032406459681]","[-0.1820982047156049, -0.08989703183952841]",0.0,0.0,ESTIMABLE,ESTIMABLE,0.4645045888563655,0.4466410010718269,-0.01786358778453856,"[0.4182689169010376, 0.5120955956433805]","[0.3765636795012587, 0.5048318783934809]",0.0,0.0,ESTIMABLE,ESTIMABLE
Frozen v3.1 vs Rule B,news,xlmr,65537,426,0.1,-1.3393586918566147,-0.9956234672703264,0.34373522458628836,"[-1.51952372030606, -1.1655137674074163]","[-1.307951379507795, -0.7723687566412187]",0.0,0.0,ESTIMABLE,ESTIMABLE,-0.16764935233721787,-0.1588065217564457,0.008842830580772176,"[-0.19751004359976748, -0.13410390531555352]","[-0.20487473611294368, -0.1029984557338962]",0.0,0.0,ESTIMABLE,ESTIMABLE,0.42358953249686093,0.3785024418420183,-0.04508709065484262,"[0.3746617912261055, 0.47600903838955566]","[0.29580790881575686, 0.4597160074388404]",0.0,0.0,ESTIMABLE,ESTIMABLE
