comparison,domain,model,seed,n,estimability_frozen,estimability_branch,target_nll_gain_frozen,target_nll_gain_branch,target_nll_gain_abs_change,target_minus_source_gain_frozen,target_minus_source_gain_branch,target_minus_source_gain_abs_change,target_minus_source_gain_ci95_frozen,target_minus_source_gain_ci95_branch,setting_supported_frozen,setting_supported_branch
Frozen v3.1 vs Rule A,banglaclick:news,banglabert,42,456,ESTIMABLE,ESTIMABLE,0.3651344463156869,0.3981337063243524,0.03299926000866549,0.3408839333742128,0.3738831933828783,0.03299926000866549,"[0.307479988176827, 0.37199274951920236]","[0.30444585533068297, 0.4300502085474813]",False,False
Frozen v3.1 vs Rule A,banglaclick:news,banglabert,137,456,ESTIMABLE,ESTIMABLE,0.43930110888071505,0.46111289236989417,0.021811783489179115,0.40931808460772234,0.43112986809690146,0.021811783489179115,"[0.36805308853227614, 0.44840737290353494]","[0.35019141757394673, 0.4982859838622811]",False,False
Frozen v3.1 vs Rule A,banglaclick:news,banglabert,2718,456,ESTIMABLE,ESTIMABLE,0.5062961875911558,0.5406936560023246,0.03439746841116875,0.47053511353924155,0.5049325819504102,0.0343974684111687,"[0.424113280771795, 0.5137826682665206]","[0.4085473071373589, 0.5834549113803161]",False,False
Frozen v3.1 vs Rule A,banglaclick:news,banglabert,31415,456,ESTIMABLE,ESTIMABLE,0.36373380955402324,0.39394120368763863,0.030207394133615395,0.3418944236534941,0.3721018177871095,0.030207394133615395,"[0.30802352539036343, 0.3726703413201539]","[0.3015376830203729, 0.4311716445543939]",False,False
Frozen v3.1 vs Rule A,banglaclick:news,banglabert,65537,456,ESTIMABLE,ESTIMABLE,0.42791994230056063,0.453626779867186,0.025706837566625396,0.3978431441802393,0.4235499817468647,0.025706837566625396,"[0.3580126956144774, 0.43439845688969925]","[0.339894944207713, 0.49129916401786516]",False,False
Frozen v3.1 vs Rule A,banglaclick:news,ebm,42,456,ESTIMABLE,ESTIMABLE,-0.0558881574444422,-0.051018986156975976,0.004869171287466223,-0.05380986405319954,-0.04894069276573332,0.004869171287466223,"[-0.05892372354534042, -0.04885406938867794]","[-0.05951159835173699, -0.03858448906402778]",False,False
Frozen v3.1 vs Rule A,banglaclick:news,ebm,137,456,ESTIMABLE,ESTIMABLE,-0.05594553586325346,-0.05107083744356411,0.0048746984196893495,-0.05386723641159408,-0.04899253799190473,0.0048746984196893495,"[-0.05921107002112008, -0.0486862641611618]","[-0.05921111027435698, -0.03895824982271458]",False,False
Frozen v3.1 vs Rule A,banglaclick:news,ebm,2718,456,ESTIMABLE,ESTIMABLE,-0.05613136558524945,-0.05124566297058064,0.004885702614668808,-0.05404552840353283,-0.04915982578886402,0.004885702614668808,"[-0.05929645067049952, -0.04883580746188077]","[-0.059975131367818436, -0.03837626975886166]",False,False
Frozen v3.1 vs Rule A,banglaclick:news,ebm,31415,456,ESTIMABLE,ESTIMABLE,-0.05609883777150648,-0.05119585291574347,0.004902984855763015,-0.054006828545033136,-0.04910384368927012,0.004902984855763015,"[-0.05921017240793855, -0.048826307842189186]","[-0.059177359172776764, -0.03911780011921368]",False,False
Frozen v3.1 vs Rule A,banglaclick:news,ebm,65537,456,ESTIMABLE,ESTIMABLE,-0.055824617843659996,-0.0509638549297915,0.004860762913868499,-0.0537546899244965,-0.048893927010628,0.004860762913868499,"[-0.058969313586238754, -0.0484011985188708]","[-0.059193720639348475, -0.038580909601032644]",False,False
Frozen v3.1 vs Rule A,banglaclick:news,tfidf_lr,42,456,ESTIMABLE,ESTIMABLE,-0.1848064406433576,-0.21200790080839105,-0.027201460165033442,-0.18265776028525682,-0.20985922045029026,-0.027201460165033442,"[-0.19948508946204593, -0.16463267602548665]","[-0.23566297864217142, -0.17809241060173578]",False,False
Frozen v3.1 vs Rule A,banglaclick:news,tfidf_lr,137,456,ESTIMABLE,ESTIMABLE,-0.1848064406433576,-0.21200790080839105,-0.027201460165033442,-0.18265776028525682,-0.20985922045029026,-0.027201460165033442,"[-0.1999539833258958, -0.16388046134314518]","[-0.23552529216685622, -0.17888136927498965]",False,False
Frozen v3.1 vs Rule A,banglaclick:news,tfidf_lr,2718,456,ESTIMABLE,ESTIMABLE,-0.1848064406433576,-0.21200790080839105,-0.027201460165033442,-0.18265776028525682,-0.20985922045029026,-0.027201460165033442,"[-0.1995462367204603, -0.1652329213999182]","[-0.2354134087779876, -0.17843224705339236]",False,False
Frozen v3.1 vs Rule A,banglaclick:news,tfidf_lr,31415,456,ESTIMABLE,ESTIMABLE,-0.1848064406433576,-0.21200790080839105,-0.027201460165033442,-0.18265776028525682,-0.20985922045029026,-0.027201460165033442,"[-0.19979088201896197, -0.1639037962488329]","[-0.2357760987063671, -0.17822338503536686]",False,False
Frozen v3.1 vs Rule A,banglaclick:news,tfidf_lr,65537,456,ESTIMABLE,ESTIMABLE,-0.1848064406433576,-0.21200790080839105,-0.027201460165033442,-0.18265776028525682,-0.20985922045029026,-0.027201460165033442,"[-0.20022538865677797, -0.16406927353371004]","[-0.23522816634758964, -0.1792528275448301]",False,False
Frozen v3.1 vs Rule A,banglaclick:news,xlmr,42,456,ESTIMABLE,ESTIMABLE,0.39522011939367085,0.42026911178132953,0.025048992387658675,0.3572986552964131,0.38234764768407176,0.025048992387658675,"[0.3215320491063382, 0.3913894641944956]","[0.31417449457486074, 0.4397914827518586]",False,False
Frozen v3.1 vs Rule A,banglaclick:news,xlmr,137,456,ESTIMABLE,ESTIMABLE,0.35972385378545013,0.4075568557504874,0.04783300196503726,0.33294727693172016,0.3807802788967574,0.04783300196503726,"[0.29583909268655983, 0.3677607838885765]","[0.3082647014264475, 0.43694846376442203]",False,False
Frozen v3.1 vs Rule A,banglaclick:news,xlmr,2718,456,ESTIMABLE,ESTIMABLE,0.2692319400325798,0.29703603054891037,0.027804090516330593,0.25460673122147254,0.28241082173780313,0.027804090516330593,"[0.22899098226654643, 0.2793129238269195]","[0.23152681100302427, 0.323194451927312]",False,False
Frozen v3.1 vs Rule A,banglaclick:news,xlmr,31415,456,ESTIMABLE,ESTIMABLE,0.40649650499029244,0.441077296186249,0.034580791195956584,0.36830684433209665,0.40288763552805323,0.034580791195956584,"[0.3304189374233648, 0.403968664538556]","[0.3300656311757617, 0.4602700098775017]",False,False
Frozen v3.1 vs Rule A,banglaclick:news,xlmr,65537,456,ESTIMABLE,ESTIMABLE,0.42323759426699814,0.48539518350265287,0.06215758923565473,0.3937168420920991,0.45587443132775385,0.06215758923565473,"[0.3534148046547037, 0.4311155686064504]","[0.37622840277989084, 0.5165737684821307]",False,False
