cue,target,source_rd,target_rd,delta_rd,delta_rd_ci95,delta_rd_p,ebm_delta_nll_gap_mean_5seeds,ebm_delta_nll_gap_ci95,ebm_delta_nll_gap_p,ebm_delta_nll_gap_by_seed,bootstrap_attempts,valid_replicates,invalid_replicates,invalid_rate,invalid_reason_counts,inferential_status,reason_for_nonestimability,source_support,target_support
curiosity_information_withholding,banglaclick:news,0.28686706783747745,0.14520630610243646,-0.141660761735041,"[-0.32857984398723317, 0.026811073323805494]",0.1028,-0.7000578989344722,"[-0.9019517255694913, -0.4801005887000192]",0.0,"[-0.6992386480233186, -0.7003958951299672, -0.7003561258431493, -0.7003378420117988, -0.6999609836641274]",5000,5000,0,0.0,{},ESTIMABLE,,"{'rows': 2784, 'clusters': 2784, 'cue_present_rows': 53, 'cue_absent_rows': 2731, 'clusters_with_cue_present': 53, 'clusters_with_cue_absent': 2731, 'analytical_p_resample_missing_cue_present': 5.760686697120517e-24, 'analytical_p_resample_missing_cue_absent': 0.0}","{'rows': 1500, 'clusters': 943, 'cue_present_rows': 27, 'cue_absent_rows': 1473, 'clusters_with_cue_present': 23, 'clusters_with_cue_absent': 925, 'analytical_p_resample_missing_cue_present': 7.716048265047869e-11, 'analytical_p_resample_missing_cue_absent': 0.0}"
curiosity_information_withholding,banglaclick:facebook,0.28686706783747745,0.05370399620912969,-0.23316307162834776,"[-0.48790277622076295, 0.02050251470726657]",0.0696,0.45852449299886483,"[-0.7906669631159947, 1.4999169549082192]",0.436,"[0.4604201803607544, 0.46778947199815235, 0.46113387063424327, 0.4559918839258702, 0.4472870580753038]",5000,5000,0,0.0,{},ESTIMABLE,,"{'rows': 2784, 'clusters': 2784, 'cue_present_rows': 53, 'cue_absent_rows': 2731, 'clusters_with_cue_present': 53, 'clusters_with_cue_absent': 2731, 'analytical_p_resample_missing_cue_present': 5.760686697120517e-24, 'analytical_p_resample_missing_cue_absent': 0.0}","{'rows': 1961, 'clusters': 26, 'cue_present_rows': 13, 'cue_absent_rows': 1948, 'clusters_with_cue_present': 9, 'clusters_with_cue_absent': 26, 'analytical_p_resample_missing_cue_present': 1.5935471157079395e-05, 'analytical_p_resample_missing_cue_absent': 0.0}"
curiosity_information_withholding,banglaclick:youtube,0.28686706783747745,0.053578079276403234,-0.23328898856107422,,,-0.6691099101342484,,,"[-0.6686013603388643, -0.66873715703581, -0.6697258926989692, -0.6694964913048118, -0.668988649292786]",5000,4992,8,0.0016,{'target_missing_cue_present': 8},NON_ESTIMABLE_UNDER_LOCKED_BOOTSTRAP,"At least one ordinary locked cluster-bootstrap replicate contained zero total multiplicity in the cue-present or cue-absent group in source and/or target. The difference-of-group-means statistic is undefined for that replicate. The locked protocol did not prespecify rejection resampling or conditioning on valid draws, so confirmatory CI/p are not computed from a post-hoc subset.","{'rows': 2784, 'clusters': 2784, 'cue_present_rows': 53, 'cue_absent_rows': 2731, 'clusters_with_cue_present': 53, 'clusters_with_cue_absent': 2731, 'analytical_p_resample_missing_cue_present': 5.760686697120517e-24, 'analytical_p_resample_missing_cue_absent': 0.0}","{'rows': 1000, 'clusters': 10, 'cue_present_rows': 105, 'cue_absent_rows': 895, 'clusters_with_cue_present': 5, 'clusters_with_cue_absent': 10, 'analytical_p_resample_missing_cue_present': 0.0009765625, 'analytical_p_resample_missing_cue_absent': 0.0}"
curiosity_information_withholding,banglaclick:twitter,0.28686706783747745,0.27911646586345384,-0.007750601974023608,,,-0.6665748758811173,,,"[-0.6653112633116364, -0.6663761940823912, -0.6659834402277883, -0.6671640389853477, -0.668039442798423]",5000,4321,679,0.1358,{'target_missing_cue_present': 679},NON_ESTIMABLE_UNDER_LOCKED_BOOTSTRAP,"At least one ordinary locked cluster-bootstrap replicate contained zero total multiplicity in the cue-present or cue-absent group in source and/or target. The difference-of-group-means statistic is undefined for that replicate. The locked protocol did not prespecify rejection resampling or conditioning on valid draws, so confirmatory CI/p are not computed from a post-hoc subset.","{'rows': 2784, 'clusters': 2784, 'cue_present_rows': 53, 'cue_absent_rows': 2731, 'clusters_with_cue_present': 53, 'clusters_with_cue_absent': 2731, 'analytical_p_resample_missing_cue_present': 5.760686697120517e-24, 'analytical_p_resample_missing_cue_absent': 0.0}","{'rows': 500, 'clusters': 314, 'cue_present_rows': 2, 'cue_absent_rows': 498, 'clusters_with_cue_present': 2, 'clusters_with_cue_absent': 312, 'analytical_p_resample_missing_cue_present': 0.13447235998699417, 'analytical_p_resample_missing_cue_absent': 0.0}"
direct_address_imperative,banglaclick:news,0.3611916538745807,0.11621900826446285,-0.24497264561011783,"[-0.3957450535500349, -0.10668591469082216]",0.0016,-0.6749649511843827,"[-0.8490792710744685, -0.5169575632399741]",0.0,"[-0.6747531494770309, -0.6750474316446543, -0.6750160612295697, -0.6751532626938661, -0.6748548508767928]",5000,5000,0,0.0,{},ESTIMABLE,,"{'rows': 2784, 'clusters': 2784, 'cue_present_rows': 78, 'cue_absent_rows': 2706, 'clusters_with_cue_present': 78, 'clusters_with_cue_absent': 2706, 'analytical_p_resample_missing_cue_present': 4.3796027868989467e-35, 'analytical_p_resample_missing_cue_absent': 0.0}","{'rows': 1500, 'clusters': 943, 'cue_present_rows': 48, 'cue_absent_rows': 1452, 'clusters_with_cue_present': 42, 'clusters_with_cue_absent': 907, 'analytical_p_resample_missing_cue_present': 2.192560783377252e-19, 'analytical_p_resample_missing_cue_absent': 0.0}"
direct_address_imperative,banglaclick:facebook,0.3611916538745807,-0.06701140693163898,-0.42820306080621967,"[-0.6305209221844766, -0.21457066966166458]",0.0,0.3235187709718275,"[-0.3038006817378235, 1.2459829846731056]",0.4028,"[0.3244955769553801, 0.32997373541651676, 0.3255155539821841, 0.32184431076364195, 0.3157646777414146]",5000,5000,0,0.0,{},ESTIMABLE,,"{'rows': 2784, 'clusters': 2784, 'cue_present_rows': 78, 'cue_absent_rows': 2706, 'clusters_with_cue_present': 78, 'clusters_with_cue_absent': 2706, 'analytical_p_resample_missing_cue_present': 4.3796027868989467e-35, 'analytical_p_resample_missing_cue_absent': 0.0}","{'rows': 1961, 'clusters': 26, 'cue_present_rows': 197, 'cue_absent_rows': 1764, 'clusters_with_cue_present': 15, 'clusters_with_cue_absent': 26, 'analytical_p_resample_missing_cue_present': 1.9359884717064175e-10, 'analytical_p_resample_missing_cue_absent': 0.0}"
direct_address_imperative,banglaclick:youtube,0.3611916538745807,0.0679985574207772,-0.2931930964538035,,,-0.7261445349748328,,,"[-0.7259813916798746, -0.7259836512379053, -0.7263789054413752, -0.7262292889650072, -0.726149437550002]",5000,4969,31,0.0062,{'target_missing_cue_present': 31},NON_ESTIMABLE_UNDER_LOCKED_BOOTSTRAP,"At least one ordinary locked cluster-bootstrap replicate contained zero total multiplicity in the cue-present or cue-absent group in source and/or target. The difference-of-group-means statistic is undefined for that replicate. The locked protocol did not prespecify rejection resampling or conditioning on valid draws, so confirmatory CI/p are not computed from a post-hoc subset.","{'rows': 2784, 'clusters': 2784, 'cue_present_rows': 78, 'cue_absent_rows': 2706, 'clusters_with_cue_present': 78, 'clusters_with_cue_absent': 2706, 'analytical_p_resample_missing_cue_present': 4.3796027868989467e-35, 'analytical_p_resample_missing_cue_absent': 0.0}","{'rows': 1000, 'clusters': 10, 'cue_present_rows': 179, 'cue_absent_rows': 821, 'clusters_with_cue_present': 4, 'clusters_with_cue_absent': 10, 'analytical_p_resample_missing_cue_present': 0.006046617599999997, 'analytical_p_resample_missing_cue_absent': 0.0}"
direct_address_imperative,banglaclick:twitter,0.3611916538745807,0.08125000000000004,-0.27994165387458064,"[-0.531050649148096, -0.05299826860512916]",0.0156,-0.4077476380445996,"[-0.8682704903412759, 0.15923699083732923]",0.1396,"[-0.40655719496486764, -0.40812095788057123, -0.40801027899865705, -0.40810681417671346, -0.4079429442021888]",5000,5000,0,0.0,{},ESTIMABLE,,"{'rows': 2784, 'clusters': 2784, 'cue_present_rows': 78, 'cue_absent_rows': 2706, 'clusters_with_cue_present': 78, 'clusters_with_cue_absent': 2706, 'analytical_p_resample_missing_cue_present': 4.3796027868989467e-35, 'analytical_p_resample_missing_cue_absent': 0.0}","{'rows': 500, 'clusters': 314, 'cue_present_rows': 20, 'cue_absent_rows': 480, 'clusters_with_cue_present': 18, 'clusters_with_cue_absent': 302, 'analytical_p_resample_missing_cue_present': 8.906104313118261e-09, 'analytical_p_resample_missing_cue_absent': 0.0}"
exaggeration_superlative,banglaclick:news,0.04441678218802164,0.11545043249958975,0.07103365031156811,"[-0.11352475803577425, 0.23345516030039792]",0.4104,-0.19772561917427328,"[-0.460494480153679, 0.047794508826583745]",0.1324,"[-0.19710366347797692, -0.19785168429012423, -0.1981970688337269, -0.19786927347039251, -0.1976064057991458]",5000,5000,0,0.0,{},ESTIMABLE,,"{'rows': 2784, 'clusters': 2784, 'cue_present_rows': 65, 'cue_absent_rows': 2719, 'clusters_with_cue_present': 65, 'clusters_with_cue_absent': 2719, 'analytical_p_resample_missing_cue_present': 2.7295747417925814e-29, 'analytical_p_resample_missing_cue_absent': 0.0}","{'rows': 1500, 'clusters': 943, 'cue_present_rows': 29, 'cue_absent_rows': 1471, 'clusters_with_cue_present': 27, 'clusters_with_cue_absent': 922, 'analytical_p_resample_missing_cue_present': 1.2673758212495478e-12, 'analytical_p_resample_missing_cue_absent': 0.0}"
exaggeration_superlative,banglaclick:facebook,0.04441678218802164,-0.2646459195298914,-0.30906270171791306,"[-0.4951285102892373, 0.01675629002758678]",0.064,1.3043662337044926,"[0.08314816903072256, 2.041904760160774]",0.0264,"[1.3067520199286766, 1.3249101370890675, 1.3100094689623423, 1.2993967114225664, 1.2807628311198096]",5000,5000,0,0.0,{},ESTIMABLE,,"{'rows': 2784, 'clusters': 2784, 'cue_present_rows': 65, 'cue_absent_rows': 2719, 'clusters_with_cue_present': 65, 'clusters_with_cue_absent': 2719, 'analytical_p_resample_missing_cue_present': 2.7295747417925814e-29, 'analytical_p_resample_missing_cue_absent': 0.0}","{'rows': 1961, 'clusters': 26, 'cue_present_rows': 108, 'cue_absent_rows': 1853, 'clusters_with_cue_present': 16, 'clusters_with_cue_absent': 26, 'analytical_p_resample_missing_cue_present': 1.624399895049392e-11, 'analytical_p_resample_missing_cue_absent': 0.0}"
exaggeration_superlative,banglaclick:youtube,0.04441678218802164,0.03384123086082125,-0.010575551327200394,,,-0.08513546083029133,,,"[-0.08412410321957953, -0.08517259632895602, -0.08528903991001258, -0.08549452974825122, -0.08559703494465731]",5000,4995,5,0.001,{'target_missing_cue_present': 5},NON_ESTIMABLE_UNDER_LOCKED_BOOTSTRAP,"At least one ordinary locked cluster-bootstrap replicate contained zero total multiplicity in the cue-present or cue-absent group in source and/or target. The difference-of-group-means statistic is undefined for that replicate. The locked protocol did not prespecify rejection resampling or conditioning on valid draws, so confirmatory CI/p are not computed from a post-hoc subset.","{'rows': 2784, 'clusters': 2784, 'cue_present_rows': 65, 'cue_absent_rows': 2719, 'clusters_with_cue_present': 65, 'clusters_with_cue_absent': 2719, 'analytical_p_resample_missing_cue_present': 2.7295747417925814e-29, 'analytical_p_resample_missing_cue_absent': 0.0}","{'rows': 1000, 'clusters': 10, 'cue_present_rows': 57, 'cue_absent_rows': 943, 'clusters_with_cue_present': 5, 'clusters_with_cue_absent': 10, 'analytical_p_resample_missing_cue_present': 0.0009765625, 'analytical_p_resample_missing_cue_absent': 0.0}"
exaggeration_superlative,banglaclick:twitter,0.04441678218802164,-0.20070921985815604,-0.24512600204617768,"[-0.4910471932509098, -0.01464260230818684]",0.0384,-0.5863642714888085,"[-0.8276578120070246, -0.3349832665313674]",0.0,"[-0.5848053269510528, -0.586528245503275, -0.5869791363174733, -0.5871748186584337, -0.5863338300138082]",5000,5000,0,0.0,{},ESTIMABLE,,"{'rows': 2784, 'clusters': 2784, 'cue_present_rows': 65, 'cue_absent_rows': 2719, 'clusters_with_cue_present': 65, 'clusters_with_cue_absent': 2719, 'analytical_p_resample_missing_cue_present': 2.7295747417925814e-29, 'analytical_p_resample_missing_cue_absent': 0.0}","{'rows': 500, 'clusters': 314, 'cue_present_rows': 30, 'cue_absent_rows': 470, 'clusters_with_cue_present': 27, 'clusters_with_cue_absent': 298, 'analytical_p_resample_missing_cue_present': 5.48284640045826e-13, 'analytical_p_resample_missing_cue_absent': 0.0}"
interrogative_structure,banglaclick:news,0.395792293239193,0.10750491312046384,-0.2882873801187292,"[-0.3936455377808432, -0.18071694612122693]",0.0,-0.6172219226578974,"[-0.7524851632165943, -0.48232875036388867]",0.0,"[-0.6172154780258392, -0.6172769857937439, -0.6172778331542272, -0.6172517778645454, -0.6170875384511312]",5000,5000,0,0.0,{},ESTIMABLE,,"{'rows': 2784, 'clusters': 2784, 'cue_present_rows': 177, 'cue_absent_rows': 2607, 'clusters_with_cue_present': 177, 'clusters_with_cue_absent': 2607, 'analytical_p_resample_missing_cue_present': 3.7800003476130715e-80, 'analytical_p_resample_missing_cue_absent': 0.0}","{'rows': 1500, 'clusters': 943, 'cue_present_rows': 111, 'cue_absent_rows': 1389, 'clusters_with_cue_present': 87, 'clusters_with_cue_absent': 870, 'analytical_p_resample_missing_cue_present': 2.2815702180962065e-40, 'analytical_p_resample_missing_cue_absent': 0.0}"
interrogative_structure,banglaclick:facebook,0.395792293239193,0.0735041583310011,-0.3222881349081919,"[-0.47141296350117995, -0.1894213835847788]",0.0,0.12308474354716518,"[-0.46517322869389893, 0.9317504344193673]",0.806,"[0.12382419358924124, 0.12957788259199154, 0.1248489663820127, 0.12162853954916997, 0.11554413562341048]",5000,5000,0,0.0,{},ESTIMABLE,,"{'rows': 2784, 'clusters': 2784, 'cue_present_rows': 177, 'cue_absent_rows': 2607, 'clusters_with_cue_present': 177, 'clusters_with_cue_absent': 2607, 'analytical_p_resample_missing_cue_present': 3.7800003476130715e-80, 'analytical_p_resample_missing_cue_absent': 0.0}","{'rows': 1961, 'clusters': 26, 'cue_present_rows': 362, 'cue_absent_rows': 1599, 'clusters_with_cue_present': 22, 'clusters_with_cue_absent': 26, 'analytical_p_resample_missing_cue_present': 7.315646762045115e-22, 'analytical_p_resample_missing_cue_absent': 0.0}"
interrogative_structure,banglaclick:youtube,0.395792293239193,0.07397986109645138,-0.32181243214274163,,,-0.7361283427550905,,,"[-0.736737627812658, -0.7361248226778706, -0.7363218859080978, -0.7356044545378274, -0.7358529228389988]",5000,4999,1,0.0002,{'target_missing_cue_present': 1},NON_ESTIMABLE_UNDER_LOCKED_BOOTSTRAP,"At least one ordinary locked cluster-bootstrap replicate contained zero total multiplicity in the cue-present or cue-absent group in source and/or target. The difference-of-group-means statistic is undefined for that replicate. The locked protocol did not prespecify rejection resampling or conditioning on valid draws, so confirmatory CI/p are not computed from a post-hoc subset.","{'rows': 2784, 'clusters': 2784, 'cue_present_rows': 177, 'cue_absent_rows': 2607, 'clusters_with_cue_present': 177, 'clusters_with_cue_absent': 2607, 'analytical_p_resample_missing_cue_present': 3.7800003476130715e-80, 'analytical_p_resample_missing_cue_absent': 0.0}","{'rows': 1000, 'clusters': 10, 'cue_present_rows': 254, 'cue_absent_rows': 746, 'clusters_with_cue_present': 6, 'clusters_with_cue_absent': 9, 'analytical_p_resample_missing_cue_present': 0.00010485760000000006, 'analytical_p_resample_missing_cue_absent': 1.0000000000000006e-10}"
interrogative_structure,banglaclick:twitter,0.395792293239193,0.23062330623306226,-0.16516898700613075,"[-0.2832663356570157, -0.04692336211606128]",0.006,-0.7627471730534949,"[-0.9464723164601649, -0.5788966159786902]",0.0,"[-0.7628035731255578, -0.7629095777913013, -0.7630340745013862, -0.7625078768790803, -0.7624807629701494]",5000,5000,0,0.0,{},ESTIMABLE,,"{'rows': 2784, 'clusters': 2784, 'cue_present_rows': 177, 'cue_absent_rows': 2607, 'clusters_with_cue_present': 177, 'clusters_with_cue_absent': 2607, 'analytical_p_resample_missing_cue_present': 3.7800003476130715e-80, 'analytical_p_resample_missing_cue_absent': 0.0}","{'rows': 500, 'clusters': 314, 'cue_present_rows': 90, 'cue_absent_rows': 410, 'clusters_with_cue_present': 78, 'clusters_with_cue_absent': 259, 'analytical_p_resample_missing_cue_present': 1.14408801892517e-39, 'analytical_p_resample_missing_cue_absent': 2.741416397930579e-238}"
punctuation_intensity,banglaclick:news,0.243221131369799,0.21627471050327418,-0.026946420866524823,"[-0.10323141465599636, 0.04755679492520814]",0.4644,-0.5215854884561931,"[-0.6178449218009844, -0.43528785705464285]",0.0,"[-0.5215373682899052, -0.5216688430572327, -0.5216180278793492, -0.5216889825514839, -0.5214142205029945]",5000,5000,0,0.0,{},ESTIMABLE,,"{'rows': 2784, 'clusters': 2784, 'cue_present_rows': 552, 'cue_absent_rows': 2232, 'clusters_with_cue_present': 552, 'clusters_with_cue_absent': 2232, 'analytical_p_resample_missing_cue_present': 6.389792664222996e-268, 'analytical_p_resample_missing_cue_absent': 0.0}","{'rows': 1500, 'clusters': 943, 'cue_present_rows': 262, 'cue_absent_rows': 1238, 'clusters_with_cue_present': 191, 'clusters_with_cue_absent': 769, 'analytical_p_resample_missing_cue_present': 2.0365610178925614e-93, 'analytical_p_resample_missing_cue_absent': 0.0}"
punctuation_intensity,banglaclick:facebook,0.243221131369799,0.11636616659784982,-0.12685496477194919,"[-0.25288550606662136, -0.015533714457829587]",0.0264,-0.20978466140064342,"[-0.5982990572889841, 0.3691893432440295]",0.4192,"[-0.20932009638448257, -0.2082619749103528, -0.2096070359504485, -0.21029925232059177, -0.21143494743734148]",5000,5000,0,0.0,{},ESTIMABLE,,"{'rows': 2784, 'clusters': 2784, 'cue_present_rows': 552, 'cue_absent_rows': 2232, 'clusters_with_cue_present': 552, 'clusters_with_cue_absent': 2232, 'analytical_p_resample_missing_cue_present': 6.389792664222996e-268, 'analytical_p_resample_missing_cue_absent': 0.0}","{'rows': 1961, 'clusters': 26, 'cue_present_rows': 426, 'cue_absent_rows': 1535, 'clusters_with_cue_present': 22, 'clusters_with_cue_absent': 26, 'analytical_p_resample_missing_cue_present': 7.315646762045115e-22, 'analytical_p_resample_missing_cue_absent': 0.0}"
punctuation_intensity,banglaclick:youtube,0.243221131369799,0.11314034586423793,-0.13008078550556107,"[-0.22302963907779783, -0.024092358092033167]",0.016,-0.7560936651136584,"[-1.2797910378463628, -0.36650053125651055]",0.0012,"[-0.7571083188713328, -0.7565283103317814, -0.7557660890104835, -0.7562061446170496, -0.7548594627376447]",5000,5000,0,0.0,{},ESTIMABLE,,"{'rows': 2784, 'clusters': 2784, 'cue_present_rows': 552, 'cue_absent_rows': 2232, 'clusters_with_cue_present': 552, 'clusters_with_cue_absent': 2232, 'analytical_p_resample_missing_cue_present': 6.389792664222996e-268, 'analytical_p_resample_missing_cue_absent': 0.0}","{'rows': 1000, 'clusters': 10, 'cue_present_rows': 539, 'cue_absent_rows': 461, 'clusters_with_cue_present': 7, 'clusters_with_cue_absent': 8, 'analytical_p_resample_missing_cue_present': 5.9048999999999975e-06, 'analytical_p_resample_missing_cue_absent': 1.0240000000000006e-07}"
punctuation_intensity,banglaclick:twitter,0.243221131369799,0.24318851251840945,-3.2618851389554226e-05,"[-0.10029481168146198, 0.10165122712229419]",0.9672,-0.5894237806609138,"[-0.7854401447947381, -0.38786591747020305]",0.0,"[-0.5894921113741581, -0.5896256760313604, -0.5895901271777145, -0.589374196490469, -0.5890367922308667]",5000,5000,0,0.0,{},ESTIMABLE,,"{'rows': 2784, 'clusters': 2784, 'cue_present_rows': 552, 'cue_absent_rows': 2232, 'clusters_with_cue_present': 552, 'clusters_with_cue_absent': 2232, 'analytical_p_resample_missing_cue_present': 6.389792664222996e-268, 'analytical_p_resample_missing_cue_absent': 0.0}","{'rows': 500, 'clusters': 314, 'cue_present_rows': 112, 'cue_absent_rows': 388, 'clusters_with_cue_present': 92, 'clusters_with_cue_absent': 247, 'analytical_p_resample_missing_cue_present': 5.2350939800653984e-48, 'analytical_p_resample_missing_cue_absent': 2.246873142707295e-211}"
sensational_emotional_loading,banglaclick:news,0.44603174603174606,0.2226027397260274,-0.22342900630571866,"[-0.3326971029600772, -0.12074268724356019]",0.0,-0.8037841249992926,"[-0.9476355922280079, -0.671956291428881]",0.0,"[-0.8034455294202051, -0.8037735330740007, -0.8041041334603685, -0.8039858990784683, -0.803611529963421]",5000,5000,0,0.0,{},ESTIMABLE,,"{'rows': 2784, 'clusters': 2784, 'cue_present_rows': 84, 'cue_absent_rows': 2700, 'clusters_with_cue_present': 84, 'clusters_with_cue_absent': 2700, 'analytical_p_resample_missing_cue_present': 9.069440287122328e-38, 'analytical_p_resample_missing_cue_absent': 0.0}","{'rows': 1500, 'clusters': 943, 'cue_present_rows': 40, 'cue_absent_rows': 1460, 'clusters_with_cue_present': 40, 'clusters_with_cue_absent': 905, 'analytical_p_resample_missing_cue_present': 1.7742805605425424e-18, 'analytical_p_resample_missing_cue_absent': 0.0}"
sensational_emotional_loading,banglaclick:facebook,0.44603174603174606,0.02787754403967846,-0.4181542019920676,"[-0.7309567008283833, -0.12187458316753415]",0.0024,0.6387187434901305,"[-0.6806216639850002, 2.4496659244767334]",0.4992,"[0.6373169814503256, 0.6466528691928867, 0.6423614411648599, 0.6390266688644397, 0.6282357567781409]",5000,5000,0,0.0,{},ESTIMABLE,,"{'rows': 2784, 'clusters': 2784, 'cue_present_rows': 84, 'cue_absent_rows': 2700, 'clusters_with_cue_present': 84, 'clusters_with_cue_absent': 2700, 'analytical_p_resample_missing_cue_present': 9.069440287122328e-38, 'analytical_p_resample_missing_cue_absent': 0.0}","{'rows': 1961, 'clusters': 26, 'cue_present_rows': 12, 'cue_absent_rows': 1949, 'clusters_with_cue_present': 8, 'clusters_with_cue_absent': 26, 'analytical_p_resample_missing_cue_present': 7.043330788944565e-05, 'analytical_p_resample_missing_cue_absent': 0.0}"
sensational_emotional_loading,banglaclick:youtube,0.44603174603174606,0.07052631578947366,-0.3755054302422724,,,-0.6118059155552305,,,"[-0.6116844053197155, -0.6112888649504886, -0.6123938543715761, -0.6117805716996676, -0.6118818814347047]",5000,4847,153,0.0306,{'target_missing_cue_present': 153},NON_ESTIMABLE_UNDER_LOCKED_BOOTSTRAP,"At least one ordinary locked cluster-bootstrap replicate contained zero total multiplicity in the cue-present or cue-absent group in source and/or target. The difference-of-group-means statistic is undefined for that replicate. The locked protocol did not prespecify rejection resampling or conditioning on valid draws, so confirmatory CI/p are not computed from a post-hoc subset.","{'rows': 2784, 'clusters': 2784, 'cue_present_rows': 84, 'cue_absent_rows': 2700, 'clusters_with_cue_present': 84, 'clusters_with_cue_absent': 2700, 'analytical_p_resample_missing_cue_present': 9.069440287122328e-38, 'analytical_p_resample_missing_cue_absent': 0.0}","{'rows': 1000, 'clusters': 10, 'cue_present_rows': 50, 'cue_absent_rows': 950, 'clusters_with_cue_present': 3, 'clusters_with_cue_absent': 10, 'analytical_p_resample_missing_cue_present': 0.028247524899999984, 'analytical_p_resample_missing_cue_absent': 0.0}"
sensational_emotional_loading,banglaclick:twitter,0.44603174603174606,-0.7234468937875751,-1.169478639819321,,,1.4655197249809553,,,"[1.4692713176179248, 1.4606678613828823, 1.4725009833923555, 1.4631400166963155, 1.4620184458152978]",5000,3143,1857,0.3714,{'target_missing_cue_present': 1857},NON_ESTIMABLE_UNDER_LOCKED_BOOTSTRAP,"At least one ordinary locked cluster-bootstrap replicate contained zero total multiplicity in the cue-present or cue-absent group in source and/or target. The difference-of-group-means statistic is undefined for that replicate. The locked protocol did not prespecify rejection resampling or conditioning on valid draws, so confirmatory CI/p are not computed from a post-hoc subset.","{'rows': 2784, 'clusters': 2784, 'cue_present_rows': 84, 'cue_absent_rows': 2700, 'clusters_with_cue_present': 84, 'clusters_with_cue_absent': 2700, 'analytical_p_resample_missing_cue_present': 9.069440287122328e-38, 'analytical_p_resample_missing_cue_absent': 0.0}","{'rows': 500, 'clusters': 314, 'cue_present_rows': 1, 'cue_absent_rows': 499, 'clusters_with_cue_present': 1, 'clusters_with_cue_absent': 313, 'analytical_p_resample_missing_cue_present': 0.3672928673137446, 'analytical_p_resample_missing_cue_absent': 0.0}"
specificity_numerals,banglaclick:news,-0.0049080576091630745,-0.025584795321637488,-0.020676737712474413,"[-0.08783784450483952, 0.052688252688228104]",0.6096,0.05830229448031639,"[-0.03418960846594458, 0.1613116465432003]",0.2156,"[0.05833505872657374, 0.058363090581296295, 0.05838584117473877, 0.058090888810089614, 0.058336593108883505]",5000,5000,0,0.0,{},ESTIMABLE,,"{'rows': 2784, 'clusters': 2784, 'cue_present_rows': 513, 'cue_absent_rows': 2271, 'clusters_with_cue_present': 513, 'clusters_with_cue_absent': 2271, 'analytical_p_resample_missing_cue_present': 5.6151677473387476e-247, 'analytical_p_resample_missing_cue_absent': 0.0}","{'rows': 1500, 'clusters': 943, 'cue_present_rows': 360, 'cue_absent_rows': 1140, 'clusters_with_cue_present': 243, 'clusters_with_cue_absent': 720, 'analytical_p_resample_missing_cue_present': 9.181750390913811e-123, 'analytical_p_resample_missing_cue_absent': 0.0}"
specificity_numerals,banglaclick:facebook,-0.0049080576091630745,-0.2551410790800711,-0.25023302147090803,"[-0.37156841810404884, -0.12555017792843606]",0.0,0.4525727385809103,"[0.0069197110343398975, 0.892818269335472]",0.044,"[0.4532600931806495, 0.4583547028793419, 0.4544874385509242, 0.451347524239312, 0.4454139340543235]",5000,5000,0,0.0,{},ESTIMABLE,,"{'rows': 2784, 'clusters': 2784, 'cue_present_rows': 513, 'cue_absent_rows': 2271, 'clusters_with_cue_present': 513, 'clusters_with_cue_absent': 2271, 'analytical_p_resample_missing_cue_present': 5.6151677473387476e-247, 'analytical_p_resample_missing_cue_absent': 0.0}","{'rows': 1961, 'clusters': 26, 'cue_present_rows': 609, 'cue_absent_rows': 1352, 'clusters_with_cue_present': 25, 'clusters_with_cue_absent': 26, 'analytical_p_resample_missing_cue_present': 1.624399895049392e-37, 'analytical_p_resample_missing_cue_absent': 0.0}"
specificity_numerals,banglaclick:youtube,-0.0049080576091630745,-0.00979456413053359,-0.004886506521370515,"[-0.06811550898907856, 0.05806978434627626]",0.9416,0.19484013832298402,"[-0.05365723010954976, 0.3413959337774342]",0.0916,"[0.19482699687066118, 0.19504305953505263, 0.19467615876428068, 0.19511656260222965, 0.19453791384269592]",5000,5000,0,0.0,{},ESTIMABLE,,"{'rows': 2784, 'clusters': 2784, 'cue_present_rows': 513, 'cue_absent_rows': 2271, 'clusters_with_cue_present': 513, 'clusters_with_cue_absent': 2271, 'analytical_p_resample_missing_cue_present': 5.6151677473387476e-247, 'analytical_p_resample_missing_cue_absent': 0.0}","{'rows': 1000, 'clusters': 10, 'cue_present_rows': 228, 'cue_absent_rows': 772, 'clusters_with_cue_present': 9, 'clusters_with_cue_absent': 9, 'analytical_p_resample_missing_cue_present': 1.0000000000000006e-10, 'analytical_p_resample_missing_cue_absent': 1.0000000000000006e-10}"
specificity_numerals,banglaclick:twitter,-0.0049080576091630745,-0.14461926961926963,-0.13971121201010656,"[-0.23375932391617033, -0.0420003870581296]",0.0052,0.3963120131982806,"[0.1731742971514733, 0.6036481018778286]",0.0012,"[0.39585301353777436, 0.39614571586285297, 0.39665624128666266, 0.39645548543992215, 0.39644960986419076]",5000,5000,0,0.0,{},ESTIMABLE,,"{'rows': 2784, 'clusters': 2784, 'cue_present_rows': 513, 'cue_absent_rows': 2271, 'clusters_with_cue_present': 513, 'clusters_with_cue_absent': 2271, 'analytical_p_resample_missing_cue_present': 5.6151677473387476e-247, 'analytical_p_resample_missing_cue_absent': 0.0}","{'rows': 500, 'clusters': 314, 'cue_present_rows': 396, 'cue_absent_rows': 104, 'clusters_with_cue_present': 251, 'clusters_with_cue_absent': 85, 'analytical_p_resample_missing_cue_present': 9.057806390088688e-220, 'analytical_p_resample_missing_cue_absent': 8.962557599053113e-44}"
vague_deictic_reference,banglaclick:news,0.41764533098347084,0.14238204115568487,-0.275263289827786,"[-0.38061966123433955, -0.17687220563768488]",0.0,-0.7228322217380727,"[-0.8641370299995454, -0.5677107745524841]",0.0,"[-0.7225602435258354, -0.7227800773220447, -0.7230639222247137, -0.7230574463628081, -0.7226994192549621]",5000,5000,0,0.0,{},ESTIMABLE,,"{'rows': 2784, 'clusters': 2784, 'cue_present_rows': 219, 'cue_absent_rows': 2565, 'clusters_with_cue_present': 219, 'clusters_with_cue_absent': 2565, 'analytical_p_resample_missing_cue_present': 8.711593655067555e-100, 'analytical_p_resample_missing_cue_absent': 0.0}","{'rows': 1500, 'clusters': 943, 'cue_present_rows': 85, 'cue_absent_rows': 1415, 'clusters_with_cue_present': 80, 'clusters_with_cue_absent': 872, 'analytical_p_resample_missing_cue_present': 4.9391715223145655e-37, 'analytical_p_resample_missing_cue_absent': 0.0}"
vague_deictic_reference,banglaclick:facebook,0.41764533098347084,-0.1866461515082441,-0.6042914824917149,"[-0.7577602200055595, -0.3618802961766951]",0.0,0.7973462881553077,"[-0.19109160240781226, 1.470047094087707]",0.1608,"[0.7985435976498239, 0.8111432691548468, 0.8015712703938964, 0.7945371816185569, 0.7809361219594145]",5000,5000,0,0.0,{},ESTIMABLE,,"{'rows': 2784, 'clusters': 2784, 'cue_present_rows': 219, 'cue_absent_rows': 2565, 'clusters_with_cue_present': 219, 'clusters_with_cue_absent': 2565, 'analytical_p_resample_missing_cue_present': 8.711593655067555e-100, 'analytical_p_resample_missing_cue_absent': 0.0}","{'rows': 1961, 'clusters': 26, 'cue_present_rows': 321, 'cue_absent_rows': 1640, 'clusters_with_cue_present': 23, 'clusters_with_cue_absent': 26, 'analytical_p_resample_missing_cue_present': 4.129006584767264e-25, 'analytical_p_resample_missing_cue_absent': 0.0}"
vague_deictic_reference,banglaclick:youtube,0.41764533098347084,0.07839732928827725,-0.3392480016951936,,,-0.7870407037881627,,,"[-0.786694654383946, -0.7864946319764332, -0.7876427176218431, -0.7873069017021266, -0.7870646132564642]",5000,4996,4,0.0008,{'target_missing_cue_present': 4},NON_ESTIMABLE_UNDER_LOCKED_BOOTSTRAP,"At least one ordinary locked cluster-bootstrap replicate contained zero total multiplicity in the cue-present or cue-absent group in source and/or target. The difference-of-group-means statistic is undefined for that replicate. The locked protocol did not prespecify rejection resampling or conditioning on valid draws, so confirmatory CI/p are not computed from a post-hoc subset.","{'rows': 2784, 'clusters': 2784, 'cue_present_rows': 219, 'cue_absent_rows': 2565, 'clusters_with_cue_present': 219, 'clusters_with_cue_absent': 2565, 'analytical_p_resample_missing_cue_present': 8.711593655067555e-100, 'analytical_p_resample_missing_cue_absent': 0.0}","{'rows': 1000, 'clusters': 10, 'cue_present_rows': 207, 'cue_absent_rows': 793, 'clusters_with_cue_present': 5, 'clusters_with_cue_absent': 10, 'analytical_p_resample_missing_cue_present': 0.0009765625, 'analytical_p_resample_missing_cue_absent': 0.0}"
vague_deictic_reference,banglaclick:twitter,0.41764533098347084,0.0951328914775389,-0.32251243950593195,"[-0.42500567573626746, -0.2248856436619795]",0.0,-0.794922697282106,"[-0.9868452166168612, -0.6073661402315131]",0.0,"[-0.7938828201162259, -0.7949238822049978, -0.7956852240482659, -0.7954587870582972, -0.7946627729827428]",5000,5000,0,0.0,{},ESTIMABLE,,"{'rows': 2784, 'clusters': 2784, 'cue_present_rows': 219, 'cue_absent_rows': 2565, 'clusters_with_cue_present': 219, 'clusters_with_cue_absent': 2565, 'analytical_p_resample_missing_cue_present': 8.711593655067555e-100, 'analytical_p_resample_missing_cue_absent': 0.0}","{'rows': 500, 'clusters': 314, 'cue_present_rows': 117, 'cue_absent_rows': 383, 'clusters_with_cue_present': 98, 'clusters_with_cue_absent': 249, 'analytical_p_resample_missing_cue_present': 9.60657032595667e-52, 'analytical_p_resample_missing_cue_absent': 1.655329637541712e-215}"
