artifact_id,category,count,malformed_for_stage03
banglabait_dev,EMPTY,0,True
banglabait_dev,KNOWN_PLACEHOLDER,0,True
banglabait_dev,MISSING,0,True
banglabait_dev,NON_TEXTUAL_GARBAGE,0,True
banglabait_dev,VALID,1205,False
banglabait_dev,VALID_SHORT,0,False
banglabait_test,EMPTY,0,True
banglabait_test,KNOWN_PLACEHOLDER,0,True
banglabait_test,MISSING,0,True
banglabait_test,NON_TEXTUAL_GARBAGE,0,True
banglabait_test,VALID,3012,False
banglabait_test,VALID_SHORT,0,False
banglabait_train,EMPTY,0,True
banglabait_train,KNOWN_PLACEHOLDER,0,True
banglabait_train,MISSING,0,True
banglabait_train,NON_TEXTUAL_GARBAGE,0,True
banglabait_train,VALID,10839,False
banglabait_train,VALID_SHORT,0,False
