domain,model,seed,n,prevalence,budget,reviewed,precision,recall,lift,error_capture,recall_estimability_status,lift_estimability_status,error_capture_estimability_status,aurc,primary_budget
baitbuster:youtube_human,banglabert,42,10000,0.5644,0.05,500,1.0,0.0885896527285613,1.771793054571226,0.0959715639810426,ESTIMABLE,ESTIMABLE,ESTIMABLE,0.1286638677806493,False
baitbuster:youtube_human,banglabert,42,10000,0.5644,0.1,1000,1.0,0.1771793054571226,1.771793054571226,0.1812796208530805,ESTIMABLE,ESTIMABLE,ESTIMABLE,0.1286638677806493,True
baitbuster:youtube_human,banglabert,42,10000,0.5644,0.2,2000,0.989,0.3504606661941885,1.7523033309709426,0.3412322274881517,ESTIMABLE,ESTIMABLE,ESTIMABLE,0.1286638677806493,False
baitbuster:youtube_human,banglabert,137,10000,0.5644,0.05,500,1.0,0.0885896527285613,1.771793054571226,0.0900175131348511,ESTIMABLE,ESTIMABLE,ESTIMABLE,0.1540422628509132,False
baitbuster:youtube_human,banglabert,137,10000,0.5644,0.1,1000,0.998,0.1768249468462083,1.7682494684620835,0.1716287215411558,ESTIMABLE,ESTIMABLE,ESTIMABLE,0.1540422628509132,True
baitbuster:youtube_human,banglabert,137,10000,0.5644,0.2,2000,0.99,0.3508150248051027,1.7540751240255137,0.3320490367775832,ESTIMABLE,ESTIMABLE,ESTIMABLE,0.1540422628509132,False
baitbuster:youtube_human,banglabert,2718,10000,0.5644,0.05,500,1.0,0.0885896527285613,1.771793054571226,0.0879913451135953,ESTIMABLE,ESTIMABLE,ESTIMABLE,0.1434460938574249,False
baitbuster:youtube_human,banglabert,2718,10000,0.5644,0.1,1000,0.998,0.1768249468462083,1.7682494684620835,0.1792282726289217,ESTIMABLE,ESTIMABLE,ESTIMABLE,0.1434460938574249,True
baitbuster:youtube_human,banglabert,2718,10000,0.5644,0.2,2000,0.992,0.3515237420269312,1.7576187101346563,0.3458348359177786,ESTIMABLE,ESTIMABLE,ESTIMABLE,0.1434460938574249,False
baitbuster:youtube_human,banglabert,31415,10000,0.5644,0.05,500,1.0,0.0885896527285613,1.771793054571226,0.1012514220705347,ESTIMABLE,ESTIMABLE,ESTIMABLE,0.1204668990587471,False
baitbuster:youtube_human,banglabert,31415,10000,0.5644,0.1,1000,0.999,0.1770021261516655,1.7700212615166548,0.1952976867652635,ESTIMABLE,ESTIMABLE,ESTIMABLE,0.1204668990587471,True
baitbuster:youtube_human,banglabert,31415,10000,0.5644,0.2,2000,0.989,0.3504606661941885,1.7523033309709426,0.3765642775881683,ESTIMABLE,ESTIMABLE,ESTIMABLE,0.1204668990587471,False
baitbuster:youtube_human,banglabert,65537,10000,0.5644,0.05,500,0.996,0.088235294117647,1.7647058823529411,0.1015145313139582,ESTIMABLE,ESTIMABLE,ESTIMABLE,0.1322377230559245,False
baitbuster:youtube_human,banglabert,65537,10000,0.5644,0.1,1000,0.998,0.1768249468462083,1.7682494684620835,0.1977077363896848,ESTIMABLE,ESTIMABLE,ESTIMABLE,0.1322377230559245,True
baitbuster:youtube_human,banglabert,65537,10000,0.5644,0.2,2000,0.9915,0.3513465627214741,1.7567328136073708,0.3610315186246418,ESTIMABLE,ESTIMABLE,ESTIMABLE,0.1322377230559245,False
baitbuster:youtube_human,ebm,42,10000,0.5644,0.05,500,1.0,0.0885896527285613,1.771793054571226,0.0949878738884397,ESTIMABLE,ESTIMABLE,ESTIMABLE,0.102604161099253,False
baitbuster:youtube_human,ebm,42,10000,0.5644,0.1,1000,0.999,0.1770021261516655,1.7700212615166548,0.2206952303961196,ESTIMABLE,ESTIMABLE,ESTIMABLE,0.102604161099253,True
baitbuster:youtube_human,ebm,42,10000,0.5644,0.2,2000,0.9945,0.3524096385542168,1.7620481927710845,0.4284559417946645,ESTIMABLE,ESTIMABLE,ESTIMABLE,0.102604161099253,False
baitbuster:youtube_human,ebm,137,10000,0.5644,0.05,500,1.0,0.0885896527285613,1.771793054571226,0.0969696969696969,ESTIMABLE,ESTIMABLE,ESTIMABLE,0.1026400979457637,False
baitbuster:youtube_human,ebm,137,10000,0.5644,0.1,1000,0.999,0.1770021261516655,1.7700212615166548,0.2185858585858585,ESTIMABLE,ESTIMABLE,ESTIMABLE,0.1026400979457637,True
baitbuster:youtube_human,ebm,137,10000,0.5644,0.2,2000,0.9945,0.3524096385542168,1.7620481927710845,0.4298989898989899,ESTIMABLE,ESTIMABLE,ESTIMABLE,0.1026400979457637,False
baitbuster:youtube_human,ebm,2718,10000,0.5644,0.05,500,1.0,0.0885896527285613,1.771793054571226,0.0936238902340597,ESTIMABLE,ESTIMABLE,ESTIMABLE,0.102770991688895,False
baitbuster:youtube_human,ebm,2718,10000,0.5644,0.1,1000,0.999,0.1770021261516655,1.7700212615166548,0.2187247780468119,ESTIMABLE,ESTIMABLE,ESTIMABLE,0.102770991688895,True
baitbuster:youtube_human,ebm,2718,10000,0.5644,0.2,2000,0.9945,0.3524096385542168,1.7620481927710845,0.4285714285714285,ESTIMABLE,ESTIMABLE,ESTIMABLE,0.102770991688895,False
baitbuster:youtube_human,ebm,31415,10000,0.5644,0.05,500,1.0,0.0885896527285613,1.771793054571226,0.0961616161616161,ESTIMABLE,ESTIMABLE,ESTIMABLE,0.1026693044180138,False
baitbuster:youtube_human,ebm,31415,10000,0.5644,0.1,1000,0.999,0.1770021261516655,1.7700212615166548,0.2197979797979798,ESTIMABLE,ESTIMABLE,ESTIMABLE,0.1026693044180138,True
baitbuster:youtube_human,ebm,31415,10000,0.5644,0.2,2000,0.9945,0.3524096385542168,1.7620481927710845,0.4274747474747474,ESTIMABLE,ESTIMABLE,ESTIMABLE,0.1026693044180138,False
baitbuster:youtube_human,ebm,65537,10000,0.5644,0.05,500,1.0,0.0885896527285613,1.771793054571226,0.0953535353535353,ESTIMABLE,ESTIMABLE,ESTIMABLE,0.1027963025104841,False
baitbuster:youtube_human,ebm,65537,10000,0.5644,0.1,1000,0.999,0.1770021261516655,1.7700212615166548,0.2177777777777777,ESTIMABLE,ESTIMABLE,ESTIMABLE,0.1027963025104841,True
baitbuster:youtube_human,ebm,65537,10000,0.5644,0.2,2000,0.9945,0.3524096385542168,1.7620481927710845,0.4278787878787878,ESTIMABLE,ESTIMABLE,ESTIMABLE,0.1027963025104841,False
baitbuster:youtube_human,tfidf_lr,42,10000,0.5644,0.05,500,0.996,0.088235294117647,1.7647058823529411,0.0732323232323232,ESTIMABLE,ESTIMABLE,ESTIMABLE,0.2433357038535865,False
baitbuster:youtube_human,tfidf_lr,42,10000,0.5644,0.1,1000,0.989,0.1752303330970942,1.7523033309709426,0.1442199775533109,ESTIMABLE,ESTIMABLE,ESTIMABLE,0.2433357038535865,True
baitbuster:youtube_human,tfidf_lr,42,10000,0.5644,0.2,2000,0.97,0.3437278525868179,1.7186392629340892,0.2884399551066218,ESTIMABLE,ESTIMABLE,ESTIMABLE,0.2433357038535865,False
baitbuster:youtube_human,tfidf_lr,137,10000,0.5644,0.05,500,0.996,0.088235294117647,1.7647058823529411,0.0732323232323232,ESTIMABLE,ESTIMABLE,ESTIMABLE,0.2433357038535865,False
baitbuster:youtube_human,tfidf_lr,137,10000,0.5644,0.1,1000,0.989,0.1752303330970942,1.7523033309709426,0.1442199775533109,ESTIMABLE,ESTIMABLE,ESTIMABLE,0.2433357038535865,True
baitbuster:youtube_human,tfidf_lr,137,10000,0.5644,0.2,2000,0.97,0.3437278525868179,1.7186392629340892,0.2884399551066218,ESTIMABLE,ESTIMABLE,ESTIMABLE,0.2433357038535865,False
baitbuster:youtube_human,tfidf_lr,2718,10000,0.5644,0.05,500,0.996,0.088235294117647,1.7647058823529411,0.0732323232323232,ESTIMABLE,ESTIMABLE,ESTIMABLE,0.2433357038535865,False
baitbuster:youtube_human,tfidf_lr,2718,10000,0.5644,0.1,1000,0.989,0.1752303330970942,1.7523033309709426,0.1442199775533109,ESTIMABLE,ESTIMABLE,ESTIMABLE,0.2433357038535865,True
baitbuster:youtube_human,tfidf_lr,2718,10000,0.5644,0.2,2000,0.97,0.3437278525868179,1.7186392629340892,0.2884399551066218,ESTIMABLE,ESTIMABLE,ESTIMABLE,0.2433357038535865,False
baitbuster:youtube_human,tfidf_lr,31415,10000,0.5644,0.05,500,0.996,0.088235294117647,1.7647058823529411,0.0732323232323232,ESTIMABLE,ESTIMABLE,ESTIMABLE,0.2433357038535865,False
baitbuster:youtube_human,tfidf_lr,31415,10000,0.5644,0.1,1000,0.989,0.1752303330970942,1.7523033309709426,0.1442199775533109,ESTIMABLE,ESTIMABLE,ESTIMABLE,0.2433357038535865,True
baitbuster:youtube_human,tfidf_lr,31415,10000,0.5644,0.2,2000,0.97,0.3437278525868179,1.7186392629340892,0.2884399551066218,ESTIMABLE,ESTIMABLE,ESTIMABLE,0.2433357038535865,False
baitbuster:youtube_human,tfidf_lr,65537,10000,0.5644,0.05,500,0.996,0.088235294117647,1.7647058823529411,0.0732323232323232,ESTIMABLE,ESTIMABLE,ESTIMABLE,0.2433357038535865,False
baitbuster:youtube_human,tfidf_lr,65537,10000,0.5644,0.1,1000,0.989,0.1752303330970942,1.7523033309709426,0.1442199775533109,ESTIMABLE,ESTIMABLE,ESTIMABLE,0.2433357038535865,True
baitbuster:youtube_human,tfidf_lr,65537,10000,0.5644,0.2,2000,0.97,0.3437278525868179,1.7186392629340892,0.2884399551066218,ESTIMABLE,ESTIMABLE,ESTIMABLE,0.2433357038535865,False
baitbuster:youtube_human,xlmr,42,10000,0.5644,0.05,500,0.994,0.0880581148121899,1.7611622962437987,0.0883627875958652,ESTIMABLE,ESTIMABLE,ESTIMABLE,0.2015149819086602,False
baitbuster:youtube_human,xlmr,42,10000,0.5644,0.1,1000,0.995,0.176293408929837,1.7629340892983698,0.1550516838946315,ESTIMABLE,ESTIMABLE,ESTIMABLE,0.2015149819086602,True
baitbuster:youtube_human,xlmr,42,10000,0.5644,0.2,2000,0.9835,0.3485116938341602,1.742558469170801,0.272757585861954,ESTIMABLE,ESTIMABLE,ESTIMABLE,0.2015149819086602,False
baitbuster:youtube_human,xlmr,137,10000,0.5644,0.05,500,0.996,0.088235294117647,1.7647058823529411,0.0852981969486823,ESTIMABLE,ESTIMABLE,ESTIMABLE,0.172575015477334,False
baitbuster:youtube_human,xlmr,137,10000,0.5644,0.1,1000,0.992,0.1757618710134656,1.7576187101346563,0.1667822468793342,ESTIMABLE,ESTIMABLE,ESTIMABLE,0.172575015477334,True
baitbuster:youtube_human,xlmr,137,10000,0.5644,0.2,2000,0.979,0.346917080085046,1.7345854004252304,0.3214285714285714,ESTIMABLE,ESTIMABLE,ESTIMABLE,0.172575015477334,False
baitbuster:youtube_human,xlmr,2718,10000,0.5644,0.05,500,0.998,0.0884124734231041,1.7682494684620835,0.0899042004421518,ESTIMABLE,ESTIMABLE,ESTIMABLE,0.1531832800738419,False
baitbuster:youtube_human,xlmr,2718,10000,0.5644,0.1,1000,0.998,0.1768249468462083,1.7682494684620835,0.1705969049373618,ESTIMABLE,ESTIMABLE,ESTIMABLE,0.1531832800738419,True
baitbuster:youtube_human,xlmr,2718,10000,0.5644,0.2,2000,0.987,0.34975194897236,1.7487597448618002,0.3131908621960206,ESTIMABLE,ESTIMABLE,ESTIMABLE,0.1531832800738419,False
baitbuster:youtube_human,xlmr,31415,10000,0.5644,0.05,500,0.994,0.0880581148121899,1.7611622962437987,0.0776357827476038,ESTIMABLE,ESTIMABLE,ESTIMABLE,0.183904385904341,False
baitbuster:youtube_human,xlmr,31415,10000,0.5644,0.1,1000,0.988,0.1750531537916371,1.7505315379163713,0.1511182108626198,ESTIMABLE,ESTIMABLE,ESTIMABLE,0.183904385904341,True
baitbuster:youtube_human,xlmr,31415,10000,0.5644,0.2,2000,0.9695,0.3435506732813607,1.7177533664068037,0.3003194888178914,ESTIMABLE,ESTIMABLE,ESTIMABLE,0.183904385904341,False
baitbuster:youtube_human,xlmr,65537,10000,0.5644,0.05,500,1.0,0.0885896527285613,1.771793054571226,0.086133642332947,ESTIMABLE,ESTIMABLE,ESTIMABLE,0.1170229738070058,False
baitbuster:youtube_human,xlmr,65537,10000,0.5644,0.1,1000,0.995,0.176293408929837,1.7629340892983698,0.1745847817690227,ESTIMABLE,ESTIMABLE,ESTIMABLE,0.1170229738070058,True
baitbuster:youtube_human,xlmr,65537,10000,0.5644,0.2,2000,0.987,0.34975194897236,1.7487597448618002,0.350714561606798,ESTIMABLE,ESTIMABLE,ESTIMABLE,0.1170229738070058,False
banglaclick:facebook,banglabert,42,1961,0.6389597144314125,0.05,99,0.9393939393939394,0.0742218675179569,1.4701927495223586,0.049234135667396,ESTIMABLE,ESTIMABLE,ESTIMABLE,0.5068917385342114,False
banglaclick:facebook,banglabert,42,1961,0.6389597144314125,0.1,197,0.9187817258883249,0.1444533120510774,1.437933730620116,0.0886214442013129,ESTIMABLE,ESTIMABLE,ESTIMABLE,0.5068917385342114,True
banglaclick:facebook,banglabert,42,1961,0.6389597144314125,0.2,393,0.8498727735368957,0.266560255387071,1.3300881954555883,0.1925601750547046,ESTIMABLE,ESTIMABLE,ESTIMABLE,0.5068917385342114,False
banglaclick:facebook,banglabert,137,1961,0.6389597144314125,0.05,99,0.9494949494949496,0.0750199521149241,1.486001273710771,0.0522803114571746,ESTIMABLE,ESTIMABLE,ESTIMABLE,0.4871168078282979,False
banglaclick:facebook,banglabert,137,1961,0.6389597144314125,0.1,197,0.9238578680203046,0.1452513966480447,1.4458781158721608,0.1045606229143492,ESTIMABLE,ESTIMABLE,ESTIMABLE,0.4871168078282979,True
banglaclick:facebook,banglabert,137,1961,0.6389597144314125,0.2,393,0.8549618320610687,0.2681564245810056,1.3380527954283763,0.2068965517241379,ESTIMABLE,ESTIMABLE,ESTIMABLE,0.4871168078282979,False
banglaclick:facebook,banglabert,2718,1961,0.6389597144314125,0.05,99,0.9696969696969696,0.0766161213088587,1.5176183220875958,0.0507399577167019,ESTIMABLE,ESTIMABLE,ESTIMABLE,0.5200743776762341,False
banglaclick:facebook,banglabert,2718,1961,0.6389597144314125,0.1,197,0.9238578680203046,0.1452513966480447,1.4458781158721608,0.1078224101479915,ESTIMABLE,ESTIMABLE,ESTIMABLE,0.5200743776762341,True
banglaclick:facebook,banglabert,2718,1961,0.6389597144314125,0.2,393,0.8422391857506362,0.2641660015961692,1.318141295496407,0.1923890063424947,ESTIMABLE,ESTIMABLE,ESTIMABLE,0.5200743776762341,False
banglaclick:facebook,banglabert,31415,1961,0.6389597144314125,0.05,99,0.9292929292929292,0.0734237829209896,1.454384225333946,0.0577777777777777,ESTIMABLE,ESTIMABLE,ESTIMABLE,0.4829635072799516,False
banglaclick:facebook,banglabert,31415,1961,0.6389597144314125,0.1,197,0.9238578680203046,0.1452513966480447,1.4458781158721608,0.11,ESTIMABLE,ESTIMABLE,ESTIMABLE,0.4829635072799516,True
banglaclick:facebook,banglabert,31415,1961,0.6389597144314125,0.2,393,0.8575063613231552,0.2689545091779728,1.3420350954147704,0.2255555555555555,ESTIMABLE,ESTIMABLE,ESTIMABLE,0.4829635072799516,False
banglaclick:facebook,banglabert,65537,1961,0.6389597144314125,0.05,99,0.9797979797979798,0.077414205905826,1.5334268462760083,0.0521541950113378,ESTIMABLE,ESTIMABLE,ESTIMABLE,0.482587249320723,False
banglaclick:facebook,banglabert,65537,1961,0.6389597144314125,0.1,197,0.934010152284264,0.1468475658419792,1.4617668863762503,0.1065759637188208,ESTIMABLE,ESTIMABLE,ESTIMABLE,0.482587249320723,True
banglaclick:facebook,banglabert,65537,1961,0.6389597144314125,0.2,393,0.8422391857506362,0.2641660015961692,1.318141295496407,0.2154195011337868,ESTIMABLE,ESTIMABLE,ESTIMABLE,0.482587249320723,False
banglaclick:facebook,ebm,42,1961,0.6389597144314125,0.05,99,0.3333333333333333,0.0263367916999201,0.521681298217611,0.0424403183023872,ESTIMABLE,ESTIMABLE,ESTIMABLE,0.5962100862541686,False
banglaclick:facebook,ebm,42,1961,0.6389597144314125,0.1,197,0.4467005076142132,0.0702314445331205,0.6991059021799458,0.0822281167108753,ESTIMABLE,ESTIMABLE,ESTIMABLE,0.5962100862541686,True
banglaclick:facebook,ebm,42,1961,0.6389597144314125,0.2,393,0.5368956743002544,0.1683958499600957,0.8402652971291292,0.1812555260831123,ESTIMABLE,ESTIMABLE,ESTIMABLE,0.5962100862541686,False
banglaclick:facebook,ebm,137,1961,0.6389597144314125,0.05,99,0.3333333333333333,0.0263367916999201,0.521681298217611,0.0424403183023872,ESTIMABLE,ESTIMABLE,ESTIMABLE,0.5963322694386068,False
banglaclick:facebook,ebm,137,1961,0.6389597144314125,0.1,197,0.4467005076142132,0.0702314445331205,0.6991059021799458,0.0813439434129089,ESTIMABLE,ESTIMABLE,ESTIMABLE,0.5963322694386068,True
banglaclick:facebook,ebm,137,1961,0.6389597144314125,0.2,393,0.539440203562341,0.169193934557063,0.8442475971155233,0.1821396993810786,ESTIMABLE,ESTIMABLE,ESTIMABLE,0.5963322694386068,False
banglaclick:facebook,ebm,2718,1961,0.6389597144314125,0.05,99,0.3333333333333333,0.0263367916999201,0.521681298217611,0.0415929203539823,ESTIMABLE,ESTIMABLE,ESTIMABLE,0.5961528468591294,False
banglaclick:facebook,ebm,2718,1961,0.6389597144314125,0.1,197,0.4467005076142132,0.0702314445331205,0.6991059021799458,0.0814159292035398,ESTIMABLE,ESTIMABLE,ESTIMABLE,0.5961528468591294,True
banglaclick:facebook,ebm,2718,1961,0.6389597144314125,0.2,393,0.539440203562341,0.169193934557063,0.8442475971155233,0.1805309734513274,ESTIMABLE,ESTIMABLE,ESTIMABLE,0.5961528468591294,False
banglaclick:facebook,ebm,31415,1961,0.6389597144314125,0.05,99,0.3333333333333333,0.0263367916999201,0.521681298217611,0.0424403183023872,ESTIMABLE,ESTIMABLE,ESTIMABLE,0.5960989504841663,False
banglaclick:facebook,ebm,31415,1961,0.6389597144314125,0.1,197,0.4467005076142132,0.0702314445331205,0.6991059021799458,0.0822281167108753,ESTIMABLE,ESTIMABLE,ESTIMABLE,0.5960989504841663,True
banglaclick:facebook,ebm,31415,1961,0.6389597144314125,0.2,393,0.539440203562341,0.169193934557063,0.8442475971155233,0.1839080459770115,ESTIMABLE,ESTIMABLE,ESTIMABLE,0.5960989504841663,False
banglaclick:facebook,ebm,65537,1961,0.6389597144314125,0.05,99,0.3333333333333333,0.0263367916999201,0.521681298217611,0.0424403183023872,ESTIMABLE,ESTIMABLE,ESTIMABLE,0.5958481312218096,False
banglaclick:facebook,ebm,65537,1961,0.6389597144314125,0.1,197,0.4467005076142132,0.0702314445331205,0.6991059021799458,0.0822281167108753,ESTIMABLE,ESTIMABLE,ESTIMABLE,0.5958481312218096,True
banglaclick:facebook,ebm,65537,1961,0.6389597144314125,0.2,393,0.539440203562341,0.169193934557063,0.8442475971155233,0.1821396993810786,ESTIMABLE,ESTIMABLE,ESTIMABLE,0.5958481312218096,False
banglaclick:facebook,tfidf_lr,42,1961,0.6389597144314125,0.05,99,0.7373737373737373,0.0582601755786113,1.1540222657541093,0.0356188780053428,ESTIMABLE,ESTIMABLE,ESTIMABLE,0.567897049524521,False
banglaclick:facebook,tfidf_lr,42,1961,0.6389597144314125,0.1,197,0.7106598984771574,0.1117318435754189,1.1122139352862774,0.0872662511130899,ESTIMABLE,ESTIMABLE,ESTIMABLE,0.567897049524521,True
banglaclick:facebook,tfidf_lr,42,1961,0.6389597144314125,0.2,393,0.72264631043257,0.2266560255387071,1.1309731961358898,0.1896705253784505,ESTIMABLE,ESTIMABLE,ESTIMABLE,0.567897049524521,False
banglaclick:facebook,tfidf_lr,137,1961,0.6389597144314125,0.05,99,0.7373737373737373,0.0582601755786113,1.1540222657541093,0.0356188780053428,ESTIMABLE,ESTIMABLE,ESTIMABLE,0.567897049524521,False
banglaclick:facebook,tfidf_lr,137,1961,0.6389597144314125,0.1,197,0.7106598984771574,0.1117318435754189,1.1122139352862774,0.0872662511130899,ESTIMABLE,ESTIMABLE,ESTIMABLE,0.567897049524521,True
banglaclick:facebook,tfidf_lr,137,1961,0.6389597144314125,0.2,393,0.72264631043257,0.2266560255387071,1.1309731961358898,0.1896705253784505,ESTIMABLE,ESTIMABLE,ESTIMABLE,0.567897049524521,False
banglaclick:facebook,tfidf_lr,2718,1961,0.6389597144314125,0.05,99,0.7373737373737373,0.0582601755786113,1.1540222657541093,0.0356188780053428,ESTIMABLE,ESTIMABLE,ESTIMABLE,0.567897049524521,False
banglaclick:facebook,tfidf_lr,2718,1961,0.6389597144314125,0.1,197,0.7106598984771574,0.1117318435754189,1.1122139352862774,0.0872662511130899,ESTIMABLE,ESTIMABLE,ESTIMABLE,0.567897049524521,True
banglaclick:facebook,tfidf_lr,2718,1961,0.6389597144314125,0.2,393,0.72264631043257,0.2266560255387071,1.1309731961358898,0.1896705253784505,ESTIMABLE,ESTIMABLE,ESTIMABLE,0.567897049524521,False
banglaclick:facebook,tfidf_lr,31415,1961,0.6389597144314125,0.05,99,0.7373737373737373,0.0582601755786113,1.1540222657541093,0.0356188780053428,ESTIMABLE,ESTIMABLE,ESTIMABLE,0.567897049524521,False
banglaclick:facebook,tfidf_lr,31415,1961,0.6389597144314125,0.1,197,0.7106598984771574,0.1117318435754189,1.1122139352862774,0.0872662511130899,ESTIMABLE,ESTIMABLE,ESTIMABLE,0.567897049524521,True
banglaclick:facebook,tfidf_lr,31415,1961,0.6389597144314125,0.2,393,0.72264631043257,0.2266560255387071,1.1309731961358898,0.1896705253784505,ESTIMABLE,ESTIMABLE,ESTIMABLE,0.567897049524521,False
banglaclick:facebook,tfidf_lr,65537,1961,0.6389597144314125,0.05,99,0.7373737373737373,0.0582601755786113,1.1540222657541093,0.0356188780053428,ESTIMABLE,ESTIMABLE,ESTIMABLE,0.567897049524521,False
banglaclick:facebook,tfidf_lr,65537,1961,0.6389597144314125,0.1,197,0.7106598984771574,0.1117318435754189,1.1122139352862774,0.0872662511130899,ESTIMABLE,ESTIMABLE,ESTIMABLE,0.567897049524521,True
banglaclick:facebook,tfidf_lr,65537,1961,0.6389597144314125,0.2,393,0.72264631043257,0.2266560255387071,1.1309731961358898,0.1896705253784505,ESTIMABLE,ESTIMABLE,ESTIMABLE,0.567897049524521,False
banglaclick:facebook,xlmr,42,1961,0.6389597144314125,0.05,99,0.9595959595959596,0.0758180367118914,1.5018097978991831,0.0557894736842105,ESTIMABLE,ESTIMABLE,ESTIMABLE,0.4873136509752956,False
banglaclick:facebook,xlmr,42,1961,0.6389597144314125,0.1,197,0.9086294416243654,0.1428571428571428,1.422044960116026,0.0978947368421052,ESTIMABLE,ESTIMABLE,ESTIMABLE,0.4873136509752956,True
banglaclick:facebook,xlmr,42,1961,0.6389597144314125,0.2,393,0.8142493638676844,0.2553870710295291,1.2743359956460727,0.1957894736842105,ESTIMABLE,ESTIMABLE,ESTIMABLE,0.4873136509752956,False
banglaclick:facebook,xlmr,137,1961,0.6389597144314125,0.05,99,0.98989898989899,0.0782122905027933,1.5492353704644208,0.0485961123110151,ESTIMABLE,ESTIMABLE,ESTIMABLE,0.4754216564469453,False
banglaclick:facebook,xlmr,137,1961,0.6389597144314125,0.1,197,0.9086294416243654,0.1428571428571428,1.422044960116026,0.1025917926565874,ESTIMABLE,ESTIMABLE,ESTIMABLE,0.4754216564469453,True
banglaclick:facebook,xlmr,137,1961,0.6389597144314125,0.2,393,0.8778625954198473,0.2753391859537111,1.3738934953059223,0.1997840172786177,ESTIMABLE,ESTIMABLE,ESTIMABLE,0.4754216564469453,False
banglaclick:facebook,xlmr,2718,1961,0.6389597144314125,0.05,99,0.9292929292929292,0.0734237829209896,1.454384225333946,0.068678459937565,ESTIMABLE,ESTIMABLE,ESTIMABLE,0.4786342297781219,False
banglaclick:facebook,xlmr,2718,1961,0.6389597144314125,0.1,197,0.9035532994923858,0.1420590582601756,1.4141005748639814,0.1331945889698231,ESTIMABLE,ESTIMABLE,ESTIMABLE,0.4786342297781219,True
banglaclick:facebook,xlmr,2718,1961,0.6389597144314125,0.2,393,0.821882951653944,0.257781324820431,1.2862828956052548,0.2268470343392299,ESTIMABLE,ESTIMABLE,ESTIMABLE,0.4786342297781219,False
banglaclick:facebook,xlmr,31415,1961,0.6389597144314125,0.05,99,0.9292929292929292,0.0734237829209896,1.454384225333946,0.0515247108307045,ESTIMABLE,ESTIMABLE,ESTIMABLE,0.4846778520731407,False
banglaclick:facebook,xlmr,31415,1961,0.6389597144314125,0.1,197,0.9086294416243654,0.1428571428571428,1.422044960116026,0.1062039957939011,ESTIMABLE,ESTIMABLE,ESTIMABLE,0.4846778520731407,True
banglaclick:facebook,xlmr,31415,1961,0.6389597144314125,0.2,393,0.8371501272264631,0.2625698324022346,1.3101766955236187,0.2082018927444795,ESTIMABLE,ESTIMABLE,ESTIMABLE,0.4846778520731407,False
banglaclick:facebook,xlmr,65537,1961,0.6389597144314125,0.05,99,0.9090909090909092,0.071827613727055,1.422767176957121,0.0468920392584514,ESTIMABLE,ESTIMABLE,ESTIMABLE,0.4689111576345669,False
banglaclick:facebook,xlmr,65537,1961,0.6389597144314125,0.1,197,0.8527918781725888,0.1340782122905028,1.3346567223435328,0.1003271537622682,ESTIMABLE,ESTIMABLE,ESTIMABLE,0.4689111576345669,True
banglaclick:facebook,xlmr,65537,1961,0.6389597144314125,0.2,393,0.8269720101781171,0.2593774940143655,1.2942474955780428,0.208287895310796,ESTIMABLE,ESTIMABLE,ESTIMABLE,0.4689111576345669,False
banglaclick:news,banglabert,42,1500,0.7833333333333333,0.05,75,1.0,0.0638297872340425,1.2765957446808511,0.0474406991260923,ESTIMABLE,ESTIMABLE,ESTIMABLE,0.5880951958701706,False
banglaclick:news,banglabert,42,1500,0.7833333333333333,0.1,150,0.9733333333333334,0.1242553191489361,1.2425531914893615,0.0811485642946317,ESTIMABLE,ESTIMABLE,ESTIMABLE,0.5880951958701706,True
banglaclick:news,banglabert,42,1500,0.7833333333333333,0.2,300,0.96,0.2451063829787234,1.225531914893617,0.1610486891385767,ESTIMABLE,ESTIMABLE,ESTIMABLE,0.5880951958701706,False
banglaclick:news,banglabert,137,1500,0.7833333333333333,0.05,75,0.9866666666666668,0.0629787234042553,1.2595744680851064,0.0504201680672268,ESTIMABLE,ESTIMABLE,ESTIMABLE,0.5889149627798193,False
banglaclick:news,banglabert,137,1500,0.7833333333333333,0.1,150,0.9666666666666668,0.1234042553191489,1.2340425531914894,0.0900360144057623,ESTIMABLE,ESTIMABLE,ESTIMABLE,0.5889149627798193,True
banglaclick:news,banglabert,137,1500,0.7833333333333333,0.2,300,0.9533333333333334,0.2434042553191489,1.2170212765957449,0.1776710684273709,ESTIMABLE,ESTIMABLE,ESTIMABLE,0.5889149627798193,False
banglaclick:news,banglabert,2718,1500,0.7833333333333333,0.05,75,0.9866666666666668,0.0629787234042553,1.2595744680851064,0.0490196078431372,ESTIMABLE,ESTIMABLE,ESTIMABLE,0.597254983854539,False
banglaclick:news,banglabert,2718,1500,0.7833333333333333,0.1,150,0.98,0.1251063829787234,1.251063829787234,0.0906862745098039,ESTIMABLE,ESTIMABLE,ESTIMABLE,0.597254983854539,True
banglaclick:news,banglabert,2718,1500,0.7833333333333333,0.2,300,0.9666666666666668,0.2468085106382978,1.2340425531914894,0.1519607843137254,ESTIMABLE,ESTIMABLE,ESTIMABLE,0.597254983854539,False
banglaclick:news,banglabert,31415,1500,0.7833333333333333,0.05,75,1.0,0.0638297872340425,1.2765957446808511,0.0509316770186335,ESTIMABLE,ESTIMABLE,ESTIMABLE,0.5799975678495342,False
banglaclick:news,banglabert,31415,1500,0.7833333333333333,0.1,150,0.98,0.1251063829787234,1.251063829787234,0.0944099378881987,ESTIMABLE,ESTIMABLE,ESTIMABLE,0.5799975678495342,True
banglaclick:news,banglabert,31415,1500,0.7833333333333333,0.2,300,0.96,0.2451063829787234,1.225531914893617,0.1788819875776397,ESTIMABLE,ESTIMABLE,ESTIMABLE,0.5799975678495342,False
banglaclick:news,banglabert,65537,1500,0.7833333333333333,0.05,75,1.0,0.0638297872340425,1.2765957446808511,0.053012048192771,ESTIMABLE,ESTIMABLE,ESTIMABLE,0.5997065619037399,False
banglaclick:news,banglabert,65537,1500,0.7833333333333333,0.1,150,0.9733333333333334,0.1242553191489361,1.2425531914893615,0.0927710843373494,ESTIMABLE,ESTIMABLE,ESTIMABLE,0.5997065619037399,True
banglaclick:news,banglabert,65537,1500,0.7833333333333333,0.2,300,0.9466666666666668,0.2417021276595744,1.2085106382978723,0.1795180722891566,ESTIMABLE,ESTIMABLE,ESTIMABLE,0.5997065619037399,False
banglaclick:news,ebm,42,1500,0.7833333333333333,0.05,75,0.96,0.0612765957446808,1.225531914893617,0.0417972831765935,ESTIMABLE,ESTIMABLE,ESTIMABLE,0.557148255532055,False
banglaclick:news,ebm,42,1500,0.7833333333333333,0.1,150,0.9533333333333334,0.1217021276595744,1.2170212765957449,0.0940438871473354,ESTIMABLE,ESTIMABLE,ESTIMABLE,0.557148255532055,True
banglaclick:news,ebm,42,1500,0.7833333333333333,0.2,300,0.9266666666666666,0.236595744680851,1.1829787234042553,0.1985370950888192,ESTIMABLE,ESTIMABLE,ESTIMABLE,0.557148255532055,False
banglaclick:news,ebm,137,1500,0.7833333333333333,0.05,75,0.96,0.0612765957446808,1.225531914893617,0.0407949790794979,ESTIMABLE,ESTIMABLE,ESTIMABLE,0.5571144130072924,False
banglaclick:news,ebm,137,1500,0.7833333333333333,0.1,150,0.9533333333333334,0.1217021276595744,1.2170212765957449,0.0930962343096234,ESTIMABLE,ESTIMABLE,ESTIMABLE,0.5571144130072924,True
banglaclick:news,ebm,137,1500,0.7833333333333333,0.2,300,0.9266666666666666,0.236595744680851,1.1829787234042553,0.1966527196652719,ESTIMABLE,ESTIMABLE,ESTIMABLE,0.5571144130072924,False
banglaclick:news,ebm,2718,1500,0.7833333333333333,0.05,75,0.96,0.0612765957446808,1.225531914893617,0.0417972831765935,ESTIMABLE,ESTIMABLE,ESTIMABLE,0.5571176628551188,False
banglaclick:news,ebm,2718,1500,0.7833333333333333,0.1,150,0.9466666666666668,0.1208510638297872,1.2085106382978723,0.0950888192267502,ESTIMABLE,ESTIMABLE,ESTIMABLE,0.5571176628551188,True
banglaclick:news,ebm,2718,1500,0.7833333333333333,0.2,300,0.9266666666666666,0.236595744680851,1.1829787234042553,0.1985370950888192,ESTIMABLE,ESTIMABLE,ESTIMABLE,0.5571176628551188,False
banglaclick:news,ebm,31415,1500,0.7833333333333333,0.05,75,0.96,0.0612765957446808,1.225531914893617,0.0417972831765935,ESTIMABLE,ESTIMABLE,ESTIMABLE,0.557015492197831,False
banglaclick:news,ebm,31415,1500,0.7833333333333333,0.1,150,0.9533333333333334,0.1217021276595744,1.2170212765957449,0.0950888192267502,ESTIMABLE,ESTIMABLE,ESTIMABLE,0.557015492197831,True
banglaclick:news,ebm,31415,1500,0.7833333333333333,0.2,300,0.9266666666666666,0.236595744680851,1.1829787234042553,0.1985370950888192,ESTIMABLE,ESTIMABLE,ESTIMABLE,0.557015492197831,False
banglaclick:news,ebm,65537,1500,0.7833333333333333,0.05,75,0.96,0.0612765957446808,1.225531914893617,0.0417972831765935,ESTIMABLE,ESTIMABLE,ESTIMABLE,0.5569926209832216,False
banglaclick:news,ebm,65537,1500,0.7833333333333333,0.1,150,0.9466666666666668,0.1208510638297872,1.2085106382978723,0.0950888192267502,ESTIMABLE,ESTIMABLE,ESTIMABLE,0.5569926209832216,True
banglaclick:news,ebm,65537,1500,0.7833333333333333,0.2,300,0.9266666666666666,0.236595744680851,1.1829787234042553,0.1974921630094044,ESTIMABLE,ESTIMABLE,ESTIMABLE,0.5569926209832216,False
banglaclick:news,tfidf_lr,42,1500,0.7833333333333333,0.05,75,0.96,0.0612765957446808,1.225531914893617,0.0462232243517474,ESTIMABLE,ESTIMABLE,ESTIMABLE,0.5842128834254555,False
banglaclick:news,tfidf_lr,42,1500,0.7833333333333333,0.1,150,0.9666666666666668,0.1234042553191489,1.2340425531914894,0.0845546786922209,ESTIMABLE,ESTIMABLE,ESTIMABLE,0.5842128834254555,True
banglaclick:news,tfidf_lr,42,1500,0.7833333333333333,0.2,300,0.95,0.2425531914893617,1.2127659574468084,0.1679819616685456,ESTIMABLE,ESTIMABLE,ESTIMABLE,0.5842128834254555,False
banglaclick:news,tfidf_lr,137,1500,0.7833333333333333,0.05,75,0.96,0.0612765957446808,1.225531914893617,0.0462232243517474,ESTIMABLE,ESTIMABLE,ESTIMABLE,0.5842128834254555,False
banglaclick:news,tfidf_lr,137,1500,0.7833333333333333,0.1,150,0.9666666666666668,0.1234042553191489,1.2340425531914894,0.0845546786922209,ESTIMABLE,ESTIMABLE,ESTIMABLE,0.5842128834254555,True
banglaclick:news,tfidf_lr,137,1500,0.7833333333333333,0.2,300,0.95,0.2425531914893617,1.2127659574468084,0.1679819616685456,ESTIMABLE,ESTIMABLE,ESTIMABLE,0.5842128834254555,False
banglaclick:news,tfidf_lr,2718,1500,0.7833333333333333,0.05,75,0.96,0.0612765957446808,1.225531914893617,0.0462232243517474,ESTIMABLE,ESTIMABLE,ESTIMABLE,0.5842128834254555,False
banglaclick:news,tfidf_lr,2718,1500,0.7833333333333333,0.1,150,0.9666666666666668,0.1234042553191489,1.2340425531914894,0.0845546786922209,ESTIMABLE,ESTIMABLE,ESTIMABLE,0.5842128834254555,True
banglaclick:news,tfidf_lr,2718,1500,0.7833333333333333,0.2,300,0.95,0.2425531914893617,1.2127659574468084,0.1679819616685456,ESTIMABLE,ESTIMABLE,ESTIMABLE,0.5842128834254555,False
banglaclick:news,tfidf_lr,31415,1500,0.7833333333333333,0.05,75,0.96,0.0612765957446808,1.225531914893617,0.0462232243517474,ESTIMABLE,ESTIMABLE,ESTIMABLE,0.5842128834254555,False
banglaclick:news,tfidf_lr,31415,1500,0.7833333333333333,0.1,150,0.9666666666666668,0.1234042553191489,1.2340425531914894,0.0845546786922209,ESTIMABLE,ESTIMABLE,ESTIMABLE,0.5842128834254555,True
banglaclick:news,tfidf_lr,31415,1500,0.7833333333333333,0.2,300,0.95,0.2425531914893617,1.2127659574468084,0.1679819616685456,ESTIMABLE,ESTIMABLE,ESTIMABLE,0.5842128834254555,False
banglaclick:news,tfidf_lr,65537,1500,0.7833333333333333,0.05,75,0.96,0.0612765957446808,1.225531914893617,0.0462232243517474,ESTIMABLE,ESTIMABLE,ESTIMABLE,0.5842128834254555,False
banglaclick:news,tfidf_lr,65537,1500,0.7833333333333333,0.1,150,0.9666666666666668,0.1234042553191489,1.2340425531914894,0.0845546786922209,ESTIMABLE,ESTIMABLE,ESTIMABLE,0.5842128834254555,True
banglaclick:news,tfidf_lr,65537,1500,0.7833333333333333,0.2,300,0.95,0.2425531914893617,1.2127659574468084,0.1679819616685456,ESTIMABLE,ESTIMABLE,ESTIMABLE,0.5842128834254555,False
banglaclick:news,xlmr,42,1500,0.7833333333333333,0.05,75,0.9866666666666668,0.0629787234042553,1.2595744680851064,0.0458937198067632,ESTIMABLE,ESTIMABLE,ESTIMABLE,0.5187343412357376,False
banglaclick:news,xlmr,42,1500,0.7833333333333333,0.1,150,0.98,0.1251063829787234,1.251063829787234,0.1014492753623188,ESTIMABLE,ESTIMABLE,ESTIMABLE,0.5187343412357376,True
banglaclick:news,xlmr,42,1500,0.7833333333333333,0.2,300,0.9666666666666668,0.2468085106382978,1.2340425531914894,0.1859903381642512,ESTIMABLE,ESTIMABLE,ESTIMABLE,0.5187343412357376,False
banglaclick:news,xlmr,137,1500,0.7833333333333333,0.05,75,1.0,0.0638297872340425,1.2765957446808511,0.034610630407911,ESTIMABLE,ESTIMABLE,ESTIMABLE,0.555139763798478,False
banglaclick:news,xlmr,137,1500,0.7833333333333333,0.1,150,0.9866666666666668,0.1259574468085106,1.2595744680851064,0.072929542645241,ESTIMABLE,ESTIMABLE,ESTIMABLE,0.555139763798478,True
banglaclick:news,xlmr,137,1500,0.7833333333333333,0.2,300,0.9633333333333334,0.2459574468085106,1.2297872340425533,0.176761433868974,ESTIMABLE,ESTIMABLE,ESTIMABLE,0.555139763798478,False
banglaclick:news,xlmr,2718,1500,0.7833333333333333,0.05,75,1.0,0.0638297872340425,1.2765957446808511,0.0492610837438423,ESTIMABLE,ESTIMABLE,ESTIMABLE,0.5771675858041101,False
banglaclick:news,xlmr,2718,1500,0.7833333333333333,0.1,150,0.9933333333333332,0.1268085106382978,1.2680851063829788,0.0972906403940886,ESTIMABLE,ESTIMABLE,ESTIMABLE,0.5771675858041101,True
banglaclick:news,xlmr,2718,1500,0.7833333333333333,0.2,300,0.9733333333333334,0.2485106382978723,1.2425531914893615,0.1871921182266009,ESTIMABLE,ESTIMABLE,ESTIMABLE,0.5771675858041101,False
banglaclick:news,xlmr,31415,1500,0.7833333333333333,0.05,75,0.9866666666666668,0.0629787234042553,1.2595744680851064,0.05294825511432,ESTIMABLE,ESTIMABLE,ESTIMABLE,0.5556530067935708,False
banglaclick:news,xlmr,31415,1500,0.7833333333333333,0.1,150,0.9733333333333334,0.1242553191489361,1.2425531914893615,0.0998796630565583,ESTIMABLE,ESTIMABLE,ESTIMABLE,0.5556530067935708,True
banglaclick:news,xlmr,31415,1500,0.7833333333333333,0.2,300,0.97,0.2476595744680851,1.2382978723404254,0.1829121540312876,ESTIMABLE,ESTIMABLE,ESTIMABLE,0.5556530067935708,False
banglaclick:news,xlmr,65537,1500,0.7833333333333333,0.05,75,0.9866666666666668,0.0629787234042553,1.2595744680851064,0.0560975609756097,ESTIMABLE,ESTIMABLE,ESTIMABLE,0.5055093317105188,False
banglaclick:news,xlmr,65537,1500,0.7833333333333333,0.1,150,0.9666666666666668,0.1234042553191489,1.2340425531914894,0.098780487804878,ESTIMABLE,ESTIMABLE,ESTIMABLE,0.5055093317105188,True
banglaclick:news,xlmr,65537,1500,0.7833333333333333,0.2,300,0.96,0.2451063829787234,1.225531914893617,0.1963414634146341,ESTIMABLE,ESTIMABLE,ESTIMABLE,0.5055093317105188,False
banglaclick:twitter,banglabert,42,500,0.722,0.05,25,0.96,0.0664819944598338,1.329639889196676,0.0254545454545454,ESTIMABLE,ESTIMABLE,ESTIMABLE,0.5884937838809219,False
banglaclick:twitter,banglabert,42,500,0.722,0.1,50,0.98,0.1357340720221606,1.3573407202216066,0.069090909090909,ESTIMABLE,ESTIMABLE,ESTIMABLE,0.5884937838809219,True
banglaclick:twitter,banglabert,42,500,0.722,0.2,100,0.92,0.2548476454293629,1.2742382271468145,0.16,ESTIMABLE,ESTIMABLE,ESTIMABLE,0.5884937838809219,False
banglaclick:twitter,banglabert,137,500,0.722,0.05,25,0.96,0.0664819944598338,1.329639889196676,0.0355871886120996,ESTIMABLE,ESTIMABLE,ESTIMABLE,0.6131618775643182,False
banglaclick:twitter,banglabert,137,500,0.722,0.1,50,0.98,0.1357340720221606,1.3573407202216066,0.0889679715302491,ESTIMABLE,ESTIMABLE,ESTIMABLE,0.6131618775643182,True
banglaclick:twitter,banglabert,137,500,0.722,0.2,100,0.93,0.2576177285318559,1.28808864265928,0.1637010676156583,ESTIMABLE,ESTIMABLE,ESTIMABLE,0.6131618775643182,False
banglaclick:twitter,banglabert,2718,500,0.722,0.05,25,0.96,0.0664819944598338,1.329639889196676,0.0424028268551236,ESTIMABLE,ESTIMABLE,ESTIMABLE,0.581008141563271,False
banglaclick:twitter,banglabert,2718,500,0.722,0.1,50,0.96,0.1329639889196676,1.329639889196676,0.0918727915194346,ESTIMABLE,ESTIMABLE,ESTIMABLE,0.581008141563271,True
banglaclick:twitter,banglabert,2718,500,0.722,0.2,100,0.93,0.2576177285318559,1.28808864265928,0.1837455830388692,ESTIMABLE,ESTIMABLE,ESTIMABLE,0.581008141563271,False
banglaclick:twitter,banglabert,31415,500,0.722,0.05,25,1.0,0.0692520775623268,1.3850415512465375,0.032258064516129,ESTIMABLE,ESTIMABLE,ESTIMABLE,0.5493572852471892,False
banglaclick:twitter,banglabert,31415,500,0.722,0.1,50,0.98,0.1357340720221606,1.3573407202216066,0.0927419354838709,ESTIMABLE,ESTIMABLE,ESTIMABLE,0.5493572852471892,True
banglaclick:twitter,banglabert,31415,500,0.722,0.2,100,0.93,0.2576177285318559,1.28808864265928,0.1774193548387097,ESTIMABLE,ESTIMABLE,ESTIMABLE,0.5493572852471892,False
banglaclick:twitter,banglabert,65537,500,0.722,0.05,25,0.96,0.0664819944598338,1.329639889196676,0.0530612244897959,ESTIMABLE,ESTIMABLE,ESTIMABLE,0.5402082275590946,False
banglaclick:twitter,banglabert,65537,500,0.722,0.1,50,0.98,0.1357340720221606,1.3573407202216066,0.0897959183673469,ESTIMABLE,ESTIMABLE,ESTIMABLE,0.5402082275590946,True
banglaclick:twitter,banglabert,65537,500,0.722,0.2,100,0.91,0.2520775623268698,1.2603878116343492,0.1918367346938775,ESTIMABLE,ESTIMABLE,ESTIMABLE,0.5402082275590946,False
banglaclick:twitter,ebm,42,500,0.722,0.05,25,0.96,0.0664819944598338,1.329639889196676,0.0464135021097046,ESTIMABLE,ESTIMABLE,ESTIMABLE,0.4653567180063253,False
banglaclick:twitter,ebm,42,500,0.722,0.1,50,0.94,0.1301939058171745,1.3019390581717452,0.1012658227848101,ESTIMABLE,ESTIMABLE,ESTIMABLE,0.4653567180063253,True
banglaclick:twitter,ebm,42,500,0.722,0.2,100,0.94,0.260387811634349,1.3019390581717452,0.2278481012658227,ESTIMABLE,ESTIMABLE,ESTIMABLE,0.4653567180063253,False
banglaclick:twitter,ebm,137,500,0.722,0.05,25,0.96,0.0664819944598338,1.329639889196676,0.0464135021097046,ESTIMABLE,ESTIMABLE,ESTIMABLE,0.4659545974250753,False
banglaclick:twitter,ebm,137,500,0.722,0.1,50,0.94,0.1301939058171745,1.3019390581717452,0.0970464135021097,ESTIMABLE,ESTIMABLE,ESTIMABLE,0.4659545974250753,True
banglaclick:twitter,ebm,137,500,0.722,0.2,100,0.94,0.260387811634349,1.3019390581717452,0.2236286919831223,ESTIMABLE,ESTIMABLE,ESTIMABLE,0.4659545974250753,False
banglaclick:twitter,ebm,2718,500,0.722,0.05,25,0.96,0.0664819944598338,1.329639889196676,0.0464135021097046,ESTIMABLE,ESTIMABLE,ESTIMABLE,0.4651836740842189,False
banglaclick:twitter,ebm,2718,500,0.722,0.1,50,0.94,0.1301939058171745,1.3019390581717452,0.0970464135021097,ESTIMABLE,ESTIMABLE,ESTIMABLE,0.4651836740842189,True
banglaclick:twitter,ebm,2718,500,0.722,0.2,100,0.94,0.260387811634349,1.3019390581717452,0.2278481012658227,ESTIMABLE,ESTIMABLE,ESTIMABLE,0.4651836740842189,False
banglaclick:twitter,ebm,31415,500,0.722,0.05,25,0.96,0.0664819944598338,1.329639889196676,0.0504201680672268,ESTIMABLE,ESTIMABLE,ESTIMABLE,0.4660241541303332,False
banglaclick:twitter,ebm,31415,500,0.722,0.1,50,0.94,0.1301939058171745,1.3019390581717452,0.1008403361344537,ESTIMABLE,ESTIMABLE,ESTIMABLE,0.4660241541303332,True
banglaclick:twitter,ebm,31415,500,0.722,0.2,100,0.94,0.260387811634349,1.3019390581717452,0.2310924369747899,ESTIMABLE,ESTIMABLE,ESTIMABLE,0.4660241541303332,False
banglaclick:twitter,ebm,65537,500,0.722,0.05,25,0.96,0.0664819944598338,1.329639889196676,0.0504201680672268,ESTIMABLE,ESTIMABLE,ESTIMABLE,0.465438146282645,False
banglaclick:twitter,ebm,65537,500,0.722,0.1,50,0.94,0.1301939058171745,1.3019390581717452,0.1008403361344537,ESTIMABLE,ESTIMABLE,ESTIMABLE,0.465438146282645,True
banglaclick:twitter,ebm,65537,500,0.722,0.2,100,0.94,0.260387811634349,1.3019390581717452,0.226890756302521,ESTIMABLE,ESTIMABLE,ESTIMABLE,0.465438146282645,False
banglaclick:twitter,tfidf_lr,42,500,0.722,0.05,25,0.84,0.0581717451523545,1.1634349030470914,0.0339506172839506,ESTIMABLE,ESTIMABLE,ESTIMABLE,0.6383570934289488,False
banglaclick:twitter,tfidf_lr,42,500,0.722,0.1,50,0.88,0.1218836565096952,1.218836565096953,0.0709876543209876,ESTIMABLE,ESTIMABLE,ESTIMABLE,0.6383570934289488,True
banglaclick:twitter,tfidf_lr,42,500,0.722,0.2,100,0.82,0.2271468144044321,1.1357340720221607,0.1820987654320987,ESTIMABLE,ESTIMABLE,ESTIMABLE,0.6383570934289488,False
banglaclick:twitter,tfidf_lr,137,500,0.722,0.05,25,0.84,0.0581717451523545,1.1634349030470914,0.0339506172839506,ESTIMABLE,ESTIMABLE,ESTIMABLE,0.6383570934289488,False
banglaclick:twitter,tfidf_lr,137,500,0.722,0.1,50,0.88,0.1218836565096952,1.218836565096953,0.0709876543209876,ESTIMABLE,ESTIMABLE,ESTIMABLE,0.6383570934289488,True
banglaclick:twitter,tfidf_lr,137,500,0.722,0.2,100,0.82,0.2271468144044321,1.1357340720221607,0.1820987654320987,ESTIMABLE,ESTIMABLE,ESTIMABLE,0.6383570934289488,False
banglaclick:twitter,tfidf_lr,2718,500,0.722,0.05,25,0.84,0.0581717451523545,1.1634349030470914,0.0339506172839506,ESTIMABLE,ESTIMABLE,ESTIMABLE,0.6383570934289488,False
banglaclick:twitter,tfidf_lr,2718,500,0.722,0.1,50,0.88,0.1218836565096952,1.218836565096953,0.0709876543209876,ESTIMABLE,ESTIMABLE,ESTIMABLE,0.6383570934289488,True
banglaclick:twitter,tfidf_lr,2718,500,0.722,0.2,100,0.82,0.2271468144044321,1.1357340720221607,0.1820987654320987,ESTIMABLE,ESTIMABLE,ESTIMABLE,0.6383570934289488,False
banglaclick:twitter,tfidf_lr,31415,500,0.722,0.05,25,0.84,0.0581717451523545,1.1634349030470914,0.0339506172839506,ESTIMABLE,ESTIMABLE,ESTIMABLE,0.6383570934289488,False
banglaclick:twitter,tfidf_lr,31415,500,0.722,0.1,50,0.88,0.1218836565096952,1.218836565096953,0.0709876543209876,ESTIMABLE,ESTIMABLE,ESTIMABLE,0.6383570934289488,True
banglaclick:twitter,tfidf_lr,31415,500,0.722,0.2,100,0.82,0.2271468144044321,1.1357340720221607,0.1820987654320987,ESTIMABLE,ESTIMABLE,ESTIMABLE,0.6383570934289488,False
banglaclick:twitter,tfidf_lr,65537,500,0.722,0.05,25,0.84,0.0581717451523545,1.1634349030470914,0.0339506172839506,ESTIMABLE,ESTIMABLE,ESTIMABLE,0.6383570934289488,False
banglaclick:twitter,tfidf_lr,65537,500,0.722,0.1,50,0.88,0.1218836565096952,1.218836565096953,0.0709876543209876,ESTIMABLE,ESTIMABLE,ESTIMABLE,0.6383570934289488,True
banglaclick:twitter,tfidf_lr,65537,500,0.722,0.2,100,0.82,0.2271468144044321,1.1357340720221607,0.1820987654320987,ESTIMABLE,ESTIMABLE,ESTIMABLE,0.6383570934289488,False
banglaclick:twitter,xlmr,42,500,0.722,0.05,25,1.0,0.0692520775623268,1.3850415512465375,0.0443686006825938,ESTIMABLE,ESTIMABLE,ESTIMABLE,0.6226632056350977,False
banglaclick:twitter,xlmr,42,500,0.722,0.1,50,0.94,0.1301939058171745,1.3019390581717452,0.0887372013651877,ESTIMABLE,ESTIMABLE,ESTIMABLE,0.6226632056350977,True
banglaclick:twitter,xlmr,42,500,0.722,0.2,100,0.9,0.2493074792243767,1.2465373961218835,0.1706484641638225,ESTIMABLE,ESTIMABLE,ESTIMABLE,0.6226632056350977,False
banglaclick:twitter,xlmr,137,500,0.722,0.05,25,0.96,0.0664819944598338,1.329639889196676,0.0434782608695652,ESTIMABLE,ESTIMABLE,ESTIMABLE,0.6222395413469968,False
banglaclick:twitter,xlmr,137,500,0.722,0.1,50,0.9,0.1246537396121883,1.2465373961218835,0.0903010033444816,ESTIMABLE,ESTIMABLE,ESTIMABLE,0.6222395413469968,True
banglaclick:twitter,xlmr,137,500,0.722,0.2,100,0.91,0.2520775623268698,1.2603878116343492,0.1872909698996655,ESTIMABLE,ESTIMABLE,ESTIMABLE,0.6222395413469968,False
banglaclick:twitter,xlmr,2718,500,0.722,0.05,25,1.0,0.0692520775623268,1.3850415512465375,0.0352112676056338,ESTIMABLE,ESTIMABLE,ESTIMABLE,0.6310973735768509,False
banglaclick:twitter,xlmr,2718,500,0.722,0.1,50,0.96,0.1329639889196676,1.329639889196676,0.0915492957746478,ESTIMABLE,ESTIMABLE,ESTIMABLE,0.6310973735768509,True
banglaclick:twitter,xlmr,2718,500,0.722,0.2,100,0.89,0.2465373961218836,1.2326869806094185,0.1795774647887324,ESTIMABLE,ESTIMABLE,ESTIMABLE,0.6310973735768509,False
banglaclick:twitter,xlmr,31415,500,0.722,0.05,25,0.96,0.0664819944598338,1.329639889196676,0.020066889632107,ESTIMABLE,ESTIMABLE,ESTIMABLE,0.6092141982164333,False
banglaclick:twitter,xlmr,31415,500,0.722,0.1,50,0.84,0.1163434903047091,1.1634349030470914,0.0735785953177257,ESTIMABLE,ESTIMABLE,ESTIMABLE,0.6092141982164333,True
banglaclick:twitter,xlmr,31415,500,0.722,0.2,100,0.88,0.2437673130193905,1.218836565096953,0.1705685618729097,ESTIMABLE,ESTIMABLE,ESTIMABLE,0.6092141982164333,False
banglaclick:twitter,xlmr,65537,500,0.722,0.05,25,1.0,0.0692520775623268,1.3850415512465375,0.0328467153284671,ESTIMABLE,ESTIMABLE,ESTIMABLE,0.5640965729594347,False
banglaclick:twitter,xlmr,65537,500,0.722,0.1,50,0.94,0.1301939058171745,1.3019390581717452,0.0802919708029197,ESTIMABLE,ESTIMABLE,ESTIMABLE,0.5640965729594347,True
banglaclick:twitter,xlmr,65537,500,0.722,0.2,100,0.88,0.2437673130193905,1.218836565096953,0.1532846715328467,ESTIMABLE,ESTIMABLE,ESTIMABLE,0.5640965729594347,False
banglaclick:youtube,banglabert,42,1000,0.933,0.05,50,0.98,0.052518756698821,1.05037513397642,0.0459518599562363,ESTIMABLE,ESTIMABLE,ESTIMABLE,0.5673663620337217,False
banglaclick:youtube,banglabert,42,1000,0.933,0.1,100,0.99,0.1061093247588424,1.0610932475884245,0.0897155361050328,ESTIMABLE,ESTIMABLE,ESTIMABLE,0.5673663620337217,True
banglaclick:youtube,banglabert,42,1000,0.933,0.2,200,0.99,0.2122186495176848,1.0610932475884245,0.1816192560175054,ESTIMABLE,ESTIMABLE,ESTIMABLE,0.5673663620337217,False
banglaclick:youtube,banglabert,137,1000,0.933,0.05,50,0.98,0.052518756698821,1.05037513397642,0.0554455445544554,ESTIMABLE,ESTIMABLE,ESTIMABLE,0.6125267292861641,False
banglaclick:youtube,banglabert,137,1000,0.933,0.1,100,0.98,0.105037513397642,1.05037513397642,0.1108910891089108,ESTIMABLE,ESTIMABLE,ESTIMABLE,0.6125267292861641,True
banglaclick:youtube,banglabert,137,1000,0.933,0.2,200,0.99,0.2122186495176848,1.0610932475884245,0.201980198019802,ESTIMABLE,ESTIMABLE,ESTIMABLE,0.6125267292861641,False
banglaclick:youtube,banglabert,2718,1000,0.933,0.05,50,1.0,0.0535905680600214,1.0718113612004287,0.0535714285714285,ESTIMABLE,ESTIMABLE,ESTIMABLE,0.6158249632904655,False
banglaclick:youtube,banglabert,2718,1000,0.933,0.1,100,1.0,0.1071811361200428,1.0718113612004287,0.1130952380952381,ESTIMABLE,ESTIMABLE,ESTIMABLE,0.6158249632904655,True
banglaclick:youtube,banglabert,2718,1000,0.933,0.2,200,0.99,0.2122186495176848,1.0610932475884245,0.1944444444444444,ESTIMABLE,ESTIMABLE,ESTIMABLE,0.6158249632904655,False
banglaclick:youtube,banglabert,31415,1000,0.933,0.05,50,0.98,0.052518756698821,1.05037513397642,0.0409482758620689,ESTIMABLE,ESTIMABLE,ESTIMABLE,0.567915674257635,False
banglaclick:youtube,banglabert,31415,1000,0.933,0.1,100,0.98,0.105037513397642,1.05037513397642,0.1012931034482758,ESTIMABLE,ESTIMABLE,ESTIMABLE,0.567915674257635,True
banglaclick:youtube,banglabert,31415,1000,0.933,0.2,200,0.99,0.2122186495176848,1.0610932475884245,0.209051724137931,ESTIMABLE,ESTIMABLE,ESTIMABLE,0.567915674257635,False
banglaclick:youtube,banglabert,65537,1000,0.933,0.05,50,1.0,0.0535905680600214,1.0718113612004287,0.0504587155963302,ESTIMABLE,ESTIMABLE,ESTIMABLE,0.5516281097753759,False
banglaclick:youtube,banglabert,65537,1000,0.933,0.1,100,0.98,0.105037513397642,1.05037513397642,0.0963302752293578,ESTIMABLE,ESTIMABLE,ESTIMABLE,0.5516281097753759,True
banglaclick:youtube,banglabert,65537,1000,0.933,0.2,200,0.99,0.2122186495176848,1.0610932475884245,0.1926605504587156,ESTIMABLE,ESTIMABLE,ESTIMABLE,0.5516281097753759,False
banglaclick:youtube,ebm,42,1000,0.933,0.05,50,1.0,0.0535905680600214,1.0718113612004287,0.0605326876513317,ESTIMABLE,ESTIMABLE,ESTIMABLE,0.2539699505704101,False
banglaclick:youtube,ebm,42,1000,0.933,0.1,100,1.0,0.1071811361200428,1.0718113612004287,0.1501210653753026,ESTIMABLE,ESTIMABLE,ESTIMABLE,0.2539699505704101,True
banglaclick:youtube,ebm,42,1000,0.933,0.2,200,0.995,0.2132904608788853,1.0664523043944265,0.297820823244552,ESTIMABLE,ESTIMABLE,ESTIMABLE,0.2539699505704101,False
banglaclick:youtube,ebm,137,1000,0.933,0.05,50,1.0,0.0535905680600214,1.0718113612004287,0.058252427184466,ESTIMABLE,ESTIMABLE,ESTIMABLE,0.2538091842807203,False
banglaclick:youtube,ebm,137,1000,0.933,0.1,100,1.0,0.1071811361200428,1.0718113612004287,0.1553398058252427,ESTIMABLE,ESTIMABLE,ESTIMABLE,0.2538091842807203,True
banglaclick:youtube,ebm,137,1000,0.933,0.2,200,0.995,0.2132904608788853,1.0664523043944265,0.2961165048543689,ESTIMABLE,ESTIMABLE,ESTIMABLE,0.2538091842807203,False
banglaclick:youtube,ebm,2718,1000,0.933,0.05,50,1.0,0.0535905680600214,1.0718113612004287,0.0650602409638554,ESTIMABLE,ESTIMABLE,ESTIMABLE,0.2541917358885595,False
banglaclick:youtube,ebm,2718,1000,0.933,0.1,100,1.0,0.1071811361200428,1.0718113612004287,0.1566265060240964,ESTIMABLE,ESTIMABLE,ESTIMABLE,0.2541917358885595,True
banglaclick:youtube,ebm,2718,1000,0.933,0.2,200,0.995,0.2132904608788853,1.0664523043944265,0.2987951807228916,ESTIMABLE,ESTIMABLE,ESTIMABLE,0.2541917358885595,False
banglaclick:youtube,ebm,31415,1000,0.933,0.05,50,1.0,0.0535905680600214,1.0718113612004287,0.0628019323671497,ESTIMABLE,ESTIMABLE,ESTIMABLE,0.2540891789272494,False
banglaclick:youtube,ebm,31415,1000,0.933,0.1,100,1.0,0.1071811361200428,1.0718113612004287,0.1545893719806763,ESTIMABLE,ESTIMABLE,ESTIMABLE,0.2540891789272494,True
banglaclick:youtube,ebm,31415,1000,0.933,0.2,200,0.995,0.2132904608788853,1.0664523043944265,0.2971014492753623,ESTIMABLE,ESTIMABLE,ESTIMABLE,0.2540891789272494,False
banglaclick:youtube,ebm,65537,1000,0.933,0.05,50,1.0,0.0535905680600214,1.0718113612004287,0.0650602409638554,ESTIMABLE,ESTIMABLE,ESTIMABLE,0.2540942561948849,False
banglaclick:youtube,ebm,65537,1000,0.933,0.1,100,1.0,0.1071811361200428,1.0718113612004287,0.1566265060240964,ESTIMABLE,ESTIMABLE,ESTIMABLE,0.2540942561948849,True
banglaclick:youtube,ebm,65537,1000,0.933,0.2,200,0.995,0.2132904608788853,1.0664523043944265,0.2987951807228916,ESTIMABLE,ESTIMABLE,ESTIMABLE,0.2540942561948849,False
banglaclick:youtube,tfidf_lr,42,1000,0.933,0.05,50,1.0,0.0535905680600214,1.0718113612004287,0.0465116279069767,ESTIMABLE,ESTIMABLE,ESTIMABLE,0.6206683326557739,False
banglaclick:youtube,tfidf_lr,42,1000,0.933,0.1,100,1.0,0.1071811361200428,1.0718113612004287,0.0946843853820598,ESTIMABLE,ESTIMABLE,ESTIMABLE,0.6206683326557739,True
banglaclick:youtube,tfidf_lr,42,1000,0.933,0.2,200,0.995,0.2132904608788853,1.0664523043944265,0.1860465116279069,ESTIMABLE,ESTIMABLE,ESTIMABLE,0.6206683326557739,False
banglaclick:youtube,tfidf_lr,137,1000,0.933,0.05,50,1.0,0.0535905680600214,1.0718113612004287,0.0465116279069767,ESTIMABLE,ESTIMABLE,ESTIMABLE,0.6206683326557739,False
banglaclick:youtube,tfidf_lr,137,1000,0.933,0.1,100,1.0,0.1071811361200428,1.0718113612004287,0.0946843853820598,ESTIMABLE,ESTIMABLE,ESTIMABLE,0.6206683326557739,True
banglaclick:youtube,tfidf_lr,137,1000,0.933,0.2,200,0.995,0.2132904608788853,1.0664523043944265,0.1860465116279069,ESTIMABLE,ESTIMABLE,ESTIMABLE,0.6206683326557739,False
banglaclick:youtube,tfidf_lr,2718,1000,0.933,0.05,50,1.0,0.0535905680600214,1.0718113612004287,0.0465116279069767,ESTIMABLE,ESTIMABLE,ESTIMABLE,0.6206683326557739,False
banglaclick:youtube,tfidf_lr,2718,1000,0.933,0.1,100,1.0,0.1071811361200428,1.0718113612004287,0.0946843853820598,ESTIMABLE,ESTIMABLE,ESTIMABLE,0.6206683326557739,True
banglaclick:youtube,tfidf_lr,2718,1000,0.933,0.2,200,0.995,0.2132904608788853,1.0664523043944265,0.1860465116279069,ESTIMABLE,ESTIMABLE,ESTIMABLE,0.6206683326557739,False
banglaclick:youtube,tfidf_lr,31415,1000,0.933,0.05,50,1.0,0.0535905680600214,1.0718113612004287,0.0465116279069767,ESTIMABLE,ESTIMABLE,ESTIMABLE,0.6206683326557739,False
banglaclick:youtube,tfidf_lr,31415,1000,0.933,0.1,100,1.0,0.1071811361200428,1.0718113612004287,0.0946843853820598,ESTIMABLE,ESTIMABLE,ESTIMABLE,0.6206683326557739,True
banglaclick:youtube,tfidf_lr,31415,1000,0.933,0.2,200,0.995,0.2132904608788853,1.0664523043944265,0.1860465116279069,ESTIMABLE,ESTIMABLE,ESTIMABLE,0.6206683326557739,False
banglaclick:youtube,tfidf_lr,65537,1000,0.933,0.05,50,1.0,0.0535905680600214,1.0718113612004287,0.0465116279069767,ESTIMABLE,ESTIMABLE,ESTIMABLE,0.6206683326557739,False
banglaclick:youtube,tfidf_lr,65537,1000,0.933,0.1,100,1.0,0.1071811361200428,1.0718113612004287,0.0946843853820598,ESTIMABLE,ESTIMABLE,ESTIMABLE,0.6206683326557739,True
banglaclick:youtube,tfidf_lr,65537,1000,0.933,0.2,200,0.995,0.2132904608788853,1.0664523043944265,0.1860465116279069,ESTIMABLE,ESTIMABLE,ESTIMABLE,0.6206683326557739,False
banglaclick:youtube,xlmr,42,1000,0.933,0.05,50,1.0,0.0535905680600214,1.0718113612004287,0.0513833992094861,ESTIMABLE,ESTIMABLE,ESTIMABLE,0.5471146815623587,False
banglaclick:youtube,xlmr,42,1000,0.933,0.1,100,1.0,0.1071811361200428,1.0718113612004287,0.1007905138339921,ESTIMABLE,ESTIMABLE,ESTIMABLE,0.5471146815623587,True
banglaclick:youtube,xlmr,42,1000,0.933,0.2,200,0.995,0.2132904608788853,1.0664523043944265,0.1798418972332015,ESTIMABLE,ESTIMABLE,ESTIMABLE,0.5471146815623587,False
banglaclick:youtube,xlmr,137,1000,0.933,0.05,50,1.0,0.0535905680600214,1.0718113612004287,0.058,ESTIMABLE,ESTIMABLE,ESTIMABLE,0.532520592483456,False
banglaclick:youtube,xlmr,137,1000,0.933,0.1,100,1.0,0.1071811361200428,1.0718113612004287,0.106,ESTIMABLE,ESTIMABLE,ESTIMABLE,0.532520592483456,True
banglaclick:youtube,xlmr,137,1000,0.933,0.2,200,0.995,0.2132904608788853,1.0664523043944265,0.196,ESTIMABLE,ESTIMABLE,ESTIMABLE,0.532520592483456,False
banglaclick:youtube,xlmr,2718,1000,0.933,0.05,50,1.0,0.0535905680600214,1.0718113612004287,0.0602150537634408,ESTIMABLE,ESTIMABLE,ESTIMABLE,0.5722966745367122,False
banglaclick:youtube,xlmr,2718,1000,0.933,0.1,100,0.99,0.1061093247588424,1.0610932475884245,0.1096774193548387,ESTIMABLE,ESTIMABLE,ESTIMABLE,0.5722966745367122,True
banglaclick:youtube,xlmr,2718,1000,0.933,0.2,200,0.995,0.2132904608788853,1.0664523043944265,0.1849462365591397,ESTIMABLE,ESTIMABLE,ESTIMABLE,0.5722966745367122,False
banglaclick:youtube,xlmr,31415,1000,0.933,0.05,50,0.98,0.052518756698821,1.05037513397642,0.0403225806451612,ESTIMABLE,ESTIMABLE,ESTIMABLE,0.5773825551749711,False
banglaclick:youtube,xlmr,31415,1000,0.933,0.1,100,0.99,0.1061093247588424,1.0610932475884245,0.0826612903225806,ESTIMABLE,ESTIMABLE,ESTIMABLE,0.5773825551749711,True
banglaclick:youtube,xlmr,31415,1000,0.933,0.2,200,0.995,0.2132904608788853,1.0664523043944265,0.1834677419354838,ESTIMABLE,ESTIMABLE,ESTIMABLE,0.5773825551749711,False
banglaclick:youtube,xlmr,65537,1000,0.933,0.05,50,1.0,0.0535905680600214,1.0718113612004287,0.0393518518518518,ESTIMABLE,ESTIMABLE,ESTIMABLE,0.4541010676836673,False
banglaclick:youtube,xlmr,65537,1000,0.933,0.1,100,1.0,0.1071811361200428,1.0718113612004287,0.0810185185185185,ESTIMABLE,ESTIMABLE,ESTIMABLE,0.4541010676836673,True
banglaclick:youtube,xlmr,65537,1000,0.933,0.2,200,0.995,0.2132904608788853,1.0664523043944265,0.1689814814814814,ESTIMABLE,ESTIMABLE,ESTIMABLE,0.4541010676836673,False
source_test,banglabert,42,2784,0.341235632183908,0.05,140,0.9357142857142856,0.1378947368421052,2.7421353383458644,0.1119266055045871,ESTIMABLE,ESTIMABLE,ESTIMABLE,0.0788606806184899,False
source_test,banglabert,42,2784,0.341235632183908,0.1,279,0.8888888888888888,0.2610526315789473,2.604912280701754,0.218348623853211,ESTIMABLE,ESTIMABLE,ESTIMABLE,0.0788606806184899,True
source_test,banglabert,42,2784,0.341235632183908,0.2,557,0.822262118491921,0.4821052631578947,2.4096607767173768,0.4385321100917431,ESTIMABLE,ESTIMABLE,ESTIMABLE,0.0788606806184899,False
source_test,banglabert,137,2784,0.341235632183908,0.05,140,0.9214285714285714,0.1357894736842105,2.700270676691729,0.1236162361623616,ESTIMABLE,ESTIMABLE,ESTIMABLE,0.0804685038983166,False
source_test,banglabert,137,2784,0.341235632183908,0.1,279,0.8888888888888888,0.2610526315789473,2.604912280701754,0.2361623616236162,ESTIMABLE,ESTIMABLE,ESTIMABLE,0.0804685038983166,True
source_test,banglabert,137,2784,0.341235632183908,0.2,557,0.8258527827648114,0.4842105263157895,2.4201833128602472,0.4372693726937269,ESTIMABLE,ESTIMABLE,ESTIMABLE,0.0804685038983166,False
source_test,banglabert,2718,2784,0.341235632183908,0.05,140,0.9142857142857144,0.1347368421052631,2.6793383458646614,0.109640831758034,ESTIMABLE,ESTIMABLE,ESTIMABLE,0.0799191619243198,False
source_test,banglabert,2718,2784,0.341235632183908,0.1,279,0.9032258064516128,0.2652631578947368,2.646926994906621,0.219281663516068,ESTIMABLE,ESTIMABLE,ESTIMABLE,0.0799191619243198,True
source_test,banglabert,2718,2784,0.341235632183908,0.2,557,0.8402154398563735,0.4926315789473684,2.46227345743173,0.4253308128544423,ESTIMABLE,ESTIMABLE,ESTIMABLE,0.0799191619243198,False
source_test,banglabert,31415,2784,0.341235632183908,0.05,140,0.9357142857142856,0.1378947368421052,2.7421353383458644,0.1243144424131627,ESTIMABLE,ESTIMABLE,ESTIMABLE,0.0797868742508113,False
source_test,banglabert,31415,2784,0.341235632183908,0.1,279,0.8853046594982079,0.26,2.594408602150537,0.2522851919561243,ESTIMABLE,ESTIMABLE,ESTIMABLE,0.0797868742508113,True
source_test,banglabert,31415,2784,0.341235632183908,0.2,557,0.822262118491921,0.4821052631578947,2.4096607767173768,0.4369287020109689,ESTIMABLE,ESTIMABLE,ESTIMABLE,0.0797868742508113,False
source_test,banglabert,65537,2784,0.341235632183908,0.05,140,0.9285714285714286,0.1368421052631579,2.7212030075187967,0.1084558823529411,ESTIMABLE,ESTIMABLE,ESTIMABLE,0.0812731433590391,False
source_test,banglabert,65537,2784,0.341235632183908,0.1,279,0.8781362007168458,0.2578947368421053,2.573401245048104,0.2242647058823529,ESTIMABLE,ESTIMABLE,ESTIMABLE,0.0812731433590391,True
source_test,banglabert,65537,2784,0.341235632183908,0.2,557,0.822262118491921,0.4821052631578947,2.4096607767173768,0.4356617647058823,ESTIMABLE,ESTIMABLE,ESTIMABLE,0.0812731433590391,False
source_test,ebm,42,2784,0.341235632183908,0.05,140,0.8571428571428571,0.1263157894736842,2.51187969924812,0.0791946308724832,ESTIMABLE,ESTIMABLE,ESTIMABLE,0.178701055078645,False
source_test,ebm,42,2784,0.341235632183908,0.1,279,0.7849462365591398,0.2305263157894737,2.300305602716469,0.1677852348993288,ESTIMABLE,ESTIMABLE,ESTIMABLE,0.178701055078645,True
source_test,ebm,42,2784,0.341235632183908,0.2,557,0.6804308797127468,0.3989473684210526,1.9940205990739863,0.3060402684563758,ESTIMABLE,ESTIMABLE,ESTIMABLE,0.178701055078645,False
source_test,ebm,137,2784,0.341235632183908,0.05,140,0.8571428571428571,0.1263157894736842,2.51187969924812,0.0791946308724832,ESTIMABLE,ESTIMABLE,ESTIMABLE,0.1785744333374056,False
source_test,ebm,137,2784,0.341235632183908,0.1,279,0.7813620071684588,0.2294736842105263,2.289801924165252,0.1677852348993288,ESTIMABLE,ESTIMABLE,ESTIMABLE,0.1785744333374056,True
source_test,ebm,137,2784,0.341235632183908,0.2,557,0.6804308797127468,0.3989473684210526,1.9940205990739863,0.3060402684563758,ESTIMABLE,ESTIMABLE,ESTIMABLE,0.1785744333374056,False
source_test,ebm,2718,2784,0.341235632183908,0.05,140,0.8571428571428571,0.1263157894736842,2.51187969924812,0.0778523489932885,ESTIMABLE,ESTIMABLE,ESTIMABLE,0.1786324107204914,False
source_test,ebm,2718,2784,0.341235632183908,0.1,279,0.7813620071684588,0.2294736842105263,2.289801924165252,0.1677852348993288,ESTIMABLE,ESTIMABLE,ESTIMABLE,0.1786324107204914,True
source_test,ebm,2718,2784,0.341235632183908,0.2,557,0.6822262118491921,0.4,1.9992818671454216,0.3060402684563758,ESTIMABLE,ESTIMABLE,ESTIMABLE,0.1786324107204914,False
source_test,ebm,31415,2784,0.341235632183908,0.05,140,0.8571428571428571,0.1263157894736842,2.51187969924812,0.0778523489932885,ESTIMABLE,ESTIMABLE,ESTIMABLE,0.1787873831163394,False
source_test,ebm,31415,2784,0.341235632183908,0.1,279,0.7813620071684588,0.2294736842105263,2.289801924165252,0.1677852348993288,ESTIMABLE,ESTIMABLE,ESTIMABLE,0.1787873831163394,True
source_test,ebm,31415,2784,0.341235632183908,0.2,557,0.6804308797127468,0.3989473684210526,1.9940205990739863,0.3060402684563758,ESTIMABLE,ESTIMABLE,ESTIMABLE,0.1787873831163394,False
source_test,ebm,65537,2784,0.341235632183908,0.05,140,0.8571428571428571,0.1263157894736842,2.51187969924812,0.0778523489932885,ESTIMABLE,ESTIMABLE,ESTIMABLE,0.1786741855685254,False
source_test,ebm,65537,2784,0.341235632183908,0.1,279,0.7813620071684588,0.2294736842105263,2.289801924165252,0.1664429530201342,ESTIMABLE,ESTIMABLE,ESTIMABLE,0.1786741855685254,True
source_test,ebm,65537,2784,0.341235632183908,0.2,557,0.6804308797127468,0.3989473684210526,1.9940205990739863,0.3060402684563758,ESTIMABLE,ESTIMABLE,ESTIMABLE,0.1786741855685254,False
source_test,tfidf_lr,42,2784,0.341235632183908,0.05,140,0.8928571428571429,0.131578947368421,2.6165413533834587,0.0914454277286135,ESTIMABLE,ESTIMABLE,ESTIMABLE,0.1315110220894615,False
source_test,tfidf_lr,42,2784,0.341235632183908,0.1,279,0.8458781362007168,0.2484210526315789,2.478868138087153,0.1902654867256637,ESTIMABLE,ESTIMABLE,ESTIMABLE,0.1315110220894615,True
source_test,tfidf_lr,42,2784,0.341235632183908,0.2,557,0.7450628366247756,0.4368421052631579,2.183426249645658,0.3657817109144542,ESTIMABLE,ESTIMABLE,ESTIMABLE,0.1315110220894615,False
source_test,tfidf_lr,137,2784,0.341235632183908,0.05,140,0.8928571428571429,0.131578947368421,2.6165413533834587,0.0914454277286135,ESTIMABLE,ESTIMABLE,ESTIMABLE,0.1315110220894615,False
source_test,tfidf_lr,137,2784,0.341235632183908,0.1,279,0.8458781362007168,0.2484210526315789,2.478868138087153,0.1902654867256637,ESTIMABLE,ESTIMABLE,ESTIMABLE,0.1315110220894615,True
source_test,tfidf_lr,137,2784,0.341235632183908,0.2,557,0.7450628366247756,0.4368421052631579,2.183426249645658,0.3657817109144542,ESTIMABLE,ESTIMABLE,ESTIMABLE,0.1315110220894615,False
source_test,tfidf_lr,2718,2784,0.341235632183908,0.05,140,0.8928571428571429,0.131578947368421,2.6165413533834587,0.0914454277286135,ESTIMABLE,ESTIMABLE,ESTIMABLE,0.1315110220894615,False
source_test,tfidf_lr,2718,2784,0.341235632183908,0.1,279,0.8458781362007168,0.2484210526315789,2.478868138087153,0.1902654867256637,ESTIMABLE,ESTIMABLE,ESTIMABLE,0.1315110220894615,True
source_test,tfidf_lr,2718,2784,0.341235632183908,0.2,557,0.7450628366247756,0.4368421052631579,2.183426249645658,0.3657817109144542,ESTIMABLE,ESTIMABLE,ESTIMABLE,0.1315110220894615,False
source_test,tfidf_lr,31415,2784,0.341235632183908,0.05,140,0.8928571428571429,0.131578947368421,2.6165413533834587,0.0914454277286135,ESTIMABLE,ESTIMABLE,ESTIMABLE,0.1315110220894615,False
source_test,tfidf_lr,31415,2784,0.341235632183908,0.1,279,0.8458781362007168,0.2484210526315789,2.478868138087153,0.1902654867256637,ESTIMABLE,ESTIMABLE,ESTIMABLE,0.1315110220894615,True
source_test,tfidf_lr,31415,2784,0.341235632183908,0.2,557,0.7450628366247756,0.4368421052631579,2.183426249645658,0.3657817109144542,ESTIMABLE,ESTIMABLE,ESTIMABLE,0.1315110220894615,False
source_test,tfidf_lr,65537,2784,0.341235632183908,0.05,140,0.8928571428571429,0.131578947368421,2.6165413533834587,0.0914454277286135,ESTIMABLE,ESTIMABLE,ESTIMABLE,0.1315110220894615,False
source_test,tfidf_lr,65537,2784,0.341235632183908,0.1,279,0.8458781362007168,0.2484210526315789,2.478868138087153,0.1902654867256637,ESTIMABLE,ESTIMABLE,ESTIMABLE,0.1315110220894615,True
source_test,tfidf_lr,65537,2784,0.341235632183908,0.2,557,0.7450628366247756,0.4368421052631579,2.183426249645658,0.3657817109144542,ESTIMABLE,ESTIMABLE,ESTIMABLE,0.1315110220894615,False
source_test,xlmr,42,2784,0.341235632183908,0.05,140,0.9,0.1326315789473684,2.6374736842105264,0.1241134751773049,ESTIMABLE,ESTIMABLE,ESTIMABLE,0.0898416103082177,False
source_test,xlmr,42,2784,0.341235632183908,0.1,279,0.9032258064516128,0.2652631578947368,2.646926994906621,0.2322695035460993,ESTIMABLE,ESTIMABLE,ESTIMABLE,0.0898416103082177,True
source_test,xlmr,42,2784,0.341235632183908,0.2,557,0.8168761220825853,0.4789473684210526,2.393876972503071,0.4414893617021276,ESTIMABLE,ESTIMABLE,ESTIMABLE,0.0898416103082177,False
source_test,xlmr,137,2784,0.341235632183908,0.05,140,0.9071428571428573,0.1336842105263158,2.6584060150375937,0.1351351351351351,ESTIMABLE,ESTIMABLE,ESTIMABLE,0.0842708833624755,False
source_test,xlmr,137,2784,0.341235632183908,0.1,279,0.8853046594982079,0.26,2.594408602150537,0.2666666666666666,ESTIMABLE,ESTIMABLE,ESTIMABLE,0.0842708833624755,True
source_test,xlmr,137,2784,0.341235632183908,0.2,557,0.822262118491921,0.4821052631578947,2.4096607767173768,0.436036036036036,ESTIMABLE,ESTIMABLE,ESTIMABLE,0.0842708833624755,False
source_test,xlmr,2718,2784,0.341235632183908,0.05,140,0.9071428571428573,0.1336842105263158,2.6584060150375937,0.1111111111111111,ESTIMABLE,ESTIMABLE,ESTIMABLE,0.0835553440344687,False
source_test,xlmr,2718,2784,0.341235632183908,0.1,279,0.8817204301075269,0.2589473684210526,2.583904923599321,0.2277777777777777,ESTIMABLE,ESTIMABLE,ESTIMABLE,0.0835553440344687,True
source_test,xlmr,2718,2784,0.341235632183908,0.2,557,0.8114901256732495,0.4757894736842105,2.378093168288765,0.412962962962963,ESTIMABLE,ESTIMABLE,ESTIMABLE,0.0835553440344687,False
source_test,xlmr,31415,2784,0.341235632183908,0.05,140,0.8928571428571429,0.131578947368421,2.6165413533834587,0.1232394366197183,ESTIMABLE,ESTIMABLE,ESTIMABLE,0.0911484179372053,False
source_test,xlmr,31415,2784,0.341235632183908,0.1,279,0.8602150537634409,0.2526315789473684,2.5208828522920204,0.2394366197183098,ESTIMABLE,ESTIMABLE,ESTIMABLE,0.0911484179372053,True
source_test,xlmr,31415,2784,0.341235632183908,0.2,557,0.8061041292639138,0.4726315789473684,2.362309364074459,0.4278169014084507,ESTIMABLE,ESTIMABLE,ESTIMABLE,0.0911484179372053,False
source_test,xlmr,65537,2784,0.341235632183908,0.05,140,0.9214285714285714,0.1357894736842105,2.700270676691729,0.1456483126110124,ESTIMABLE,ESTIMABLE,ESTIMABLE,0.0819197992136578,False
source_test,xlmr,65537,2784,0.341235632183908,0.1,279,0.8781362007168458,0.2578947368421053,2.573401245048104,0.2664298401420959,ESTIMABLE,ESTIMABLE,ESTIMABLE,0.0819197992136578,True
source_test,xlmr,65537,2784,0.341235632183908,0.2,557,0.8312387791741472,0.4873684210526315,2.4359671170745534,0.452930728241563,ESTIMABLE,ESTIMABLE,ESTIMABLE,0.0819197992136578,False
