left_dataset,left_artifact,left_role,left_text_field,left_field_role,right_dataset,right_artifact,right_role,right_text_field,right_field_role,comparison_scope,exact_raw_shared_hashes,normalized_shared_hashes,normalization_only_shared_hashes,exact_raw_affected_rows_left,exact_raw_affected_rows_right,normalized_affected_rows_left,normalized_affected_rows_right,normalization_only_affected_rows_left,normalization_only_affected_rows_right,left_rows_with_normalized_overlap,right_rows_with_normalized_overlap,conflicting_label_shared_hashes,label_pair_shared_hash_counts_json,left_title_quality_counts_json,right_title_quality_counts_json,stage03_blocking
BanFakeNews-2.0,banfakenews_independent_test,external_fake_news_independent_test_boundary,*selected_union,selected_text_union,BaitBuster-Bangla,baitbuster_parquet,external_youtube_multimodal_clickbait_diagnostic,*selected_union,selected_text_union,cross_artifact,0,0,,,,0,0,,,0,0,0,,,,False
BanFakeNews-2.0,banfakenews_main,external_fake_news_boundary,*selected_union,selected_text_union,BanFakeNews-2.0,banfakenews_independent_test,external_fake_news_independent_test_boundary,*selected_union,selected_text_union,cross_artifact,80,81,,,,82,80,,,82,80,0,,,,False
BanFakeNews-2.0,banfakenews_main,external_fake_news_boundary,*selected_union,selected_text_union,BaitBuster-Bangla,baitbuster_parquet,external_youtube_multimodal_clickbait_diagnostic,*selected_union,selected_text_union,cross_artifact,55,57,,,,78,57,,,78,57,57,,,,False
BanMANI,banmani,external_manipulation_boundary,*selected_union,selected_text_union,BanFakeNews-2.0,banfakenews_main,external_fake_news_boundary,*selected_union,selected_text_union,cross_artifact,852,1027,,,,794,1005,,,794,1005,0,,,,False
BanMANI,banmani,external_manipulation_boundary,*selected_union,selected_text_union,BanFakeNews-2.0,banfakenews_independent_test,external_fake_news_independent_test_boundary,*selected_union,selected_text_union,cross_artifact,0,0,,,,0,0,,,0,0,0,,,,False
BanMANI,banmani,external_manipulation_boundary,*selected_union,selected_text_union,BaitBuster-Bangla,baitbuster_parquet,external_youtube_multimodal_clickbait_diagnostic,*selected_union,selected_text_union,cross_artifact,3,3,,,,3,3,,,3,3,0,,,,False
BanglaBait,banglabait_dev,calibration_only_holdout,*selected_union,selected_text_union,BanglaBait,banglabait_unlabelled,auxiliary_unlabelled,*selected_union,selected_text_union,cross_artifact,69,79,,,,76,80,,,76,80,0,,,,False
BanglaBait,banglabait_dev,calibration_only_holdout,*selected_union,selected_text_union,BanglaClick,banglaclick,external_cross_platform_diagnostic,*selected_union,selected_text_union,cross_artifact,15,15,,,,15,15,,,15,15,13,,,,False
BanglaBait,banglabait_dev,calibration_only_holdout,*selected_union,selected_text_union,BanMANI,banmani,external_manipulation_boundary,*selected_union,selected_text_union,cross_artifact,0,0,,,,0,0,,,0,0,0,,,,False
BanglaBait,banglabait_dev,calibration_only_holdout,*selected_union,selected_text_union,BanFakeNews-2.0,banfakenews_main,external_fake_news_boundary,*selected_union,selected_text_union,cross_artifact,166,166,,,,83,207,,,83,207,42,,,,False
BanglaBait,banglabait_dev,calibration_only_holdout,*selected_union,selected_text_union,BanFakeNews-2.0,banfakenews_independent_test,external_fake_news_independent_test_boundary,*selected_union,selected_text_union,cross_artifact,0,0,,,,0,0,,,0,0,0,,,,False
BanglaBait,banglabait_dev,calibration_only_holdout,*selected_union,selected_text_union,BaitBuster-Bangla,baitbuster_parquet,external_youtube_multimodal_clickbait_diagnostic,*selected_union,selected_text_union,cross_artifact,1,1,,,,1,1,,,1,1,1,,,,False
BanglaBait,banglabait_dev,calibration_only_holdout,content,article/body,BanglaBait,banglabait_test,locked_source_test,title,headline/title,protected_cross_field,0,0,0.0,0.0,0.0,0,0,0.0,0.0,0,0,0,[],{},{},False
BanglaBait,banglabait_dev,calibration_only_holdout,content,article/body,BanglaBait,banglabait_test,locked_source_test,content,article/body,protected_secondary_same_field,4,13,9.0,4.0,4.0,13,14,9.0,10.0,13,14,3,"[{""left_label"":""0"",""right_label"":""0"",""shared_normalized_hashes"":6},{""left_label"":""0"",""right_label"":""1"",""shared_normalized_hashes"":1},{""left_label"":""1"",""right_label"":""0"",""shared_normalized_hashes"":2},{""left_label"":""1"",""right_label"":""1"",""shared_normalized_hashes"":4}]","{""<NONE>"":13}","{""<NONE>"":14}",False
BanglaBait,banglabait_dev,calibration_only_holdout,content,article/body,BanglaBait,banglabait_test,locked_source_test,translated_title,translated_headline/title,protected_cross_field,0,0,0.0,0.0,0.0,0,0,0.0,0.0,0,0,0,[],{},{},False
BanglaBait,banglabait_dev,calibration_only_holdout,content,article/body,BanglaBait,banglabait_test,locked_source_test,translated_content,translated_article/body,protected_cross_field,0,0,0.0,0.0,0.0,0,0,0.0,0.0,0,0,0,[],{},{},False
BanglaBait,banglabait_dev,calibration_only_holdout,title,headline/title,BanglaBait,banglabait_test,locked_source_test,title,headline/title,protected_primary_to_primary,36,36,0.0,36.0,36.0,36,36,0.0,0.0,36,36,0,"[{""left_label"":""0"",""right_label"":""0"",""shared_normalized_hashes"":17},{""left_label"":""1"",""right_label"":""1"",""shared_normalized_hashes"":19}]","{""VALID"":36}","{""VALID"":36}",True
BanglaBait,banglabait_dev,calibration_only_holdout,title,headline/title,BanglaBait,banglabait_test,locked_source_test,content,article/body,protected_cross_field,0,0,0.0,0.0,0.0,0,0,0.0,0.0,0,0,0,[],{},{},False
BanglaBait,banglabait_dev,calibration_only_holdout,title,headline/title,BanglaBait,banglabait_test,locked_source_test,translated_title,translated_headline/title,protected_cross_field,0,0,0.0,0.0,0.0,0,0,0.0,0.0,0,0,0,[],{},{},False
BanglaBait,banglabait_dev,calibration_only_holdout,title,headline/title,BanglaBait,banglabait_test,locked_source_test,translated_content,translated_article/body,protected_cross_field,0,0,0.0,0.0,0.0,0,0,0.0,0.0,0,0,0,[],{},{},False
BanglaBait,banglabait_dev,calibration_only_holdout,translated_content,translated_article/body,BanglaBait,banglabait_test,locked_source_test,title,headline/title,protected_cross_field,0,0,0.0,0.0,0.0,0,0,0.0,0.0,0,0,0,[],{},{},False
BanglaBait,banglabait_dev,calibration_only_holdout,translated_content,translated_article/body,BanglaBait,banglabait_test,locked_source_test,content,article/body,protected_cross_field,0,0,0.0,0.0,0.0,0,0,0.0,0.0,0,0,0,[],{},{},False
BanglaBait,banglabait_dev,calibration_only_holdout,translated_content,translated_article/body,BanglaBait,banglabait_test,locked_source_test,translated_title,translated_headline/title,protected_cross_field,0,0,0.0,0.0,0.0,0,0,0.0,0.0,0,0,0,[],{},{},False
BanglaBait,banglabait_dev,calibration_only_holdout,translated_content,translated_article/body,BanglaBait,banglabait_test,locked_source_test,translated_content,translated_article/body,protected_secondary_same_field,17,17,0.0,18.0,17.0,18,17,0.0,0.0,18,17,5,"[{""left_label"":""0"",""right_label"":""0"",""shared_normalized_hashes"":8},{""left_label"":""0"",""right_label"":""1"",""shared_normalized_hashes"":1},{""left_label"":""1"",""right_label"":""0"",""shared_normalized_hashes"":4},{""left_label"":""1"",""right_label"":""1"",""shared_normalized_hashes"":5}]","{""<NONE>"":18}","{""<NONE>"":17}",False
BanglaBait,banglabait_dev,calibration_only_holdout,translated_title,translated_headline/title,BanglaBait,banglabait_test,locked_source_test,title,headline/title,protected_cross_field,0,0,0.0,0.0,0.0,0,0,0.0,0.0,0,0,0,[],{},{},False
BanglaBait,banglabait_dev,calibration_only_holdout,translated_title,translated_headline/title,BanglaBait,banglabait_test,locked_source_test,content,article/body,protected_cross_field,0,0,0.0,0.0,0.0,0,0,0.0,0.0,0,0,0,[],{},{},False
BanglaBait,banglabait_dev,calibration_only_holdout,translated_title,translated_headline/title,BanglaBait,banglabait_test,locked_source_test,translated_title,translated_headline/title,protected_secondary_same_field,41,41,0.0,41.0,43.0,41,43,0.0,0.0,41,43,0,"[{""left_label"":""0"",""right_label"":""0"",""shared_normalized_hashes"":21},{""left_label"":""1"",""right_label"":""1"",""shared_normalized_hashes"":20}]","{""<NONE>"":41}","{""<NONE>"":43}",False
BanglaBait,banglabait_dev,calibration_only_holdout,translated_title,translated_headline/title,BanglaBait,banglabait_test,locked_source_test,translated_content,translated_article/body,protected_cross_field,0,0,0.0,0.0,0.0,0,0,0.0,0.0,0,0,0,[],{},{},False
BanglaBait,banglabait_test,locked_source_test,*selected_union,selected_text_union,BanglaBait,banglabait_unlabelled,auxiliary_unlabelled,*selected_union,selected_text_union,cross_artifact,162,193,,,,188,186,,,188,186,0,,,,False
BanglaBait,banglabait_test,locked_source_test,*selected_union,selected_text_union,BanglaClick,banglaclick,external_cross_platform_diagnostic,*selected_union,selected_text_union,cross_artifact,40,40,,,,40,41,,,40,41,31,,,,False
BanglaBait,banglabait_test,locked_source_test,*selected_union,selected_text_union,BanMANI,banmani,external_manipulation_boundary,*selected_union,selected_text_union,cross_artifact,0,0,,,,0,0,,,0,0,0,,,,False
BanglaBait,banglabait_test,locked_source_test,*selected_union,selected_text_union,BanFakeNews-2.0,banfakenews_main,external_fake_news_boundary,*selected_union,selected_text_union,cross_artifact,470,470,,,,236,596,,,236,596,94,,,,False
BanglaBait,banglabait_test,locked_source_test,*selected_union,selected_text_union,BanFakeNews-2.0,banfakenews_independent_test,external_fake_news_independent_test_boundary,*selected_union,selected_text_union,cross_artifact,0,0,,,,0,0,,,0,0,0,,,,False
BanglaBait,banglabait_test,locked_source_test,*selected_union,selected_text_union,BaitBuster-Bangla,baitbuster_parquet,external_youtube_multimodal_clickbait_diagnostic,*selected_union,selected_text_union,cross_artifact,0,0,,,,0,0,,,0,0,0,,,,False
BanglaBait,banglabait_train,model_development_pool,*selected_union,selected_text_union,BanglaBait,banglabait_unlabelled,auxiliary_unlabelled,*selected_union,selected_text_union,cross_artifact,522,608,,,,630,582,,,630,582,0,,,,False
BanglaBait,banglabait_train,model_development_pool,*selected_union,selected_text_union,BanglaClick,banglaclick,external_cross_platform_diagnostic,*selected_union,selected_text_union,source_train_vs_external,1050,1053,,,,1128,1070,,,1128,1070,770,,,,False
BanglaBait,banglabait_train,model_development_pool,*selected_union,selected_text_union,BanMANI,banmani,external_manipulation_boundary,*selected_union,selected_text_union,source_train_vs_external,0,0,,,,0,0,,,0,0,0,,,,False
BanglaBait,banglabait_train,model_development_pool,*selected_union,selected_text_union,BanFakeNews-2.0,banfakenews_main,external_fake_news_boundary,*selected_union,selected_text_union,source_train_vs_external,1719,1719,,,,864,2098,,,864,2098,402,,,,False
BanglaBait,banglabait_train,model_development_pool,*selected_union,selected_text_union,BanFakeNews-2.0,banfakenews_independent_test,external_fake_news_independent_test_boundary,*selected_union,selected_text_union,source_train_vs_external,0,0,,,,0,0,,,0,0,0,,,,False
BanglaBait,banglabait_train,model_development_pool,*selected_union,selected_text_union,BaitBuster-Bangla,baitbuster_parquet,external_youtube_multimodal_clickbait_diagnostic,*selected_union,selected_text_union,source_train_vs_external,3,3,,,,3,3,,,3,3,3,,,,False
BanglaBait,banglabait_train,model_development_pool,content,article/body,BanglaBait,banglabait_dev,calibration_only_holdout,title,headline/title,protected_cross_field,0,0,0.0,0.0,0.0,0,0,0.0,0.0,0,0,0,[],{},{},False
BanglaBait,banglabait_train,model_development_pool,content,article/body,BanglaBait,banglabait_dev,calibration_only_holdout,content,article/body,protected_secondary_same_field,6,31,25.0,6.0,6.0,33,31,27.0,25.0,33,31,3,"[{""left_label"":""0"",""right_label"":""0"",""shared_normalized_hashes"":17},{""left_label"":""0"",""right_label"":""1"",""shared_normalized_hashes"":1},{""left_label"":""1"",""right_label"":""0"",""shared_normalized_hashes"":2},{""left_label"":""1"",""right_label"":""1"",""shared_normalized_hashes"":11}]","{""<NONE>"":33}","{""<NONE>"":31}",False
BanglaBait,banglabait_train,model_development_pool,content,article/body,BanglaBait,banglabait_dev,calibration_only_holdout,translated_title,translated_headline/title,protected_cross_field,0,0,0.0,0.0,0.0,0,0,0.0,0.0,0,0,0,[],{},{},False
BanglaBait,banglabait_train,model_development_pool,content,article/body,BanglaBait,banglabait_dev,calibration_only_holdout,translated_content,translated_article/body,protected_cross_field,0,0,0.0,0.0,0.0,0,0,0.0,0.0,0,0,0,[],{},{},False
BanglaBait,banglabait_train,model_development_pool,content,article/body,BanglaBait,banglabait_test,locked_source_test,title,headline/title,protected_cross_field,0,0,0.0,0.0,0.0,0,0,0.0,0.0,0,0,0,[],{},{},False
BanglaBait,banglabait_train,model_development_pool,content,article/body,BanglaBait,banglabait_test,locked_source_test,content,article/body,protected_secondary_same_field,25,101,76.0,25.0,25.0,108,102,83.0,77.0,108,102,7,"[{""left_label"":""0"",""right_label"":""0"",""shared_normalized_hashes"":49},{""left_label"":""0"",""right_label"":""1"",""shared_normalized_hashes"":3},{""left_label"":""1"",""right_label"":""0"",""shared_normalized_hashes"":4},{""left_label"":""1"",""right_label"":""1"",""shared_normalized_hashes"":46}]","{""<NONE>"":108}","{""<NONE>"":102}",False
BanglaBait,banglabait_train,model_development_pool,content,article/body,BanglaBait,banglabait_test,locked_source_test,translated_title,translated_headline/title,protected_cross_field,0,0,0.0,0.0,0.0,0,0,0.0,0.0,0,0,0,[],{},{},False
BanglaBait,banglabait_train,model_development_pool,content,article/body,BanglaBait,banglabait_test,locked_source_test,translated_content,translated_article/body,protected_cross_field,0,0,0.0,0.0,0.0,0,0,0.0,0.0,0,0,0,[],{},{},False
BanglaBait,banglabait_train,model_development_pool,title,headline/title,BanglaBait,banglabait_dev,calibration_only_holdout,title,headline/title,protected_primary_to_primary,75,75,0.0,91.0,76.0,91,76,0.0,0.0,91,76,0,"[{""left_label"":""0"",""right_label"":""0"",""shared_normalized_hashes"":34},{""left_label"":""1"",""right_label"":""1"",""shared_normalized_hashes"":41}]","{""VALID"":91}","{""VALID"":76}",True
BanglaBait,banglabait_train,model_development_pool,title,headline/title,BanglaBait,banglabait_dev,calibration_only_holdout,content,article/body,protected_cross_field,0,0,0.0,0.0,0.0,0,0,0.0,0.0,0,0,0,[],{},{},False
BanglaBait,banglabait_train,model_development_pool,title,headline/title,BanglaBait,banglabait_dev,calibration_only_holdout,translated_title,translated_headline/title,protected_cross_field,0,0,0.0,0.0,0.0,0,0,0.0,0.0,0,0,0,[],{},{},False
BanglaBait,banglabait_train,model_development_pool,title,headline/title,BanglaBait,banglabait_dev,calibration_only_holdout,translated_content,translated_article/body,protected_cross_field,0,0,0.0,0.0,0.0,0,0,0.0,0.0,0,0,0,[],{},{},False
BanglaBait,banglabait_train,model_development_pool,title,headline/title,BanglaBait,banglabait_test,locked_source_test,title,headline/title,protected_primary_to_primary,192,193,1.0,210.0,198.0,211,199,1.0,1.0,211,199,0,"[{""left_label"":""0"",""right_label"":""0"",""shared_normalized_hashes"":104},{""left_label"":""1"",""right_label"":""1"",""shared_normalized_hashes"":89}]","{""VALID"":211}","{""VALID"":199}",True
BanglaBait,banglabait_train,model_development_pool,title,headline/title,BanglaBait,banglabait_test,locked_source_test,content,article/body,protected_cross_field,0,0,0.0,0.0,0.0,0,0,0.0,0.0,0,0,0,[],{},{},False
BanglaBait,banglabait_train,model_development_pool,title,headline/title,BanglaBait,banglabait_test,locked_source_test,translated_title,translated_headline/title,protected_cross_field,0,0,0.0,0.0,0.0,0,0,0.0,0.0,0,0,0,[],{},{},False
BanglaBait,banglabait_train,model_development_pool,title,headline/title,BanglaBait,banglabait_test,locked_source_test,translated_content,translated_article/body,protected_cross_field,0,0,0.0,0.0,0.0,0,0,0.0,0.0,0,0,0,[],{},{},False
BanglaBait,banglabait_train,model_development_pool,translated_content,translated_article/body,BanglaBait,banglabait_dev,calibration_only_holdout,title,headline/title,protected_cross_field,0,0,0.0,0.0,0.0,0,0,0.0,0.0,0,0,0,[],{},{},False
BanglaBait,banglabait_train,model_development_pool,translated_content,translated_article/body,BanglaBait,banglabait_dev,calibration_only_holdout,content,article/body,protected_cross_field,0,0,0.0,0.0,0.0,0,0,0.0,0.0,0,0,0,[],{},{},False
BanglaBait,banglabait_train,model_development_pool,translated_content,translated_article/body,BanglaBait,banglabait_dev,calibration_only_holdout,translated_title,translated_headline/title,protected_cross_field,0,0,0.0,0.0,0.0,0,0,0.0,0.0,0,0,0,[],{},{},False
BanglaBait,banglabait_train,model_development_pool,translated_content,translated_article/body,BanglaBait,banglabait_dev,calibration_only_holdout,translated_content,translated_article/body,protected_secondary_same_field,41,41,0.0,44.0,41.0,44,41,0.0,0.0,44,41,3,"[{""left_label"":""0"",""right_label"":""0"",""shared_normalized_hashes"":21},{""left_label"":""0"",""right_label"":""1"",""shared_normalized_hashes"":1},{""left_label"":""1"",""right_label"":""0"",""shared_normalized_hashes"":2},{""left_label"":""1"",""right_label"":""1"",""shared_normalized_hashes"":17}]","{""<NONE>"":44}","{""<NONE>"":41}",False
BanglaBait,banglabait_train,model_development_pool,translated_content,translated_article/body,BanglaBait,banglabait_test,locked_source_test,title,headline/title,protected_cross_field,0,0,0.0,0.0,0.0,0,0,0.0,0.0,0,0,0,[],{},{},False
BanglaBait,banglabait_train,model_development_pool,translated_content,translated_article/body,BanglaBait,banglabait_test,locked_source_test,content,article/body,protected_cross_field,0,0,0.0,0.0,0.0,0,0,0.0,0.0,0,0,0,[],{},{},False
BanglaBait,banglabait_train,model_development_pool,translated_content,translated_article/body,BanglaBait,banglabait_test,locked_source_test,translated_title,translated_headline/title,protected_cross_field,0,0,0.0,0.0,0.0,0,0,0.0,0.0,0,0,0,[],{},{},False
BanglaBait,banglabait_train,model_development_pool,translated_content,translated_article/body,BanglaBait,banglabait_test,locked_source_test,translated_content,translated_article/body,protected_secondary_same_field,105,105,0.0,117.0,107.0,117,107,0.0,0.0,117,107,13,"[{""left_label"":""0"",""right_label"":""0"",""shared_normalized_hashes"":47},{""left_label"":""0"",""right_label"":""1"",""shared_normalized_hashes"":7},{""left_label"":""1"",""right_label"":""0"",""shared_normalized_hashes"":6},{""left_label"":""1"",""right_label"":""1"",""shared_normalized_hashes"":47}]","{""<NONE>"":117}","{""<NONE>"":107}",False
BanglaBait,banglabait_train,model_development_pool,translated_title,translated_headline/title,BanglaBait,banglabait_dev,calibration_only_holdout,title,headline/title,protected_cross_field,0,0,0.0,0.0,0.0,0,0,0.0,0.0,0,0,0,[],{},{},False
BanglaBait,banglabait_train,model_development_pool,translated_title,translated_headline/title,BanglaBait,banglabait_dev,calibration_only_holdout,content,article/body,protected_cross_field,0,0,0.0,0.0,0.0,0,0,0.0,0.0,0,0,0,[],{},{},False
BanglaBait,banglabait_train,model_development_pool,translated_title,translated_headline/title,BanglaBait,banglabait_dev,calibration_only_holdout,translated_title,translated_headline/title,protected_secondary_same_field,93,93,0.0,118.0,95.0,118,95,0.0,0.0,118,95,0,"[{""left_label"":""0"",""right_label"":""0"",""shared_normalized_hashes"":44},{""left_label"":""1"",""right_label"":""1"",""shared_normalized_hashes"":49}]","{""<NONE>"":118}","{""<NONE>"":95}",False
BanglaBait,banglabait_train,model_development_pool,translated_title,translated_headline/title,BanglaBait,banglabait_dev,calibration_only_holdout,translated_content,translated_article/body,protected_cross_field,0,0,0.0,0.0,0.0,0,0,0.0,0.0,0,0,0,[],{},{},False
BanglaBait,banglabait_train,model_development_pool,translated_title,translated_headline/title,BanglaBait,banglabait_test,locked_source_test,title,headline/title,protected_cross_field,0,0,0.0,0.0,0.0,0,0,0.0,0.0,0,0,0,[],{},{},False
BanglaBait,banglabait_train,model_development_pool,translated_title,translated_headline/title,BanglaBait,banglabait_test,locked_source_test,content,article/body,protected_cross_field,0,0,0.0,0.0,0.0,0,0,0.0,0.0,0,0,0,[],{},{},False
BanglaBait,banglabait_train,model_development_pool,translated_title,translated_headline/title,BanglaBait,banglabait_test,locked_source_test,translated_title,translated_headline/title,protected_secondary_same_field,225,226,1.0,252.0,235.0,253,236,1.0,1.0,253,236,0,"[{""left_label"":""0"",""right_label"":""0"",""shared_normalized_hashes"":120},{""left_label"":""1"",""right_label"":""1"",""shared_normalized_hashes"":106}]","{""<NONE>"":253}","{""<NONE>"":236}",False
BanglaBait,banglabait_train,model_development_pool,translated_title,translated_headline/title,BanglaBait,banglabait_test,locked_source_test,translated_content,translated_article/body,protected_cross_field,0,0,0.0,0.0,0.0,0,0,0.0,0.0,0,0,0,[],{},{},False
BanglaBait,banglabait_unlabelled,auxiliary_unlabelled,*selected_union,selected_text_union,BanglaClick,banglaclick,external_cross_platform_diagnostic,*selected_union,selected_text_union,cross_artifact,65,65,,,,65,68,,,65,68,0,,,,False
BanglaBait,banglabait_unlabelled,auxiliary_unlabelled,*selected_union,selected_text_union,BanMANI,banmani,external_manipulation_boundary,*selected_union,selected_text_union,cross_artifact,0,0,,,,0,0,,,0,0,0,,,,False
BanglaBait,banglabait_unlabelled,auxiliary_unlabelled,*selected_union,selected_text_union,BanFakeNews-2.0,banfakenews_main,external_fake_news_boundary,*selected_union,selected_text_union,cross_artifact,32,40,,,,40,121,,,40,121,0,,,,False
BanglaBait,banglabait_unlabelled,auxiliary_unlabelled,*selected_union,selected_text_union,BanFakeNews-2.0,banfakenews_independent_test,external_fake_news_independent_test_boundary,*selected_union,selected_text_union,cross_artifact,0,0,,,,0,0,,,0,0,0,,,,False
BanglaBait,banglabait_unlabelled,auxiliary_unlabelled,*selected_union,selected_text_union,BaitBuster-Bangla,baitbuster_parquet,external_youtube_multimodal_clickbait_diagnostic,*selected_union,selected_text_union,cross_artifact,21,22,,,,22,22,,,22,22,0,,,,False
BanglaClick,banglaclick,external_cross_platform_diagnostic,*selected_union,selected_text_union,BanMANI,banmani,external_manipulation_boundary,*selected_union,selected_text_union,cross_artifact,21,21,,,,21,21,,,21,21,0,,,,False
BanglaClick,banglaclick,external_cross_platform_diagnostic,*selected_union,selected_text_union,BanFakeNews-2.0,banfakenews_main,external_fake_news_boundary,*selected_union,selected_text_union,cross_artifact,576,577,,,,596,1167,,,596,1167,478,,,,False
BanglaClick,banglaclick,external_cross_platform_diagnostic,*selected_union,selected_text_union,BanFakeNews-2.0,banfakenews_independent_test,external_fake_news_independent_test_boundary,*selected_union,selected_text_union,cross_artifact,0,0,,,,0,0,,,0,0,0,,,,False
BanglaClick,banglaclick,external_cross_platform_diagnostic,*selected_union,selected_text_union,BaitBuster-Bangla,baitbuster_parquet,external_youtube_multimodal_clickbait_diagnostic,*selected_union,selected_text_union,cross_artifact,943,999,,,,999,1000,,,999,1000,999,,,,False
