dataset,artifact_id,relative_path,role,row_count,column_name,dtype_observed,non_null_count,missing_count,missing_pct,primary_text,selected_text,primary_label,label_like,inspection_scope
BaitBuster-Bangla,baitbuster_parquet,BaitBuster-Bangla/Mendeley_V3_public_author_serializations/BaitBuster-Bangla_253070_18c_HL10k_AIL.parquet,external_youtube_multimodal_clickbait_diagnostic,253070,ai_labeled,object,253070.0,0.0,0.0,False,False,True,True,full
BaitBuster-Bangla,baitbuster_parquet,BaitBuster-Bangla/Mendeley_V3_public_author_serializations/BaitBuster-Bangla_253070_18c_HL10k_AIL.parquet,external_youtube_multimodal_clickbait_diagnostic,253070,auto_labeled,object,253070.0,0.0,0.0,False,False,False,True,full
BaitBuster-Bangla,baitbuster_parquet,BaitBuster-Bangla/Mendeley_V3_public_author_serializations/BaitBuster-Bangla_253070_18c_HL10k_AIL.parquet,external_youtube_multimodal_clickbait_diagnostic,253070,channel_id,object,253070.0,0.0,0.0,False,False,False,False,full
BaitBuster-Bangla,baitbuster_parquet,BaitBuster-Bangla/Mendeley_V3_public_author_serializations/BaitBuster-Bangla_253070_18c_HL10k_AIL.parquet,external_youtube_multimodal_clickbait_diagnostic,253070,channel_name,object,253070.0,0.0,0.0,False,False,False,False,full
BaitBuster-Bangla,baitbuster_parquet,BaitBuster-Bangla/Mendeley_V3_public_author_serializations/BaitBuster-Bangla_253070_18c_HL10k_AIL.parquet,external_youtube_multimodal_clickbait_diagnostic,253070,channel_url,object,253070.0,0.0,0.0,False,False,False,False,full
BaitBuster-Bangla,baitbuster_parquet,BaitBuster-Bangla/Mendeley_V3_public_author_serializations/BaitBuster-Bangla_253070_18c_HL10k_AIL.parquet,external_youtube_multimodal_clickbait_diagnostic,253070,commentCount,int64,253070.0,0.0,0.0,False,False,False,False,full
BaitBuster-Bangla,baitbuster_parquet,BaitBuster-Bangla/Mendeley_V3_public_author_serializations/BaitBuster-Bangla_253070_18c_HL10k_AIL.parquet,external_youtube_multimodal_clickbait_diagnostic,253070,description,object,253070.0,0.0,0.0,True,True,False,False,full
BaitBuster-Bangla,baitbuster_parquet,BaitBuster-Bangla/Mendeley_V3_public_author_serializations/BaitBuster-Bangla_253070_18c_HL10k_AIL.parquet,external_youtube_multimodal_clickbait_diagnostic,253070,description_debiased,object,253070.0,0.0,0.0,False,True,False,False,full
BaitBuster-Bangla,baitbuster_parquet,BaitBuster-Bangla/Mendeley_V3_public_author_serializations/BaitBuster-Bangla_253070_18c_HL10k_AIL.parquet,external_youtube_multimodal_clickbait_diagnostic,253070,dislikeCount,int64,253070.0,0.0,0.0,False,False,False,False,full
BaitBuster-Bangla,baitbuster_parquet,BaitBuster-Bangla/Mendeley_V3_public_author_serializations/BaitBuster-Bangla_253070_18c_HL10k_AIL.parquet,external_youtube_multimodal_clickbait_diagnostic,253070,human_labeled,object,10000.0,243070.0,0.9604852412376023,False,False,False,True,full
BaitBuster-Bangla,baitbuster_parquet,BaitBuster-Bangla/Mendeley_V3_public_author_serializations/BaitBuster-Bangla_253070_18c_HL10k_AIL.parquet,external_youtube_multimodal_clickbait_diagnostic,253070,likeCount,int64,253070.0,0.0,0.0,False,False,False,False,full
BaitBuster-Bangla,baitbuster_parquet,BaitBuster-Bangla/Mendeley_V3_public_author_serializations/BaitBuster-Bangla_253070_18c_HL10k_AIL.parquet,external_youtube_multimodal_clickbait_diagnostic,253070,publishedAt,object,253070.0,0.0,0.0,False,False,False,False,full
BaitBuster-Bangla,baitbuster_parquet,BaitBuster-Bangla/Mendeley_V3_public_author_serializations/BaitBuster-Bangla_253070_18c_HL10k_AIL.parquet,external_youtube_multimodal_clickbait_diagnostic,253070,thumbnail,object,253070.0,0.0,0.0,False,False,False,False,full
BaitBuster-Bangla,baitbuster_parquet,BaitBuster-Bangla/Mendeley_V3_public_author_serializations/BaitBuster-Bangla_253070_18c_HL10k_AIL.parquet,external_youtube_multimodal_clickbait_diagnostic,253070,title,object,253070.0,0.0,0.0,False,True,False,False,full
BaitBuster-Bangla,baitbuster_parquet,BaitBuster-Bangla/Mendeley_V3_public_author_serializations/BaitBuster-Bangla_253070_18c_HL10k_AIL.parquet,external_youtube_multimodal_clickbait_diagnostic,253070,title_debiased,object,253070.0,0.0,0.0,False,False,False,False,full
BaitBuster-Bangla,baitbuster_parquet,BaitBuster-Bangla/Mendeley_V3_public_author_serializations/BaitBuster-Bangla_253070_18c_HL10k_AIL.parquet,external_youtube_multimodal_clickbait_diagnostic,253070,url,object,253070.0,0.0,0.0,False,False,False,False,full
BaitBuster-Bangla,baitbuster_parquet,BaitBuster-Bangla/Mendeley_V3_public_author_serializations/BaitBuster-Bangla_253070_18c_HL10k_AIL.parquet,external_youtube_multimodal_clickbait_diagnostic,253070,video_id,object,253070.0,0.0,0.0,False,False,False,False,full
BaitBuster-Bangla,baitbuster_parquet,BaitBuster-Bangla/Mendeley_V3_public_author_serializations/BaitBuster-Bangla_253070_18c_HL10k_AIL.parquet,external_youtube_multimodal_clickbait_diagnostic,253070,viewCount,int64,253070.0,0.0,0.0,False,False,False,False,full
BaitBuster-Bangla,baitbuster_xlsx_reference,BaitBuster-Bangla/Mendeley_V3_public_author_serializations/BaitBuster-Bangla_253070_18c_HL10k_AIL.xlsx,secondary_provenance_reference,253070,channel_id,reference_xlsx_not_full_scanned,,,,False,,False,,secondary_reference_schema_header_only
BaitBuster-Bangla,baitbuster_xlsx_reference,BaitBuster-Bangla/Mendeley_V3_public_author_serializations/BaitBuster-Bangla_253070_18c_HL10k_AIL.xlsx,secondary_provenance_reference,253070,channel_name,reference_xlsx_not_full_scanned,,,,False,,False,,secondary_reference_schema_header_only
BaitBuster-Bangla,baitbuster_xlsx_reference,BaitBuster-Bangla/Mendeley_V3_public_author_serializations/BaitBuster-Bangla_253070_18c_HL10k_AIL.xlsx,secondary_provenance_reference,253070,channel_url,reference_xlsx_not_full_scanned,,,,False,,False,,secondary_reference_schema_header_only
BaitBuster-Bangla,baitbuster_xlsx_reference,BaitBuster-Bangla/Mendeley_V3_public_author_serializations/BaitBuster-Bangla_253070_18c_HL10k_AIL.xlsx,secondary_provenance_reference,253070,video_id,reference_xlsx_not_full_scanned,,,,False,,False,,secondary_reference_schema_header_only
BaitBuster-Bangla,baitbuster_xlsx_reference,BaitBuster-Bangla/Mendeley_V3_public_author_serializations/BaitBuster-Bangla_253070_18c_HL10k_AIL.xlsx,secondary_provenance_reference,253070,publishedAt,reference_xlsx_not_full_scanned,,,,False,,False,,secondary_reference_schema_header_only
BaitBuster-Bangla,baitbuster_xlsx_reference,BaitBuster-Bangla/Mendeley_V3_public_author_serializations/BaitBuster-Bangla_253070_18c_HL10k_AIL.xlsx,secondary_provenance_reference,253070,title,reference_xlsx_not_full_scanned,,,,False,,False,,secondary_reference_schema_header_only
BaitBuster-Bangla,baitbuster_xlsx_reference,BaitBuster-Bangla/Mendeley_V3_public_author_serializations/BaitBuster-Bangla_253070_18c_HL10k_AIL.xlsx,secondary_provenance_reference,253070,title_debiased,reference_xlsx_not_full_scanned,,,,False,,False,,secondary_reference_schema_header_only
BaitBuster-Bangla,baitbuster_xlsx_reference,BaitBuster-Bangla/Mendeley_V3_public_author_serializations/BaitBuster-Bangla_253070_18c_HL10k_AIL.xlsx,secondary_provenance_reference,253070,description,reference_xlsx_not_full_scanned,,,,False,,False,,secondary_reference_schema_header_only
BaitBuster-Bangla,baitbuster_xlsx_reference,BaitBuster-Bangla/Mendeley_V3_public_author_serializations/BaitBuster-Bangla_253070_18c_HL10k_AIL.xlsx,secondary_provenance_reference,253070,description_debiased,reference_xlsx_not_full_scanned,,,,False,,False,,secondary_reference_schema_header_only
BaitBuster-Bangla,baitbuster_xlsx_reference,BaitBuster-Bangla/Mendeley_V3_public_author_serializations/BaitBuster-Bangla_253070_18c_HL10k_AIL.xlsx,secondary_provenance_reference,253070,url,reference_xlsx_not_full_scanned,,,,False,,False,,secondary_reference_schema_header_only
BaitBuster-Bangla,baitbuster_xlsx_reference,BaitBuster-Bangla/Mendeley_V3_public_author_serializations/BaitBuster-Bangla_253070_18c_HL10k_AIL.xlsx,secondary_provenance_reference,253070,viewCount,reference_xlsx_not_full_scanned,,,,False,,False,,secondary_reference_schema_header_only
BaitBuster-Bangla,baitbuster_xlsx_reference,BaitBuster-Bangla/Mendeley_V3_public_author_serializations/BaitBuster-Bangla_253070_18c_HL10k_AIL.xlsx,secondary_provenance_reference,253070,commentCount,reference_xlsx_not_full_scanned,,,,False,,False,,secondary_reference_schema_header_only
BaitBuster-Bangla,baitbuster_xlsx_reference,BaitBuster-Bangla/Mendeley_V3_public_author_serializations/BaitBuster-Bangla_253070_18c_HL10k_AIL.xlsx,secondary_provenance_reference,253070,likeCount,reference_xlsx_not_full_scanned,,,,False,,False,,secondary_reference_schema_header_only
BaitBuster-Bangla,baitbuster_xlsx_reference,BaitBuster-Bangla/Mendeley_V3_public_author_serializations/BaitBuster-Bangla_253070_18c_HL10k_AIL.xlsx,secondary_provenance_reference,253070,dislikeCount,reference_xlsx_not_full_scanned,,,,False,,False,,secondary_reference_schema_header_only
BaitBuster-Bangla,baitbuster_xlsx_reference,BaitBuster-Bangla/Mendeley_V3_public_author_serializations/BaitBuster-Bangla_253070_18c_HL10k_AIL.xlsx,secondary_provenance_reference,253070,thumbnail,reference_xlsx_not_full_scanned,,,,False,,False,,secondary_reference_schema_header_only
BaitBuster-Bangla,baitbuster_xlsx_reference,BaitBuster-Bangla/Mendeley_V3_public_author_serializations/BaitBuster-Bangla_253070_18c_HL10k_AIL.xlsx,secondary_provenance_reference,253070,auto_labeled,reference_xlsx_not_full_scanned,,,,False,,False,,secondary_reference_schema_header_only
BaitBuster-Bangla,baitbuster_xlsx_reference,BaitBuster-Bangla/Mendeley_V3_public_author_serializations/BaitBuster-Bangla_253070_18c_HL10k_AIL.xlsx,secondary_provenance_reference,253070,human_labeled,reference_xlsx_not_full_scanned,,,,False,,False,,secondary_reference_schema_header_only
BaitBuster-Bangla,baitbuster_xlsx_reference,BaitBuster-Bangla/Mendeley_V3_public_author_serializations/BaitBuster-Bangla_253070_18c_HL10k_AIL.xlsx,secondary_provenance_reference,253070,ai_labeled,reference_xlsx_not_full_scanned,,,,False,,False,,secondary_reference_schema_header_only
BanFakeNews-2.0,banfakenews_independent_test,BanFakeNews-2.0/Independent_Test_Authors_GitHub/New_Test_Dataset.csv,external_fake_news_independent_test_boundary,1000,Content,object,996.0,4.0,0.004,True,True,False,False,full
BanFakeNews-2.0,banfakenews_independent_test,BanFakeNews-2.0/Independent_Test_Authors_GitHub/New_Test_Dataset.csv,external_fake_news_independent_test_boundary,1000,Headline,object,998.0,2.0,0.002,False,True,False,False,full
BanFakeNews-2.0,banfakenews_independent_test,BanFakeNews-2.0/Independent_Test_Authors_GitHub/New_Test_Dataset.csv,external_fake_news_independent_test_boundary,1000,Label,int64,1000.0,0.0,0.0,False,False,True,True,full
BanFakeNews-2.0,banfakenews_main,BanFakeNews-2.0/Mendeley_V1_byte_equivalent/All60Kdataset.csv,external_fake_news_boundary,61581,Content,object,61581.0,0.0,0.0,True,True,False,False,full
BanFakeNews-2.0,banfakenews_main,BanFakeNews-2.0/Mendeley_V1_byte_equivalent/All60Kdataset.csv,external_fake_news_boundary,61581,Headline,object,61581.0,0.0,0.0,False,True,False,False,full
BanFakeNews-2.0,banfakenews_main,BanFakeNews-2.0/Mendeley_V1_byte_equivalent/All60Kdataset.csv,external_fake_news_boundary,61581,Label,int64,61581.0,0.0,0.0,False,False,True,True,full
BanFakeNews-2.0,banfakenews_main,BanFakeNews-2.0/Mendeley_V1_byte_equivalent/All60Kdataset.csv,external_fake_news_boundary,61581,Unnamed: 0,int64,61581.0,0.0,0.0,False,False,False,False,full
BanMANI,banmani,BanMANI/repository_snapshot/BanMANI.csv,external_manipulation_boundary,800,altered_excerpt,object,529.0,271.0,0.33875,False,False,False,False,full
BanMANI,banmani,BanMANI/repository_snapshot/BanMANI.csv,external_manipulation_boundary,800,category,object,800.0,0.0,0.0,False,False,False,False,full
BanMANI,banmani,BanMANI/repository_snapshot/BanMANI.csv,external_manipulation_boundary,800,data_type,object,800.0,0.0,0.0,False,False,False,False,full
BanMANI,banmani,BanMANI/repository_snapshot/BanMANI.csv,external_manipulation_boundary,800,mani_news,object,799.0,1.0,0.00125,False,True,False,False,full
BanMANI,banmani,BanMANI/repository_snapshot/BanMANI.csv,external_manipulation_boundary,800,mani_status,object,800.0,0.0,0.0,False,False,False,False,full
BanMANI,banmani,BanMANI/repository_snapshot/BanMANI.csv,external_manipulation_boundary,800,original_excerpt,object,530.0,270.0,0.3375,False,False,False,False,full
BanMANI,banmani,BanMANI/repository_snapshot/BanMANI.csv,external_manipulation_boundary,800,original_news_article,object,800.0,0.0,0.0,True,True,False,False,full
BanglaBait,banglabait_dev,BanglaBait/repository_snapshot/dev.csv,calibration_only_holdout,1205,categories,object,1205.0,0.0,0.0,False,False,False,False,full
BanglaBait,banglabait_dev,BanglaBait/repository_snapshot/dev.csv,calibration_only_holdout,1205,content,object,1205.0,0.0,0.0,False,True,False,False,full
BanglaBait,banglabait_dev,BanglaBait/repository_snapshot/dev.csv,calibration_only_holdout,1205,date,object,1190.0,15.0,0.012448132780082987,False,False,False,False,full
BanglaBait,banglabait_dev,BanglaBait/repository_snapshot/dev.csv,calibration_only_holdout,1205,domain,object,1205.0,0.0,0.0,False,False,False,False,full
BanglaBait,banglabait_dev,BanglaBait/repository_snapshot/dev.csv,calibration_only_holdout,1205,label,int64,1205.0,0.0,0.0,False,False,True,True,full
BanglaBait,banglabait_dev,BanglaBait/repository_snapshot/dev.csv,calibration_only_holdout,1205,title,object,1205.0,0.0,0.0,True,True,False,False,full
BanglaBait,banglabait_dev,BanglaBait/repository_snapshot/dev.csv,calibration_only_holdout,1205,translated_content,object,1205.0,0.0,0.0,False,True,False,False,full
BanglaBait,banglabait_dev,BanglaBait/repository_snapshot/dev.csv,calibration_only_holdout,1205,translated_title,object,1205.0,0.0,0.0,False,True,False,False,full
BanglaBait,banglabait_test,BanglaBait/repository_snapshot/test.csv,locked_source_test,3012,categories,object,3012.0,0.0,0.0,False,False,False,False,full
BanglaBait,banglabait_test,BanglaBait/repository_snapshot/test.csv,locked_source_test,3012,content,object,3012.0,0.0,0.0,False,True,False,False,full
BanglaBait,banglabait_test,BanglaBait/repository_snapshot/test.csv,locked_source_test,3012,date,object,2990.0,22.0,0.0073041168658698535,False,False,False,False,full
BanglaBait,banglabait_test,BanglaBait/repository_snapshot/test.csv,locked_source_test,3012,domain,object,3012.0,0.0,0.0,False,False,False,False,full
BanglaBait,banglabait_test,BanglaBait/repository_snapshot/test.csv,locked_source_test,3012,label,int64,3012.0,0.0,0.0,False,False,True,True,full
BanglaBait,banglabait_test,BanglaBait/repository_snapshot/test.csv,locked_source_test,3012,title,object,3012.0,0.0,0.0,True,True,False,False,full
BanglaBait,banglabait_test,BanglaBait/repository_snapshot/test.csv,locked_source_test,3012,translated_content,object,3012.0,0.0,0.0,False,True,False,False,full
BanglaBait,banglabait_test,BanglaBait/repository_snapshot/test.csv,locked_source_test,3012,translated_title,object,3012.0,0.0,0.0,False,True,False,False,full
BanglaBait,banglabait_train,BanglaBait/repository_snapshot/train.csv,model_development_pool,10839,categories,object,10839.0,0.0,0.0,False,False,False,False,full
BanglaBait,banglabait_train,BanglaBait/repository_snapshot/train.csv,model_development_pool,10839,content,object,10839.0,0.0,0.0,False,True,False,False,full
BanglaBait,banglabait_train,BanglaBait/repository_snapshot/train.csv,model_development_pool,10839,date,object,10753.0,86.0,0.007934311283328721,False,False,False,False,full
BanglaBait,banglabait_train,BanglaBait/repository_snapshot/train.csv,model_development_pool,10839,domain,object,10839.0,0.0,0.0,False,False,False,False,full
BanglaBait,banglabait_train,BanglaBait/repository_snapshot/train.csv,model_development_pool,10839,label,int64,10839.0,0.0,0.0,False,False,True,True,full
BanglaBait,banglabait_train,BanglaBait/repository_snapshot/train.csv,model_development_pool,10839,title,object,10839.0,0.0,0.0,True,True,False,False,full
BanglaBait,banglabait_train,BanglaBait/repository_snapshot/train.csv,model_development_pool,10839,translated_content,object,10839.0,0.0,0.0,False,True,False,False,full
BanglaBait,banglabait_train,BanglaBait/repository_snapshot/train.csv,model_development_pool,10839,translated_title,object,10839.0,0.0,0.0,False,True,False,False,full
BanglaBait,banglabait_unlabelled,BanglaBait/repository_snapshot/unlabelled_data.csv,auxiliary_unlabelled,65400,category,object,65400.0,0.0,0.0,False,False,False,False,full
BanglaBait,banglabait_unlabelled,BanglaBait/repository_snapshot/unlabelled_data.csv,auxiliary_unlabelled,65400,content,object,65400.0,0.0,0.0,True,True,False,False,full
BanglaBait,banglabait_unlabelled,BanglaBait/repository_snapshot/unlabelled_data.csv,auxiliary_unlabelled,65400,date,object,65400.0,0.0,0.0,False,False,False,False,full
BanglaBait,banglabait_unlabelled,BanglaBait/repository_snapshot/unlabelled_data.csv,auxiliary_unlabelled,65400,domain,object,65400.0,0.0,0.0,False,False,False,False,full
BanglaBait,banglabait_unlabelled,BanglaBait/repository_snapshot/unlabelled_data.csv,auxiliary_unlabelled,65400,title,object,65400.0,0.0,0.0,False,True,False,False,full
BanglaClick,banglaclick,BanglaClick/repository_snapshot/Data/Final_4961_Dataset.xlsx,external_cross_platform_diagnostic,4961,CONTENT,float64,0.0,4961.0,1.0,False,False,False,False,full
BanglaClick,banglaclick,BanglaClick/repository_snapshot/Data/Final_4961_Dataset.xlsx,external_cross_platform_diagnostic,4961,CONTENT_URL,object,483.0,4478.0,0.9026405966539004,False,False,False,False,full
BanglaClick,banglaclick,BanglaClick/repository_snapshot/Data/Final_4961_Dataset.xlsx,external_cross_platform_diagnostic,4961,FAST_FAIL_COUNT,object,4961.0,0.0,0.0,False,False,False,False,full
BanglaClick,banglaclick,BanglaClick/repository_snapshot/Data/Final_4961_Dataset.xlsx,external_cross_platform_diagnostic,4961,FAST_LEVEL,float64,4960.0,1.0,0.00020157226365652087,False,False,False,False,full
BanglaClick,banglaclick,BanglaClick/repository_snapshot/Data/Final_4961_Dataset.xlsx,external_cross_platform_diagnostic,4961,FINAL_CLICKBAIT_LEVEL,int64,4961.0,0.0,0.0,False,False,True,True,full
BanglaClick,banglaclick,BanglaClick/repository_snapshot/Data/Final_4961_Dataset.xlsx,external_cross_platform_diagnostic,4961,MEDIA_LINK,object,1188.0,3773.0,0.7605321507760532,False,False,False,False,full
BanglaClick,banglaclick,BanglaClick/repository_snapshot/Data/Final_4961_Dataset.xlsx,external_cross_platform_diagnostic,4961,MEDIA_TYPE,object,1808.0,3153.0,0.6355573473090103,False,False,False,False,full
BanglaClick,banglaclick,BanglaClick/repository_snapshot/Data/Final_4961_Dataset.xlsx,external_cross_platform_diagnostic,4961,POST_URL,object,2461.0,2500.0,0.5039306591413022,False,False,False,False,full
BanglaClick,banglaclick,BanglaClick/repository_snapshot/Data/Final_4961_Dataset.xlsx,external_cross_platform_diagnostic,4961,SOURCE,object,4961.0,0.0,0.0,False,False,False,False,full
BanglaClick,banglaclick,BanglaClick/repository_snapshot/Data/Final_4961_Dataset.xlsx,external_cross_platform_diagnostic,4961,SOURCE_URL,object,4961.0,0.0,0.0,False,False,False,False,full
BanglaClick,banglaclick,BanglaClick/repository_snapshot/Data/Final_4961_Dataset.xlsx,external_cross_platform_diagnostic,4961,STRONG_TRIGGER_COUNT,float64,4958.0,3.0,0.0006047167909695626,False,False,False,False,full
BanglaClick,banglaclick,BanglaClick/repository_snapshot/Data/Final_4961_Dataset.xlsx,external_cross_platform_diagnostic,4961,TEXT,object,4961.0,0.0,0.0,True,True,False,False,full
BanglaClick,banglaclick,BanglaClick/repository_snapshot/Data/Final_4961_Dataset.xlsx,external_cross_platform_diagnostic,4961,TRIGGER_LEVEL,float64,4960.0,1.0,0.00020157226365652087,False,False,False,False,full
BanglaClick,banglaclick,BanglaClick/repository_snapshot/Data/Final_4961_Dataset.xlsx,external_cross_platform_diagnostic,4961,WEAK_TRIGGER_COUNT,float64,4959.0,2.0,0.00040314452731304173,False,False,False,False,full
